Processing all 223 test cases from input file
Using DeepSeek API with model: deepseek-chat

================================================================================
PROCESSING TEST CASE 1/223
================================================================================
Entry Point: org.apache.flink.api.common.io.compression.ZStandardInputStreamFactory.create(java.io.InputStream)
Third Party Method: org.apache.commons.compress.compressors.zstandard.ZstdCompressorInputStream.<init>(java.io.InputStream)
================================================================================

[DEBUG-STREAM] Processing node: generate, has iteration_log: True, approved=False
[Generate] produced 668 chars
/part/01/Tmp/gamageyo/fika/experiments/flink/flink-core
[DEBUG-STREAM] Processing node: write, has iteration_log: True, approved=False
[Write] wrote to /part/01/Tmp/gamageyo/fika/experiments/flink/flink-core/src/test/java/org/apache/flink/api/common/io/compression/ZStandardInputStreamFactorycreate_ZstdCompressorInputStreammethodFikaTest.java
[DEBUG-STREAM] Processing node: validate_constraints, has iteration_log: True, approved=False
[Validate] PASSED - hard constraints satisfied
[DEBUG-STREAM] Processing node: run, has iteration_log: True, approved=False
[Run] feedback_chars=12195
[DEBUG-STREAM] Processing node: check_coverage, has iteration_log: True, approved=False
[Coverage] target 'org.apache.commons.compress.compressors.zstandard.ZstdCompressorInputStream.<init>(java.io.InputStream)' covered=True
[DEBUG-STREAM] Processing node: decide, has iteration_log: True, approved=True
[Decide] approved=True (tests passed AND target method covered)
[DEBUG-STREAM] Processing node: finalize, has iteration_log: True, approved=True
[Finalize] SUCCESS: Test passed and target method covered

[DEBUG] Stream completed. final_state is set
[DEBUG] final_state keys: ['repo_root', 'mvn_cmd', 'max_iterations', 'run_only_generated_test', 'entryPoint', 'thirdPartyMethod', 'directCaller', 'path', 'methodSources', 'constructors', 'setters', 'fieldDeclarations', 'imports', 'testTemplate', 'conditionCount', 'callCount', 'covered', 'test_package', 'test_class_name', 'iteration', 'java_source', 'last_run_output', 'last_exit_code', 'success', 'approved', 'test_rel_path', 'trace', 'target_method_covered', 'coverage_total_lines', 'coverage_error', 'path_coverage_details', 'iteration_log', 'last_prompt']
[DEBUG] approved (after bool()) = True
✓ Test approved at iteration 1
  JSON path: /part/01/Tmp/gamageyo/fika/experiments/flink/flink-core/third_party_apis_full_methods.json
  Looking for thirdPartyMethod: org.apache.commons.compress.compressors.zstandard.ZstdCompressorInputStream.<init>(java.io.InputStream)
  Looking for directCaller: org.apache.flink.api.common.io.compression.ZStandardInputStreamFactory.create(java.io.InputStream)
[DEBUG]   ✓ MATCH FOUND at path 0
✓ Updated 1 record(s) in JSON file as covered
  Third Party Method: org.apache.commons.compress.compressors.zstandard.ZstdCompressorInputStream.<init>(java.io.InputStream)
  Direct Caller: org.apache.flink.api.common.io.compression.ZStandardInputStreamFactory.create(java.io.InputStream)

================================================================================
PROCESSING TEST CASE 2/223
================================================================================
Entry Point: org.apache.flink.api.java.typeutils.runtime.KryoUtils.copy(java.lang.Object, java.lang.Object, com.esotericsoftware.kryo.Kryo, org.apache.flink.api.common.typeutils.TypeSerializer)
Third Party Method: com.esotericsoftware.kryo.Kryo.copy(java.lang.Object)
================================================================================

[DEBUG-STREAM] Processing node: generate, has iteration_log: True, approved=False
[Generate] produced 2223 chars
/part/01/Tmp/gamageyo/fika/experiments/flink/flink-core
[DEBUG-STREAM] Processing node: write, has iteration_log: True, approved=False
[Write] wrote to /part/01/Tmp/gamageyo/fika/experiments/flink/flink-core/src/test/java/org/apache/flink/api/java/typeutils/runtime/KryoUtilscopy_KryocopyFikaTest.java
[DEBUG-STREAM] Processing node: validate_constraints, has iteration_log: True, approved=False
[Validate] FAILED - hard constraints violated
[DEBUG-STREAM] Processing node: decide, has iteration_log: True, approved=False
[Decide] approved=False (hard constraint violation, will retry if iteration<5)
[DEBUG-STREAM] Processing node: generate, has iteration_log: True, approved=False
[Generate] produced 2133 chars
/part/01/Tmp/gamageyo/fika/experiments/flink/flink-core
[DEBUG-STREAM] Processing node: write, has iteration_log: True, approved=False
[Write] wrote to /part/01/Tmp/gamageyo/fika/experiments/flink/flink-core/src/test/java/org/apache/flink/api/java/typeutils/runtime/KryoUtilscopy_KryocopyFikaTest.java
[DEBUG-STREAM] Processing node: validate_constraints, has iteration_log: True, approved=False
[Validate] FAILED - hard constraints violated
[DEBUG-STREAM] Processing node: decide, has iteration_log: True, approved=False
[Decide] approved=False (hard constraint violation, will retry if iteration<5)
[DEBUG-STREAM] Processing node: generate, has iteration_log: True, approved=False
[Generate] produced 1611 chars
/part/01/Tmp/gamageyo/fika/experiments/flink/flink-core
[DEBUG-STREAM] Processing node: write, has iteration_log: True, approved=False
[Write] wrote to /part/01/Tmp/gamageyo/fika/experiments/flink/flink-core/src/test/java/org/apache/flink/api/java/typeutils/runtime/KryoUtilscopy_KryocopyFikaTest.java
[DEBUG-STREAM] Processing node: validate_constraints, has iteration_log: True, approved=False
[Validate] FAILED - hard constraints violated
[DEBUG-STREAM] Processing node: decide, has iteration_log: True, approved=False
[Decide] approved=False (hard constraint violation, will retry if iteration<5)
[DEBUG-STREAM] Processing node: generate, has iteration_log: True, approved=False
[Generate] produced 2215 chars
/part/01/Tmp/gamageyo/fika/experiments/flink/flink-core
[DEBUG-STREAM] Processing node: write, has iteration_log: True, approved=False
[Write] wrote to /part/01/Tmp/gamageyo/fika/experiments/flink/flink-core/src/test/java/org/apache/flink/api/java/typeutils/runtime/KryoUtilscopy_KryocopyFikaTest.java
[DEBUG-STREAM] Processing node: validate_constraints, has iteration_log: True, approved=False
[Validate] FAILED - hard constraints violated
[DEBUG-STREAM] Processing node: decide, has iteration_log: True, approved=False
[Decide] approved=False (hard constraint violation, will retry if iteration<5)
[DEBUG-STREAM] Processing node: generate, has iteration_log: True, approved=False
[Generate] produced 1880 chars
/part/01/Tmp/gamageyo/fika/experiments/flink/flink-core
[DEBUG-STREAM] Processing node: write, has iteration_log: True, approved=False
[Write] wrote to /part/01/Tmp/gamageyo/fika/experiments/flink/flink-core/src/test/java/org/apache/flink/api/java/typeutils/runtime/KryoUtilscopy_KryocopyFikaTest.java
[DEBUG-STREAM] Processing node: validate_constraints, has iteration_log: True, approved=False
[Validate] FAILED - hard constraints violated
[DEBUG-STREAM] Processing node: decide, has iteration_log: True, approved=False
[Decide] approved=False (hard constraint violation, will retry if iteration<5)
[DEBUG-STREAM] Processing node: finalize, has iteration_log: True, approved=False
[Finalize] Cleaned up unsuccessful test file: /part/01/Tmp/gamageyo/fika/experiments/flink/flink-core/src/test/java/org/apache/flink/api/java/typeutils/runtime/KryoUtilscopy_KryocopyFikaTest.java

[DEBUG] Stream completed. final_state is set
[DEBUG] final_state keys: ['repo_root', 'mvn_cmd', 'max_iterations', 'run_only_generated_test', 'entryPoint', 'thirdPartyMethod', 'directCaller', 'path', 'methodSources', 'constructors', 'setters', 'fieldDeclarations', 'imports', 'testTemplate', 'conditionCount', 'callCount', 'covered', 'test_package', 'test_class_name', 'iteration', 'java_source', 'last_run_output', 'last_exit_code', 'success', 'approved', 'test_rel_path', 'trace', 'target_method_covered', 'coverage_total_lines', 'coverage_error', 'path_coverage_details', 'iteration_log', 'last_prompt']
[DEBUG] approved (after bool()) = False

=== FAILURE REASON ===
Tests failed to compile or run successfully


================================================================================
PROCESSING TEST CASE 3/223
================================================================================
Entry Point: org.apache.flink.api.common.operators.Keys.ExpressionKeys.toString()
Third Party Method: org.apache.commons.lang3.StringUtils.join(java.lang.Iterable, char)
================================================================================

[DEBUG-STREAM] Processing node: generate, has iteration_log: True, approved=False
[Generate] produced 2420 chars
/part/01/Tmp/gamageyo/fika/experiments/flink/flink-core
[DEBUG-STREAM] Processing node: write, has iteration_log: True, approved=False
[Write] wrote to /part/01/Tmp/gamageyo/fika/experiments/flink/flink-core/src/test/java/org/apache/flink/api/common/operators/ExpressionKeystoString_StringUtilsjoinFikaTest.java
[DEBUG-STREAM] Processing node: validate_constraints, has iteration_log: True, approved=False
[Validate] PASSED - hard constraints satisfied
[DEBUG-STREAM] Processing node: run, has iteration_log: True, approved=False
[Run] feedback_chars=1427
[DEBUG-STREAM] Processing node: check_coverage, has iteration_log: True, approved=False
[Coverage] target 'org.apache.commons.lang3.StringUtils.join(java.lang.Iterable, char)' covered=False
[DEBUG-STREAM] Processing node: decide, has iteration_log: True, approved=False
[Decide] approved=False (tests failed, will retry if iteration<5)
[DEBUG-STREAM] Processing node: generate, has iteration_log: True, approved=False
[Generate] produced 2829 chars
/part/01/Tmp/gamageyo/fika/experiments/flink/flink-core
[DEBUG-STREAM] Processing node: write, has iteration_log: True, approved=False
[Write] wrote to /part/01/Tmp/gamageyo/fika/experiments/flink/flink-core/src/test/java/org/apache/flink/api/common/operators/ExpressionKeystoString_StringUtilsjoinFikaTest.java
[DEBUG-STREAM] Processing node: validate_constraints, has iteration_log: True, approved=False
[Validate] PASSED - hard constraints satisfied
[DEBUG-STREAM] Processing node: run, has iteration_log: True, approved=False
[Run] feedback_chars=1997
[DEBUG-STREAM] Processing node: check_coverage, has iteration_log: True, approved=False
[Coverage] target 'org.apache.commons.lang3.StringUtils.join(java.lang.Iterable, char)' covered=False
[DEBUG-STREAM] Processing node: decide, has iteration_log: True, approved=False
[Decide] approved=False (tests failed, will retry if iteration<5)
[DEBUG-STREAM] Processing node: generate, has iteration_log: True, approved=False
[Generate] produced 2271 chars
/part/01/Tmp/gamageyo/fika/experiments/flink/flink-core
[DEBUG-STREAM] Processing node: write, has iteration_log: True, approved=False
[Write] wrote to /part/01/Tmp/gamageyo/fika/experiments/flink/flink-core/src/test/java/org/apache/flink/api/common/operators/ExpressionKeystoString_StringUtilsjoinFikaTest.java
[DEBUG-STREAM] Processing node: validate_constraints, has iteration_log: True, approved=False
[Validate] PASSED - hard constraints satisfied
[DEBUG-STREAM] Processing node: run, has iteration_log: True, approved=False
[Run] feedback_chars=1220
[DEBUG-STREAM] Processing node: check_coverage, has iteration_log: True, approved=False
[Coverage] target 'org.apache.commons.lang3.StringUtils.join(java.lang.Iterable, char)' covered=False
[DEBUG-STREAM] Processing node: decide, has iteration_log: True, approved=False
[Decide] approved=False (tests failed, will retry if iteration<5)
[DEBUG-STREAM] Processing node: generate, has iteration_log: True, approved=False
[Generate] produced 2492 chars
/part/01/Tmp/gamageyo/fika/experiments/flink/flink-core
[DEBUG-STREAM] Processing node: write, has iteration_log: True, approved=False
[Write] wrote to /part/01/Tmp/gamageyo/fika/experiments/flink/flink-core/src/test/java/org/apache/flink/api/common/operators/ExpressionKeystoString_StringUtilsjoinFikaTest.java
[DEBUG-STREAM] Processing node: validate_constraints, has iteration_log: True, approved=False
[Validate] PASSED - hard constraints satisfied
[DEBUG-STREAM] Processing node: run, has iteration_log: True, approved=False
[Run] feedback_chars=1427
[DEBUG-STREAM] Processing node: check_coverage, has iteration_log: True, approved=False
[Coverage] target 'org.apache.commons.lang3.StringUtils.join(java.lang.Iterable, char)' covered=False
[DEBUG-STREAM] Processing node: decide, has iteration_log: True, approved=False
[Decide] approved=False (tests failed, will retry if iteration<5)
[DEBUG-STREAM] Processing node: generate, has iteration_log: True, approved=False
[Generate] produced 2490 chars
/part/01/Tmp/gamageyo/fika/experiments/flink/flink-core
[DEBUG-STREAM] Processing node: write, has iteration_log: True, approved=False
[Write] wrote to /part/01/Tmp/gamageyo/fika/experiments/flink/flink-core/src/test/java/org/apache/flink/api/common/operators/ExpressionKeystoString_StringUtilsjoinFikaTest.java
[DEBUG-STREAM] Processing node: validate_constraints, has iteration_log: True, approved=False
[Validate] PASSED - hard constraints satisfied
[DEBUG-STREAM] Processing node: run, has iteration_log: True, approved=False
[Run] feedback_chars=1139
[DEBUG-STREAM] Processing node: check_coverage, has iteration_log: True, approved=False
[Coverage] target 'org.apache.commons.lang3.StringUtils.join(java.lang.Iterable, char)' covered=False
[DEBUG-STREAM] Processing node: decide, has iteration_log: True, approved=False
[Decide] approved=False (tests failed, will retry if iteration<5)
[DEBUG-STREAM] Processing node: finalize, has iteration_log: True, approved=False
[Finalize] Cleaned up unsuccessful test file: /part/01/Tmp/gamageyo/fika/experiments/flink/flink-core/src/test/java/org/apache/flink/api/common/operators/ExpressionKeystoString_StringUtilsjoinFikaTest.java

[DEBUG] Stream completed. final_state is set
[DEBUG] final_state keys: ['repo_root', 'mvn_cmd', 'max_iterations', 'run_only_generated_test', 'entryPoint', 'thirdPartyMethod', 'directCaller', 'path', 'methodSources', 'constructors', 'setters', 'fieldDeclarations', 'imports', 'testTemplate', 'conditionCount', 'callCount', 'covered', 'test_package', 'test_class_name', 'iteration', 'java_source', 'last_run_output', 'last_exit_code', 'success', 'approved', 'test_rel_path', 'trace', 'target_method_covered', 'coverage_total_lines', 'coverage_error', 'path_coverage_details', 'iteration_log', 'last_prompt']
[DEBUG] approved (after bool()) = False

=== FAILURE REASON ===
Tests failed to compile or run successfully


================================================================================
PROCESSING TEST CASE 4/223
================================================================================
Entry Point: org.apache.flink.configuration.YamlParserUtils.FlinkConfigRepresenter.<init>(org.snakeyaml.engine.v2.api.DumpSettings)
Third Party Method: org.snakeyaml.engine.v2.representer.StandardRepresenter.<init>(org.snakeyaml.engine.v2.api.DumpSettings)
================================================================================

[DEBUG-STREAM] Processing node: generate, has iteration_log: True, approved=False
[Generate] produced 565 chars
/part/01/Tmp/gamageyo/fika/experiments/flink/flink-core
[DEBUG-STREAM] Processing node: write, has iteration_log: True, approved=False
[Write] wrote to /part/01/Tmp/gamageyo/fika/experiments/flink/flink-core/src/test/java/org/apache/flink/configuration/FlinkConfigRepresentermethod_StandardRepresentermethodFikaTest.java
[DEBUG-STREAM] Processing node: validate_constraints, has iteration_log: True, approved=False
[Validate] PASSED - hard constraints satisfied
[DEBUG-STREAM] Processing node: run, has iteration_log: True, approved=False
[Run] feedback_chars=596
[DEBUG-STREAM] Processing node: check_coverage, has iteration_log: True, approved=False
[Coverage] target 'org.snakeyaml.engine.v2.representer.StandardRepresenter.<init>(org.snakeyaml.engine.v2.api.DumpSettings)' covered=False
[DEBUG-STREAM] Processing node: decide, has iteration_log: True, approved=False
[Decide] approved=False (tests failed, will retry if iteration<5)
[DEBUG-STREAM] Processing node: generate, has iteration_log: True, approved=False
[Generate] produced 532 chars
/part/01/Tmp/gamageyo/fika/experiments/flink/flink-core
[DEBUG-STREAM] Processing node: write, has iteration_log: True, approved=False
[Write] wrote to /part/01/Tmp/gamageyo/fika/experiments/flink/flink-core/src/test/java/org/apache/flink/configuration/FlinkConfigRepresentermethod_StandardRepresentermethodFikaTest.java
[DEBUG-STREAM] Processing node: validate_constraints, has iteration_log: True, approved=False
[Validate] PASSED - hard constraints satisfied
[DEBUG-STREAM] Processing node: run, has iteration_log: True, approved=False
[Run] feedback_chars=1234
[DEBUG-STREAM] Processing node: check_coverage, has iteration_log: True, approved=False
[Coverage] target 'org.snakeyaml.engine.v2.representer.StandardRepresenter.<init>(org.snakeyaml.engine.v2.api.DumpSettings)' covered=False
[DEBUG-STREAM] Processing node: decide, has iteration_log: True, approved=False
[Decide] approved=False (tests failed, will retry if iteration<5)
[DEBUG-STREAM] Processing node: generate, has iteration_log: True, approved=False
[Generate] produced 537 chars
/part/01/Tmp/gamageyo/fika/experiments/flink/flink-core
[DEBUG-STREAM] Processing node: write, has iteration_log: True, approved=False
[Write] wrote to /part/01/Tmp/gamageyo/fika/experiments/flink/flink-core/src/test/java/org/apache/flink/configuration/FlinkConfigRepresentermethod_StandardRepresentermethodFikaTest.java
[DEBUG-STREAM] Processing node: validate_constraints, has iteration_log: True, approved=False
[Validate] PASSED - hard constraints satisfied
[DEBUG-STREAM] Processing node: run, has iteration_log: True, approved=False
[Run] feedback_chars=596
[DEBUG-STREAM] Processing node: check_coverage, has iteration_log: True, approved=False
[Coverage] target 'org.snakeyaml.engine.v2.representer.StandardRepresenter.<init>(org.snakeyaml.engine.v2.api.DumpSettings)' covered=False
[DEBUG-STREAM] Processing node: decide, has iteration_log: True, approved=False
[Decide] approved=False (tests failed, will retry if iteration<5)
[DEBUG-STREAM] Processing node: generate, has iteration_log: True, approved=False
[Generate] produced 624 chars
/part/01/Tmp/gamageyo/fika/experiments/flink/flink-core
[DEBUG-STREAM] Processing node: write, has iteration_log: True, approved=False
[Write] wrote to /part/01/Tmp/gamageyo/fika/experiments/flink/flink-core/src/test/java/org/apache/flink/configuration/FlinkConfigRepresentermethod_StandardRepresentermethodFikaTest.java
[DEBUG-STREAM] Processing node: validate_constraints, has iteration_log: True, approved=False
[Validate] PASSED - hard constraints satisfied
[DEBUG-STREAM] Processing node: run, has iteration_log: True, approved=False
[Run] feedback_chars=921
[DEBUG-STREAM] Processing node: check_coverage, has iteration_log: True, approved=False
[Coverage] target 'org.snakeyaml.engine.v2.representer.StandardRepresenter.<init>(org.snakeyaml.engine.v2.api.DumpSettings)' covered=False
[DEBUG-STREAM] Processing node: decide, has iteration_log: True, approved=False
[Decide] approved=False (tests failed, will retry if iteration<5)
[DEBUG-STREAM] Processing node: generate, has iteration_log: True, approved=False
[Generate] produced 548 chars
/part/01/Tmp/gamageyo/fika/experiments/flink/flink-core
[DEBUG-STREAM] Processing node: write, has iteration_log: True, approved=False
[Write] wrote to /part/01/Tmp/gamageyo/fika/experiments/flink/flink-core/src/test/java/org/apache/flink/configuration/FlinkConfigRepresentermethod_StandardRepresentermethodFikaTest.java
[DEBUG-STREAM] Processing node: validate_constraints, has iteration_log: True, approved=False
[Validate] PASSED - hard constraints satisfied
[DEBUG-STREAM] Processing node: run, has iteration_log: True, approved=False
[Run] feedback_chars=1234
[DEBUG-STREAM] Processing node: check_coverage, has iteration_log: True, approved=False
[Coverage] target 'org.snakeyaml.engine.v2.representer.StandardRepresenter.<init>(org.snakeyaml.engine.v2.api.DumpSettings)' covered=False
[DEBUG-STREAM] Processing node: decide, has iteration_log: True, approved=False
[Decide] approved=False (tests failed, will retry if iteration<5)
[DEBUG-STREAM] Processing node: finalize, has iteration_log: True, approved=False
[Finalize] Cleaned up unsuccessful test file: /part/01/Tmp/gamageyo/fika/experiments/flink/flink-core/src/test/java/org/apache/flink/configuration/FlinkConfigRepresentermethod_StandardRepresentermethodFikaTest.java

[DEBUG] Stream completed. final_state is set
[DEBUG] final_state keys: ['repo_root', 'mvn_cmd', 'max_iterations', 'run_only_generated_test', 'entryPoint', 'thirdPartyMethod', 'directCaller', 'path', 'methodSources', 'constructors', 'setters', 'fieldDeclarations', 'imports', 'testTemplate', 'conditionCount', 'callCount', 'covered', 'test_package', 'test_class_name', 'iteration', 'java_source', 'last_run_output', 'last_exit_code', 'success', 'approved', 'test_rel_path', 'trace', 'target_method_covered', 'coverage_total_lines', 'coverage_error', 'path_coverage_details', 'iteration_log', 'last_prompt']
[DEBUG] approved (after bool()) = False

=== FAILURE REASON ===
Tests failed to compile or run successfully


================================================================================
PROCESSING TEST CASE 5/223
================================================================================
Entry Point: org.apache.flink.api.common.operators.util.JoinHashMap.<init>(org.apache.flink.api.common.typeutils.TypeSerializer, org.apache.flink.api.common.typeutils.TypeComparator)
Third Party Method: org.apache.commons.collections.map.AbstractHashedMap.<init>(int)
================================================================================

[DEBUG-STREAM] Processing node: generate, has iteration_log: True, approved=False
[Generate] produced 646 chars
/part/01/Tmp/gamageyo/fika/experiments/flink/flink-core
[DEBUG-STREAM] Processing node: write, has iteration_log: True, approved=False
[Write] wrote to /part/01/Tmp/gamageyo/fika/experiments/flink/flink-core/src/test/java/org/apache/flink/api/common/operators/util/JoinHashMapmethod_AbstractHashedMapmethodFikaTest.java
[DEBUG-STREAM] Processing node: validate_constraints, has iteration_log: True, approved=False
[Validate] PASSED - hard constraints satisfied
[DEBUG-STREAM] Processing node: run, has iteration_log: True, approved=False
[Run] feedback_chars=12195
[DEBUG-STREAM] Processing node: check_coverage, has iteration_log: True, approved=False
[Coverage] target 'org.apache.commons.collections.map.AbstractHashedMap.<init>(int)' covered=True
[DEBUG-STREAM] Processing node: decide, has iteration_log: True, approved=True
[Decide] approved=True (tests passed AND target method covered)
[DEBUG-STREAM] Processing node: finalize, has iteration_log: True, approved=True
[Finalize] SUCCESS: Test passed and target method covered

[DEBUG] Stream completed. final_state is set
[DEBUG] final_state keys: ['repo_root', 'mvn_cmd', 'max_iterations', 'run_only_generated_test', 'entryPoint', 'thirdPartyMethod', 'directCaller', 'path', 'methodSources', 'constructors', 'setters', 'fieldDeclarations', 'imports', 'testTemplate', 'conditionCount', 'callCount', 'covered', 'test_package', 'test_class_name', 'iteration', 'java_source', 'last_run_output', 'last_exit_code', 'success', 'approved', 'test_rel_path', 'trace', 'target_method_covered', 'coverage_total_lines', 'coverage_error', 'path_coverage_details', 'iteration_log', 'last_prompt']
[DEBUG] approved (after bool()) = True
✓ Test approved at iteration 1
  JSON path: /part/01/Tmp/gamageyo/fika/experiments/flink/flink-core/third_party_apis_full_methods.json
  Looking for thirdPartyMethod: org.apache.commons.collections.map.AbstractHashedMap.<init>(int)
  Looking for directCaller: org.apache.flink.api.common.operators.util.JoinHashMap.<init>(org.apache.flink.api.common.typeutils.TypeSerializer, org.apache.flink.api.common.typeutils.TypeComparator)
[DEBUG]   ✓ MATCH FOUND at path 4
✓ Updated 1 record(s) in JSON file as covered
  Third Party Method: org.apache.commons.collections.map.AbstractHashedMap.<init>(int)
  Direct Caller: org.apache.flink.api.common.operators.util.JoinHashMap.<init>(org.apache.flink.api.common.typeutils.TypeSerializer, org.apache.flink.api.common.typeutils.TypeComparator)

================================================================================
PROCESSING TEST CASE 6/223
================================================================================
Entry Point: org.apache.flink.api.java.typeutils.runtime.NoFetchingInput.skip(int)
Third Party Method: com.esotericsoftware.kryo.KryoException.<init>(java.lang.Throwable)
================================================================================

[DEBUG-STREAM] Processing node: generate, has iteration_log: True, approved=False
[Generate] produced 981 chars
/part/01/Tmp/gamageyo/fika/experiments/flink/flink-core
[DEBUG-STREAM] Processing node: write, has iteration_log: True, approved=False
[Write] wrote to /part/01/Tmp/gamageyo/fika/experiments/flink/flink-core/src/test/java/org/apache/flink/api/java/typeutils/runtime/NoFetchingInputskip_KryoExceptionmethodFikaTest.java
[DEBUG-STREAM] Processing node: validate_constraints, has iteration_log: True, approved=False
[Validate] FAILED - hard constraints violated
[DEBUG-STREAM] Processing node: decide, has iteration_log: True, approved=False
[Decide] approved=False (hard constraint violation, will retry if iteration<5)
[DEBUG-STREAM] Processing node: generate, has iteration_log: True, approved=False
[Generate] produced 976 chars
/part/01/Tmp/gamageyo/fika/experiments/flink/flink-core
[DEBUG-STREAM] Processing node: write, has iteration_log: True, approved=False
[Write] wrote to /part/01/Tmp/gamageyo/fika/experiments/flink/flink-core/src/test/java/org/apache/flink/api/java/typeutils/runtime/NoFetchingInputskip_KryoExceptionmethodFikaTest.java
[DEBUG-STREAM] Processing node: validate_constraints, has iteration_log: True, approved=False
[Validate] FAILED - hard constraints violated
[DEBUG-STREAM] Processing node: decide, has iteration_log: True, approved=False
[Decide] approved=False (hard constraint violation, will retry if iteration<5)
[DEBUG-STREAM] Processing node: generate, has iteration_log: True, approved=False
[Generate] produced 996 chars
/part/01/Tmp/gamageyo/fika/experiments/flink/flink-core
[DEBUG-STREAM] Processing node: write, has iteration_log: True, approved=False
[Write] wrote to /part/01/Tmp/gamageyo/fika/experiments/flink/flink-core/src/test/java/org/apache/flink/api/java/typeutils/runtime/NoFetchingInputskip_KryoExceptionmethodFikaTest.java
[DEBUG-STREAM] Processing node: validate_constraints, has iteration_log: True, approved=False
[Validate] FAILED - hard constraints violated
[DEBUG-STREAM] Processing node: decide, has iteration_log: True, approved=False
[Decide] approved=False (hard constraint violation, will retry if iteration<5)
[DEBUG-STREAM] Processing node: generate, has iteration_log: True, approved=False
[Generate] produced 1029 chars
/part/01/Tmp/gamageyo/fika/experiments/flink/flink-core
[DEBUG-STREAM] Processing node: write, has iteration_log: True, approved=False
[Write] wrote to /part/01/Tmp/gamageyo/fika/experiments/flink/flink-core/src/test/java/org/apache/flink/api/java/typeutils/runtime/NoFetchingInputskip_KryoExceptionmethodFikaTest.java
[DEBUG-STREAM] Processing node: validate_constraints, has iteration_log: True, approved=False
[Validate] FAILED - hard constraints violated
[DEBUG-STREAM] Processing node: decide, has iteration_log: True, approved=False
[Decide] approved=False (hard constraint violation, will retry if iteration<5)
[DEBUG-STREAM] Processing node: generate, has iteration_log: True, approved=False
[Generate] produced 980 chars
/part/01/Tmp/gamageyo/fika/experiments/flink/flink-core
[DEBUG-STREAM] Processing node: write, has iteration_log: True, approved=False
[Write] wrote to /part/01/Tmp/gamageyo/fika/experiments/flink/flink-core/src/test/java/org/apache/flink/api/java/typeutils/runtime/NoFetchingInputskip_KryoExceptionmethodFikaTest.java
[DEBUG-STREAM] Processing node: validate_constraints, has iteration_log: True, approved=False
[Validate] FAILED - hard constraints violated
[DEBUG-STREAM] Processing node: decide, has iteration_log: True, approved=False
[Decide] approved=False (hard constraint violation, will retry if iteration<5)
[DEBUG-STREAM] Processing node: finalize, has iteration_log: True, approved=False
[Finalize] Cleaned up unsuccessful test file: /part/01/Tmp/gamageyo/fika/experiments/flink/flink-core/src/test/java/org/apache/flink/api/java/typeutils/runtime/NoFetchingInputskip_KryoExceptionmethodFikaTest.java

[DEBUG] Stream completed. final_state is set
[DEBUG] final_state keys: ['repo_root', 'mvn_cmd', 'max_iterations', 'run_only_generated_test', 'entryPoint', 'thirdPartyMethod', 'directCaller', 'path', 'methodSources', 'constructors', 'setters', 'fieldDeclarations', 'imports', 'testTemplate', 'conditionCount', 'callCount', 'covered', 'test_package', 'test_class_name', 'iteration', 'java_source', 'last_run_output', 'last_exit_code', 'success', 'approved', 'test_rel_path', 'trace', 'target_method_covered', 'coverage_total_lines', 'coverage_error', 'path_coverage_details', 'iteration_log', 'last_prompt']
[DEBUG] approved (after bool()) = False

=== FAILURE REASON ===
Tests failed to compile or run successfully


================================================================================
PROCESSING TEST CASE 7/223
================================================================================
Entry Point: org.apache.flink.configuration.YamlParserUtils.convertToObject(java.lang.String, java.lang.Class)
Third Party Method: org.snakeyaml.engine.v2.api.Load.loadFromString(java.lang.String)
================================================================================

[DEBUG-STREAM] Processing node: generate, has iteration_log: True, approved=False
[Generate] produced 960 chars
/part/01/Tmp/gamageyo/fika/experiments/flink/flink-core
[DEBUG-STREAM] Processing node: write, has iteration_log: True, approved=False
[Write] wrote to /part/01/Tmp/gamageyo/fika/experiments/flink/flink-core/src/test/java/org/apache/flink/configuration/YamlParserUtilsconvertToObject_LoadloadFromStringFikaTest.java
[DEBUG-STREAM] Processing node: validate_constraints, has iteration_log: True, approved=False
[Validate] PASSED - hard constraints satisfied
[DEBUG-STREAM] Processing node: run, has iteration_log: True, approved=False
[Run] feedback_chars=12195
[DEBUG-STREAM] Processing node: check_coverage, has iteration_log: True, approved=False
[Coverage] target 'org.snakeyaml.engine.v2.api.Load.loadFromString(java.lang.String)' covered=True
[DEBUG-STREAM] Processing node: decide, has iteration_log: True, approved=True
[Decide] approved=True (tests passed AND target method covered)
[DEBUG-STREAM] Processing node: finalize, has iteration_log: True, approved=True
[Finalize] SUCCESS: Test passed and target method covered

[DEBUG] Stream completed. final_state is set
[DEBUG] final_state keys: ['repo_root', 'mvn_cmd', 'max_iterations', 'run_only_generated_test', 'entryPoint', 'thirdPartyMethod', 'directCaller', 'path', 'methodSources', 'constructors', 'setters', 'fieldDeclarations', 'imports', 'testTemplate', 'conditionCount', 'callCount', 'covered', 'test_package', 'test_class_name', 'iteration', 'java_source', 'last_run_output', 'last_exit_code', 'success', 'approved', 'test_rel_path', 'trace', 'target_method_covered', 'coverage_total_lines', 'coverage_error', 'path_coverage_details', 'iteration_log', 'last_prompt']
[DEBUG] approved (after bool()) = True
✓ Test approved at iteration 1
  JSON path: /part/01/Tmp/gamageyo/fika/experiments/flink/flink-core/third_party_apis_full_methods.json
  Looking for thirdPartyMethod: org.snakeyaml.engine.v2.api.Load.loadFromString(java.lang.String)
  Looking for directCaller: org.apache.flink.configuration.YamlParserUtils.convertToObject(java.lang.String, java.lang.Class)
[DEBUG]   ✓ MATCH FOUND at path 6
✓ Updated 1 record(s) in JSON file as covered
  Third Party Method: org.snakeyaml.engine.v2.api.Load.loadFromString(java.lang.String)
  Direct Caller: org.apache.flink.configuration.YamlParserUtils.convertToObject(java.lang.String, java.lang.Class)

================================================================================
PROCESSING TEST CASE 8/223
================================================================================
Entry Point: org.apache.flink.api.common.io.compression.XZInputStreamFactory.create(java.io.InputStream)
Third Party Method: org.apache.commons.compress.compressors.xz.XZCompressorInputStream.<init>(java.io.InputStream, boolean)
================================================================================

[DEBUG-STREAM] Processing node: generate, has iteration_log: True, approved=False
[Generate] produced 639 chars
/part/01/Tmp/gamageyo/fika/experiments/flink/flink-core
[DEBUG-STREAM] Processing node: write, has iteration_log: True, approved=False
[Write] wrote to /part/01/Tmp/gamageyo/fika/experiments/flink/flink-core/src/test/java/org/apache/flink/api/common/io/compression/XZInputStreamFactorycreate_XZCompressorInputStreammethodFikaTest.java
[DEBUG-STREAM] Processing node: validate_constraints, has iteration_log: True, approved=False
[Validate] PASSED - hard constraints satisfied
[DEBUG-STREAM] Processing node: run, has iteration_log: True, approved=False
[Run] feedback_chars=1919
[DEBUG-STREAM] Processing node: check_coverage, has iteration_log: True, approved=False
[Coverage] target 'org.apache.commons.compress.compressors.xz.XZCompressorInputStream.<init>(java.io.InputStream, boolean)' covered=False
[DEBUG-STREAM] Processing node: decide, has iteration_log: True, approved=False
[Decide] approved=False (tests failed, will retry if iteration<5)
[DEBUG-STREAM] Processing node: generate, has iteration_log: True, approved=False
[Generate] produced 767 chars
/part/01/Tmp/gamageyo/fika/experiments/flink/flink-core
[DEBUG-STREAM] Processing node: write, has iteration_log: True, approved=False
[Write] wrote to /part/01/Tmp/gamageyo/fika/experiments/flink/flink-core/src/test/java/org/apache/flink/api/common/io/compression/XZInputStreamFactorycreate_XZCompressorInputStreammethodFikaTest.java
[DEBUG-STREAM] Processing node: validate_constraints, has iteration_log: True, approved=False
[Validate] PASSED - hard constraints satisfied
[DEBUG-STREAM] Processing node: run, has iteration_log: True, approved=False
[Run] feedback_chars=1919
[DEBUG-STREAM] Processing node: check_coverage, has iteration_log: True, approved=False
[Coverage] target 'org.apache.commons.compress.compressors.xz.XZCompressorInputStream.<init>(java.io.InputStream, boolean)' covered=False
[DEBUG-STREAM] Processing node: decide, has iteration_log: True, approved=False
[Decide] approved=False (tests failed, will retry if iteration<5)
[DEBUG-STREAM] Processing node: generate, has iteration_log: True, approved=False
[Generate] produced 768 chars
/part/01/Tmp/gamageyo/fika/experiments/flink/flink-core
[DEBUG-STREAM] Processing node: write, has iteration_log: True, approved=False
[Write] wrote to /part/01/Tmp/gamageyo/fika/experiments/flink/flink-core/src/test/java/org/apache/flink/api/common/io/compression/XZInputStreamFactorycreate_XZCompressorInputStreammethodFikaTest.java
[DEBUG-STREAM] Processing node: validate_constraints, has iteration_log: True, approved=False
[Validate] PASSED - hard constraints satisfied
[DEBUG-STREAM] Processing node: run, has iteration_log: True, approved=False
[Run] feedback_chars=1919
[DEBUG-STREAM] Processing node: check_coverage, has iteration_log: True, approved=False
[Coverage] target 'org.apache.commons.compress.compressors.xz.XZCompressorInputStream.<init>(java.io.InputStream, boolean)' covered=False
[DEBUG-STREAM] Processing node: decide, has iteration_log: True, approved=False
[Decide] approved=False (tests failed, will retry if iteration<5)
[DEBUG-STREAM] Processing node: generate, has iteration_log: True, approved=False
[Generate] produced 630 chars
/part/01/Tmp/gamageyo/fika/experiments/flink/flink-core
[DEBUG-STREAM] Processing node: write, has iteration_log: True, approved=False
[Write] wrote to /part/01/Tmp/gamageyo/fika/experiments/flink/flink-core/src/test/java/org/apache/flink/api/common/io/compression/XZInputStreamFactorycreate_XZCompressorInputStreammethodFikaTest.java
[DEBUG-STREAM] Processing node: validate_constraints, has iteration_log: True, approved=False
[Validate] PASSED - hard constraints satisfied
[DEBUG-STREAM] Processing node: run, has iteration_log: True, approved=False
[Run] feedback_chars=1919
[DEBUG-STREAM] Processing node: check_coverage, has iteration_log: True, approved=False
[Coverage] target 'org.apache.commons.compress.compressors.xz.XZCompressorInputStream.<init>(java.io.InputStream, boolean)' covered=False
[DEBUG-STREAM] Processing node: decide, has iteration_log: True, approved=False
[Decide] approved=False (tests failed, will retry if iteration<5)
[DEBUG-STREAM] Processing node: generate, has iteration_log: True, approved=False
[Generate] produced 765 chars
/part/01/Tmp/gamageyo/fika/experiments/flink/flink-core
[DEBUG-STREAM] Processing node: write, has iteration_log: True, approved=False
[Write] wrote to /part/01/Tmp/gamageyo/fika/experiments/flink/flink-core/src/test/java/org/apache/flink/api/common/io/compression/XZInputStreamFactorycreate_XZCompressorInputStreammethodFikaTest.java
[DEBUG-STREAM] Processing node: validate_constraints, has iteration_log: True, approved=False
[Validate] PASSED - hard constraints satisfied
[DEBUG-STREAM] Processing node: run, has iteration_log: True, approved=False
[Run] feedback_chars=1919
[DEBUG-STREAM] Processing node: check_coverage, has iteration_log: True, approved=False
[Coverage] target 'org.apache.commons.compress.compressors.xz.XZCompressorInputStream.<init>(java.io.InputStream, boolean)' covered=False
[DEBUG-STREAM] Processing node: decide, has iteration_log: True, approved=False
[Decide] approved=False (tests failed, will retry if iteration<5)
[DEBUG-STREAM] Processing node: finalize, has iteration_log: True, approved=False
[Finalize] Cleaned up unsuccessful test file: /part/01/Tmp/gamageyo/fika/experiments/flink/flink-core/src/test/java/org/apache/flink/api/common/io/compression/XZInputStreamFactorycreate_XZCompressorInputStreammethodFikaTest.java

[DEBUG] Stream completed. final_state is set
[DEBUG] final_state keys: ['repo_root', 'mvn_cmd', 'max_iterations', 'run_only_generated_test', 'entryPoint', 'thirdPartyMethod', 'directCaller', 'path', 'methodSources', 'constructors', 'setters', 'fieldDeclarations', 'imports', 'testTemplate', 'conditionCount', 'callCount', 'covered', 'test_package', 'test_class_name', 'iteration', 'java_source', 'last_run_output', 'last_exit_code', 'success', 'approved', 'test_rel_path', 'trace', 'target_method_covered', 'coverage_total_lines', 'coverage_error', 'path_coverage_details', 'iteration_log', 'last_prompt']
[DEBUG] approved (after bool()) = False

=== FAILURE REASON ===
Tests failed to compile or run successfully


================================================================================
PROCESSING TEST CASE 9/223
================================================================================
Entry Point: org.apache.flink.api.java.typeutils.runtime.NoFetchingInput.<init>(java.io.InputStream)
Third Party Method: com.esotericsoftware.kryo.io.Input.<init>(java.io.InputStream, int)
================================================================================

[DEBUG-STREAM] Processing node: generate, has iteration_log: True, approved=False
[Generate] produced 459 chars
/part/01/Tmp/gamageyo/fika/experiments/flink/flink-core
[DEBUG-STREAM] Processing node: write, has iteration_log: True, approved=False
[Write] wrote to /part/01/Tmp/gamageyo/fika/experiments/flink/flink-core/src/test/java/org/apache/flink/api/java/typeutils/runtime/NoFetchingInputmethod_InputmethodFikaTest.java
[DEBUG-STREAM] Processing node: validate_constraints, has iteration_log: True, approved=False
[Validate] PASSED - hard constraints satisfied
[DEBUG-STREAM] Processing node: run, has iteration_log: True, approved=False
[Run] feedback_chars=12195
[DEBUG-STREAM] Processing node: check_coverage, has iteration_log: True, approved=False
[Coverage] target 'com.esotericsoftware.kryo.io.Input.<init>(java.io.InputStream, int)' covered=True
[DEBUG-STREAM] Processing node: decide, has iteration_log: True, approved=True
[Decide] approved=True (tests passed AND target method covered)
[DEBUG-STREAM] Processing node: finalize, has iteration_log: True, approved=True
[Finalize] SUCCESS: Test passed and target method covered

[DEBUG] Stream completed. final_state is set
[DEBUG] final_state keys: ['repo_root', 'mvn_cmd', 'max_iterations', 'run_only_generated_test', 'entryPoint', 'thirdPartyMethod', 'directCaller', 'path', 'methodSources', 'constructors', 'setters', 'fieldDeclarations', 'imports', 'testTemplate', 'conditionCount', 'callCount', 'covered', 'test_package', 'test_class_name', 'iteration', 'java_source', 'last_run_output', 'last_exit_code', 'success', 'approved', 'test_rel_path', 'trace', 'target_method_covered', 'coverage_total_lines', 'coverage_error', 'path_coverage_details', 'iteration_log', 'last_prompt']
[DEBUG] approved (after bool()) = True
✓ Test approved at iteration 1
  JSON path: /part/01/Tmp/gamageyo/fika/experiments/flink/flink-core/third_party_apis_full_methods.json
  Looking for thirdPartyMethod: com.esotericsoftware.kryo.io.Input.<init>(java.io.InputStream, int)
  Looking for directCaller: org.apache.flink.api.java.typeutils.runtime.NoFetchingInput.<init>(java.io.InputStream)
[DEBUG]   ✓ MATCH FOUND at path 8
✓ Updated 1 record(s) in JSON file as covered
  Third Party Method: com.esotericsoftware.kryo.io.Input.<init>(java.io.InputStream, int)
  Direct Caller: org.apache.flink.api.java.typeutils.runtime.NoFetchingInput.<init>(java.io.InputStream)

================================================================================
PROCESSING TEST CASE 10/223
================================================================================
Entry Point: org.apache.flink.api.java.typeutils.runtime.KryoUtils.copy(java.lang.Object, com.esotericsoftware.kryo.Kryo, org.apache.flink.api.common.typeutils.TypeSerializer)
Third Party Method: com.esotericsoftware.kryo.Kryo.copy(java.lang.Object)
================================================================================

[DEBUG-STREAM] Processing node: generate, has iteration_log: True, approved=False
[Generate] produced 2184 chars
/part/01/Tmp/gamageyo/fika/experiments/flink/flink-core
[DEBUG-STREAM] Processing node: write, has iteration_log: True, approved=False
[Write] wrote to /part/01/Tmp/gamageyo/fika/experiments/flink/flink-core/src/test/java/org/apache/flink/api/java/typeutils/runtime/KryoUtilscopy_KryocopyFikaTest2.java
[DEBUG-STREAM] Processing node: validate_constraints, has iteration_log: True, approved=False
[Validate] FAILED - hard constraints violated
[DEBUG-STREAM] Processing node: decide, has iteration_log: True, approved=False
[Decide] approved=False (hard constraint violation, will retry if iteration<5)
[DEBUG-STREAM] Processing node: generate, has iteration_log: True, approved=False
[Generate] produced 595 chars
/part/01/Tmp/gamageyo/fika/experiments/flink/flink-core
[DEBUG-STREAM] Processing node: write, has iteration_log: True, approved=False
[Write] wrote to /part/01/Tmp/gamageyo/fika/experiments/flink/flink-core/src/test/java/org/apache/flink/api/java/typeutils/runtime/KryoUtilscopy_KryocopyFikaTest2.java
[DEBUG-STREAM] Processing node: validate_constraints, has iteration_log: True, approved=False
[Validate] PASSED - hard constraints satisfied
[DEBUG-STREAM] Processing node: run, has iteration_log: True, approved=False
[Run] feedback_chars=12195
[DEBUG-STREAM] Processing node: check_coverage, has iteration_log: True, approved=False
[Coverage] target 'com.esotericsoftware.kryo.Kryo.copy(java.lang.Object)' covered=True
[DEBUG-STREAM] Processing node: decide, has iteration_log: True, approved=True
[Decide] approved=True (tests passed AND target method covered)
[DEBUG-STREAM] Processing node: finalize, has iteration_log: True, approved=True
[Finalize] SUCCESS: Test passed and target method covered

[DEBUG] Stream completed. final_state is set
[DEBUG] final_state keys: ['repo_root', 'mvn_cmd', 'max_iterations', 'run_only_generated_test', 'entryPoint', 'thirdPartyMethod', 'directCaller', 'path', 'methodSources', 'constructors', 'setters', 'fieldDeclarations', 'imports', 'testTemplate', 'conditionCount', 'callCount', 'covered', 'test_package', 'test_class_name', 'iteration', 'java_source', 'last_run_output', 'last_exit_code', 'success', 'approved', 'test_rel_path', 'trace', 'target_method_covered', 'coverage_total_lines', 'coverage_error', 'path_coverage_details', 'iteration_log', 'last_prompt']
[DEBUG] approved (after bool()) = True
✓ Test approved at iteration 2
  JSON path: /part/01/Tmp/gamageyo/fika/experiments/flink/flink-core/third_party_apis_full_methods.json
  Looking for thirdPartyMethod: com.esotericsoftware.kryo.Kryo.copy(java.lang.Object)
  Looking for directCaller: org.apache.flink.api.java.typeutils.runtime.KryoUtils.copy(java.lang.Object, com.esotericsoftware.kryo.Kryo, org.apache.flink.api.common.typeutils.TypeSerializer)
[DEBUG]   ✓ MATCH FOUND at path 9
✓ Updated 1 record(s) in JSON file as covered
  Third Party Method: com.esotericsoftware.kryo.Kryo.copy(java.lang.Object)
  Direct Caller: org.apache.flink.api.java.typeutils.runtime.KryoUtils.copy(java.lang.Object, com.esotericsoftware.kryo.Kryo, org.apache.flink.api.common.typeutils.TypeSerializer)

================================================================================
PROCESSING TEST CASE 11/223
================================================================================
Entry Point: org.apache.flink.api.common.io.compression.Bzip2InputStreamFactory.create(java.io.InputStream)
Third Party Method: org.apache.commons.compress.compressors.bzip2.BZip2CompressorInputStream.<init>(java.io.InputStream)
================================================================================

[DEBUG-STREAM] Processing node: generate, has iteration_log: True, approved=False
[Generate] produced 673 chars
/part/01/Tmp/gamageyo/fika/experiments/flink/flink-core
[DEBUG-STREAM] Processing node: write, has iteration_log: True, approved=False
[Write] wrote to /part/01/Tmp/gamageyo/fika/experiments/flink/flink-core/src/test/java/org/apache/flink/api/common/io/compression/Bzip2InputStreamFactorycreate_BZip2CompressorInputStreammethodFikaTest.java
[DEBUG-STREAM] Processing node: validate_constraints, has iteration_log: True, approved=False
[Validate] PASSED - hard constraints satisfied
[DEBUG-STREAM] Processing node: run, has iteration_log: True, approved=False
[Run] feedback_chars=1862
[DEBUG-STREAM] Processing node: check_coverage, has iteration_log: True, approved=False
[Coverage] target 'org.apache.commons.compress.compressors.bzip2.BZip2CompressorInputStream.<init>(java.io.InputStream)' covered=False
[DEBUG-STREAM] Processing node: decide, has iteration_log: True, approved=False
[Decide] approved=False (tests failed, will retry if iteration<5)
[DEBUG-STREAM] Processing node: generate, has iteration_log: True, approved=False
[Generate] produced 906 chars
/part/01/Tmp/gamageyo/fika/experiments/flink/flink-core
[DEBUG-STREAM] Processing node: write, has iteration_log: True, approved=False
[Write] wrote to /part/01/Tmp/gamageyo/fika/experiments/flink/flink-core/src/test/java/org/apache/flink/api/common/io/compression/Bzip2InputStreamFactorycreate_BZip2CompressorInputStreammethodFikaTest.java
[DEBUG-STREAM] Processing node: validate_constraints, has iteration_log: True, approved=False
[Validate] PASSED - hard constraints satisfied
[DEBUG-STREAM] Processing node: run, has iteration_log: True, approved=False
[Run] feedback_chars=1936
[DEBUG-STREAM] Processing node: check_coverage, has iteration_log: True, approved=False
[Coverage] target 'org.apache.commons.compress.compressors.bzip2.BZip2CompressorInputStream.<init>(java.io.InputStream)' covered=False
[DEBUG-STREAM] Processing node: decide, has iteration_log: True, approved=False
[Decide] approved=False (tests failed, will retry if iteration<5)
[DEBUG-STREAM] Processing node: generate, has iteration_log: True, approved=False
[Generate] produced 857 chars
/part/01/Tmp/gamageyo/fika/experiments/flink/flink-core
[DEBUG-STREAM] Processing node: write, has iteration_log: True, approved=False
[Write] wrote to /part/01/Tmp/gamageyo/fika/experiments/flink/flink-core/src/test/java/org/apache/flink/api/common/io/compression/Bzip2InputStreamFactorycreate_BZip2CompressorInputStreammethodFikaTest.java
[DEBUG-STREAM] Processing node: validate_constraints, has iteration_log: True, approved=False
[Validate] PASSED - hard constraints satisfied
[DEBUG-STREAM] Processing node: run, has iteration_log: True, approved=False
[Run] feedback_chars=1892
[DEBUG-STREAM] Processing node: check_coverage, has iteration_log: True, approved=False
[Coverage] target 'org.apache.commons.compress.compressors.bzip2.BZip2CompressorInputStream.<init>(java.io.InputStream)' covered=False
[DEBUG-STREAM] Processing node: decide, has iteration_log: True, approved=False
[Decide] approved=False (tests failed, will retry if iteration<5)
[DEBUG-STREAM] Processing node: generate, has iteration_log: True, approved=False
[Generate] produced 830 chars
/part/01/Tmp/gamageyo/fika/experiments/flink/flink-core
[DEBUG-STREAM] Processing node: write, has iteration_log: True, approved=False
[Write] wrote to /part/01/Tmp/gamageyo/fika/experiments/flink/flink-core/src/test/java/org/apache/flink/api/common/io/compression/Bzip2InputStreamFactorycreate_BZip2CompressorInputStreammethodFikaTest.java
[DEBUG-STREAM] Processing node: validate_constraints, has iteration_log: True, approved=False
[Validate] PASSED - hard constraints satisfied
[DEBUG-STREAM] Processing node: run, has iteration_log: True, approved=False
[Run] feedback_chars=1936
[DEBUG-STREAM] Processing node: check_coverage, has iteration_log: True, approved=False
[Coverage] target 'org.apache.commons.compress.compressors.bzip2.BZip2CompressorInputStream.<init>(java.io.InputStream)' covered=False
[DEBUG-STREAM] Processing node: decide, has iteration_log: True, approved=False
[Decide] approved=False (tests failed, will retry if iteration<5)
[DEBUG-STREAM] Processing node: generate, has iteration_log: True, approved=False
[Generate] produced 1057 chars
/part/01/Tmp/gamageyo/fika/experiments/flink/flink-core
[DEBUG-STREAM] Processing node: write, has iteration_log: True, approved=False
[Write] wrote to /part/01/Tmp/gamageyo/fika/experiments/flink/flink-core/src/test/java/org/apache/flink/api/common/io/compression/Bzip2InputStreamFactorycreate_BZip2CompressorInputStreammethodFikaTest.java
[DEBUG-STREAM] Processing node: validate_constraints, has iteration_log: True, approved=False
[Validate] PASSED - hard constraints satisfied
[DEBUG-STREAM] Processing node: run, has iteration_log: True, approved=False
[Run] feedback_chars=1936
[DEBUG-STREAM] Processing node: check_coverage, has iteration_log: True, approved=False
[Coverage] target 'org.apache.commons.compress.compressors.bzip2.BZip2CompressorInputStream.<init>(java.io.InputStream)' covered=False
[DEBUG-STREAM] Processing node: decide, has iteration_log: True, approved=False
[Decide] approved=False (tests failed, will retry if iteration<5)
[DEBUG-STREAM] Processing node: finalize, has iteration_log: True, approved=False
[Finalize] Cleaned up unsuccessful test file: /part/01/Tmp/gamageyo/fika/experiments/flink/flink-core/src/test/java/org/apache/flink/api/common/io/compression/Bzip2InputStreamFactorycreate_BZip2CompressorInputStreammethodFikaTest.java

[DEBUG] Stream completed. final_state is set
[DEBUG] final_state keys: ['repo_root', 'mvn_cmd', 'max_iterations', 'run_only_generated_test', 'entryPoint', 'thirdPartyMethod', 'directCaller', 'path', 'methodSources', 'constructors', 'setters', 'fieldDeclarations', 'imports', 'testTemplate', 'conditionCount', 'callCount', 'covered', 'test_package', 'test_class_name', 'iteration', 'java_source', 'last_run_output', 'last_exit_code', 'success', 'approved', 'test_rel_path', 'trace', 'target_method_covered', 'coverage_total_lines', 'coverage_error', 'path_coverage_details', 'iteration_log', 'last_prompt']
[DEBUG] approved (after bool()) = False

=== FAILURE REASON ===
Tests failed to compile or run successfully


================================================================================
PROCESSING TEST CASE 12/223
================================================================================
Entry Point: org.apache.flink.api.java.typeutils.PojoTypeInfo.toString()
Third Party Method: org.apache.commons.lang3.StringUtils.join(java.lang.Iterable, java.lang.String)
================================================================================

[DEBUG-STREAM] Processing node: generate, has iteration_log: True, approved=False
[Generate] produced 2206 chars
/part/01/Tmp/gamageyo/fika/experiments/flink/flink-core
[DEBUG-STREAM] Processing node: write, has iteration_log: True, approved=False
[Write] wrote to /part/01/Tmp/gamageyo/fika/experiments/flink/flink-core/src/test/java/org/apache/flink/api/java/typeutils/PojoTypeInfotoString_StringUtilsjoinFikaTest.java
[DEBUG-STREAM] Processing node: validate_constraints, has iteration_log: True, approved=False
[Validate] FAILED - hard constraints violated
[DEBUG-STREAM] Processing node: decide, has iteration_log: True, approved=False
[Decide] approved=False (hard constraint violation, will retry if iteration<5)
[DEBUG-STREAM] Processing node: generate, has iteration_log: True, approved=False
[Generate] produced 1471 chars
/part/01/Tmp/gamageyo/fika/experiments/flink/flink-core
[DEBUG-STREAM] Processing node: write, has iteration_log: True, approved=False
[Write] wrote to /part/01/Tmp/gamageyo/fika/experiments/flink/flink-core/src/test/java/org/apache/flink/api/java/typeutils/PojoTypeInfotoString_StringUtilsjoinFikaTest.java
[DEBUG-STREAM] Processing node: validate_constraints, has iteration_log: True, approved=False
[Validate] PASSED - hard constraints satisfied
[DEBUG-STREAM] Processing node: run, has iteration_log: True, approved=False
[Run] feedback_chars=12195
[DEBUG-STREAM] Processing node: check_coverage, has iteration_log: True, approved=False
[Coverage] target 'org.apache.commons.lang3.StringUtils.join(java.lang.Iterable, java.lang.String)' covered=True
[DEBUG-STREAM] Processing node: decide, has iteration_log: True, approved=True
[Decide] approved=True (tests passed AND target method covered)
[DEBUG-STREAM] Processing node: finalize, has iteration_log: True, approved=True
[Finalize] SUCCESS: Test passed and target method covered

[DEBUG] Stream completed. final_state is set
[DEBUG] final_state keys: ['repo_root', 'mvn_cmd', 'max_iterations', 'run_only_generated_test', 'entryPoint', 'thirdPartyMethod', 'directCaller', 'path', 'methodSources', 'constructors', 'setters', 'fieldDeclarations', 'imports', 'testTemplate', 'conditionCount', 'callCount', 'covered', 'test_package', 'test_class_name', 'iteration', 'java_source', 'last_run_output', 'last_exit_code', 'success', 'approved', 'test_rel_path', 'trace', 'target_method_covered', 'coverage_total_lines', 'coverage_error', 'path_coverage_details', 'iteration_log', 'last_prompt']
[DEBUG] approved (after bool()) = True
✓ Test approved at iteration 2
  JSON path: /part/01/Tmp/gamageyo/fika/experiments/flink/flink-core/third_party_apis_full_methods.json
  Looking for thirdPartyMethod: org.apache.commons.lang3.StringUtils.join(java.lang.Iterable, java.lang.String)
  Looking for directCaller: org.apache.flink.api.java.typeutils.PojoTypeInfo.toString()
[DEBUG]   ✓ MATCH FOUND at path 11
✓ Updated 1 record(s) in JSON file as covered
  Third Party Method: org.apache.commons.lang3.StringUtils.join(java.lang.Iterable, java.lang.String)
  Direct Caller: org.apache.flink.api.java.typeutils.PojoTypeInfo.toString()

================================================================================
PROCESSING TEST CASE 13/223
================================================================================
Entry Point: org.apache.flink.api.java.typeutils.runtime.kryo.JavaSerializer.write(com.esotericsoftware.kryo.Kryo, com.esotericsoftware.kryo.io.Output, java.lang.Object)
Third Party Method: com.esotericsoftware.kryo.KryoException.<init>(java.lang.String, java.lang.Throwable)
================================================================================

[DEBUG-STREAM] Processing node: generate, has iteration_log: True, approved=False
[Generate] produced 937 chars
/part/01/Tmp/gamageyo/fika/experiments/flink/flink-core
[DEBUG-STREAM] Processing node: write, has iteration_log: True, approved=False
[Write] wrote to /part/01/Tmp/gamageyo/fika/experiments/flink/flink-core/src/test/java/org/apache/flink/api/java/typeutils/runtime/kryo/JavaSerializerwrite_KryoExceptionmethodFikaTest.java
[DEBUG-STREAM] Processing node: validate_constraints, has iteration_log: True, approved=False
[Validate] FAILED - hard constraints violated
[DEBUG-STREAM] Processing node: decide, has iteration_log: True, approved=False
[Decide] approved=False (hard constraint violation, will retry if iteration<5)
[DEBUG-STREAM] Processing node: generate, has iteration_log: True, approved=False
[Generate] produced 1012 chars
/part/01/Tmp/gamageyo/fika/experiments/flink/flink-core
[DEBUG-STREAM] Processing node: write, has iteration_log: True, approved=False
[Write] wrote to /part/01/Tmp/gamageyo/fika/experiments/flink/flink-core/src/test/java/org/apache/flink/api/java/typeutils/runtime/kryo/JavaSerializerwrite_KryoExceptionmethodFikaTest.java
[DEBUG-STREAM] Processing node: validate_constraints, has iteration_log: True, approved=False
[Validate] PASSED - hard constraints satisfied
[DEBUG-STREAM] Processing node: run, has iteration_log: True, approved=False
[Run] feedback_chars=12195
[DEBUG-STREAM] Processing node: check_coverage, has iteration_log: True, approved=False
[Coverage] target 'com.esotericsoftware.kryo.KryoException.<init>(java.lang.String, java.lang.Throwable)' covered=True
[DEBUG-STREAM] Processing node: decide, has iteration_log: True, approved=True
[Decide] approved=True (tests passed AND target method covered)
[DEBUG-STREAM] Processing node: finalize, has iteration_log: True, approved=True
[Finalize] SUCCESS: Test passed and target method covered

[DEBUG] Stream completed. final_state is set
[DEBUG] final_state keys: ['repo_root', 'mvn_cmd', 'max_iterations', 'run_only_generated_test', 'entryPoint', 'thirdPartyMethod', 'directCaller', 'path', 'methodSources', 'constructors', 'setters', 'fieldDeclarations', 'imports', 'testTemplate', 'conditionCount', 'callCount', 'covered', 'test_package', 'test_class_name', 'iteration', 'java_source', 'last_run_output', 'last_exit_code', 'success', 'approved', 'test_rel_path', 'trace', 'target_method_covered', 'coverage_total_lines', 'coverage_error', 'path_coverage_details', 'iteration_log', 'last_prompt']
[DEBUG] approved (after bool()) = True
✓ Test approved at iteration 2
  JSON path: /part/01/Tmp/gamageyo/fika/experiments/flink/flink-core/third_party_apis_full_methods.json
  Looking for thirdPartyMethod: com.esotericsoftware.kryo.KryoException.<init>(java.lang.String, java.lang.Throwable)
  Looking for directCaller: org.apache.flink.api.java.typeutils.runtime.kryo.JavaSerializer.write(com.esotericsoftware.kryo.Kryo, com.esotericsoftware.kryo.io.Output, java.lang.Object)
[DEBUG]   ✓ MATCH FOUND at path 12
✓ Updated 1 record(s) in JSON file as covered
  Third Party Method: com.esotericsoftware.kryo.KryoException.<init>(java.lang.String, java.lang.Throwable)
  Direct Caller: org.apache.flink.api.java.typeutils.runtime.kryo.JavaSerializer.write(com.esotericsoftware.kryo.Kryo, com.esotericsoftware.kryo.io.Output, java.lang.Object)

================================================================================
PROCESSING TEST CASE 14/223
================================================================================
Entry Point: org.apache.flink.api.java.typeutils.runtime.kryo.JavaSerializer.read(com.esotericsoftware.kryo.Kryo, com.esotericsoftware.kryo.io.Input, java.lang.Class)
Third Party Method: com.esotericsoftware.kryo.util.ObjectMap.get(java.lang.Object)
================================================================================

[DEBUG-STREAM] Processing node: generate, has iteration_log: True, approved=False
[Generate] produced 622 chars
/part/01/Tmp/gamageyo/fika/experiments/flink/flink-core
[DEBUG-STREAM] Processing node: write, has iteration_log: True, approved=False
[Write] wrote to /part/01/Tmp/gamageyo/fika/experiments/flink/flink-core/src/test/java/org/apache/flink/api/java/typeutils/runtime/kryo/JavaSerializerread_ObjectMapgetFikaTest.java
[DEBUG-STREAM] Processing node: validate_constraints, has iteration_log: True, approved=False
[Validate] PASSED - hard constraints satisfied
[DEBUG-STREAM] Processing node: run, has iteration_log: True, approved=False
[Run] feedback_chars=1668
[DEBUG-STREAM] Processing node: check_coverage, has iteration_log: True, approved=False
[Coverage] target 'com.esotericsoftware.kryo.util.ObjectMap.get(java.lang.Object)' covered=False
[DEBUG-STREAM] Processing node: decide, has iteration_log: True, approved=False
[Decide] approved=False (tests failed, will retry if iteration<5)
[DEBUG-STREAM] Processing node: generate, has iteration_log: True, approved=False
[Generate] produced 1307 chars
/part/01/Tmp/gamageyo/fika/experiments/flink/flink-core
[DEBUG-STREAM] Processing node: write, has iteration_log: True, approved=False
[Write] wrote to /part/01/Tmp/gamageyo/fika/experiments/flink/flink-core/src/test/java/org/apache/flink/api/java/typeutils/runtime/kryo/JavaSerializerread_ObjectMapgetFikaTest.java
[DEBUG-STREAM] Processing node: validate_constraints, has iteration_log: True, approved=False
[Validate] PASSED - hard constraints satisfied
[DEBUG-STREAM] Processing node: run, has iteration_log: True, approved=False
[Run] feedback_chars=494
[DEBUG-STREAM] Processing node: check_coverage, has iteration_log: True, approved=False
[Coverage] target 'com.esotericsoftware.kryo.util.ObjectMap.get(java.lang.Object)' covered=False
[DEBUG-STREAM] Processing node: decide, has iteration_log: True, approved=False
[Decide] approved=False (tests failed, will retry if iteration<5)
[DEBUG-STREAM] Processing node: generate, has iteration_log: True, approved=False
[Generate] produced 887 chars
/part/01/Tmp/gamageyo/fika/experiments/flink/flink-core
[DEBUG-STREAM] Processing node: write, has iteration_log: True, approved=False
[Write] wrote to /part/01/Tmp/gamageyo/fika/experiments/flink/flink-core/src/test/java/org/apache/flink/api/java/typeutils/runtime/kryo/JavaSerializerread_ObjectMapgetFikaTest.java
[DEBUG-STREAM] Processing node: validate_constraints, has iteration_log: True, approved=False
[Validate] PASSED - hard constraints satisfied
[DEBUG-STREAM] Processing node: run, has iteration_log: True, approved=False
[Run] feedback_chars=1668
[DEBUG-STREAM] Processing node: check_coverage, has iteration_log: True, approved=False
[Coverage] target 'com.esotericsoftware.kryo.util.ObjectMap.get(java.lang.Object)' covered=False
[DEBUG-STREAM] Processing node: decide, has iteration_log: True, approved=False
[Decide] approved=False (tests failed, will retry if iteration<5)
[DEBUG-STREAM] Processing node: generate, has iteration_log: True, approved=False
[Generate] produced 936 chars
/part/01/Tmp/gamageyo/fika/experiments/flink/flink-core
[DEBUG-STREAM] Processing node: write, has iteration_log: True, approved=False
[Write] wrote to /part/01/Tmp/gamageyo/fika/experiments/flink/flink-core/src/test/java/org/apache/flink/api/java/typeutils/runtime/kryo/JavaSerializerread_ObjectMapgetFikaTest.java
[DEBUG-STREAM] Processing node: validate_constraints, has iteration_log: True, approved=False
[Validate] PASSED - hard constraints satisfied
[DEBUG-STREAM] Processing node: run, has iteration_log: True, approved=False
[Run] feedback_chars=494
[DEBUG-STREAM] Processing node: check_coverage, has iteration_log: True, approved=False
[Coverage] target 'com.esotericsoftware.kryo.util.ObjectMap.get(java.lang.Object)' covered=False
[DEBUG-STREAM] Processing node: decide, has iteration_log: True, approved=False
[Decide] approved=False (tests failed, will retry if iteration<5)
[DEBUG-STREAM] Processing node: generate, has iteration_log: True, approved=False
[Generate] produced 1013 chars
/part/01/Tmp/gamageyo/fika/experiments/flink/flink-core
[DEBUG-STREAM] Processing node: write, has iteration_log: True, approved=False
[Write] wrote to /part/01/Tmp/gamageyo/fika/experiments/flink/flink-core/src/test/java/org/apache/flink/api/java/typeutils/runtime/kryo/JavaSerializerread_ObjectMapgetFikaTest.java
[DEBUG-STREAM] Processing node: validate_constraints, has iteration_log: True, approved=False
[Validate] PASSED - hard constraints satisfied
[DEBUG-STREAM] Processing node: run, has iteration_log: True, approved=False
[Run] feedback_chars=12195
[DEBUG-STREAM] Processing node: check_coverage, has iteration_log: True, approved=False
[Coverage] target 'com.esotericsoftware.kryo.util.ObjectMap.get(java.lang.Object)' covered=True
[DEBUG-STREAM] Processing node: decide, has iteration_log: True, approved=True
[Decide] approved=True (tests passed AND target method covered)
[DEBUG-STREAM] Processing node: finalize, has iteration_log: True, approved=True
[Finalize] SUCCESS: Test passed and target method covered

[DEBUG] Stream completed. final_state is set
[DEBUG] final_state keys: ['repo_root', 'mvn_cmd', 'max_iterations', 'run_only_generated_test', 'entryPoint', 'thirdPartyMethod', 'directCaller', 'path', 'methodSources', 'constructors', 'setters', 'fieldDeclarations', 'imports', 'testTemplate', 'conditionCount', 'callCount', 'covered', 'test_package', 'test_class_name', 'iteration', 'java_source', 'last_run_output', 'last_exit_code', 'success', 'approved', 'test_rel_path', 'trace', 'target_method_covered', 'coverage_total_lines', 'coverage_error', 'path_coverage_details', 'iteration_log', 'last_prompt']
[DEBUG] approved (after bool()) = True
✓ Test approved at iteration 5
  JSON path: /part/01/Tmp/gamageyo/fika/experiments/flink/flink-core/third_party_apis_full_methods.json
  Looking for thirdPartyMethod: com.esotericsoftware.kryo.util.ObjectMap.get(java.lang.Object)
  Looking for directCaller: org.apache.flink.api.java.typeutils.runtime.kryo.JavaSerializer.read(com.esotericsoftware.kryo.Kryo, com.esotericsoftware.kryo.io.Input, java.lang.Class)
[DEBUG]   ✓ MATCH FOUND at path 13
✓ Updated 1 record(s) in JSON file as covered
  Third Party Method: com.esotericsoftware.kryo.util.ObjectMap.get(java.lang.Object)
  Direct Caller: org.apache.flink.api.java.typeutils.runtime.kryo.JavaSerializer.read(com.esotericsoftware.kryo.Kryo, com.esotericsoftware.kryo.io.Input, java.lang.Class)

================================================================================
PROCESSING TEST CASE 15/223
================================================================================
Entry Point: org.apache.flink.api.java.typeutils.runtime.kryo.JavaSerializer.write(com.esotericsoftware.kryo.Kryo, com.esotericsoftware.kryo.io.Output, java.lang.Object)
Third Party Method: com.esotericsoftware.kryo.util.ObjectMap.put(java.lang.Object, java.lang.Object)
================================================================================

[DEBUG-STREAM] Processing node: generate, has iteration_log: True, approved=False
[Generate] produced 909 chars
/part/01/Tmp/gamageyo/fika/experiments/flink/flink-core
[DEBUG-STREAM] Processing node: write, has iteration_log: True, approved=False
[Write] wrote to /part/01/Tmp/gamageyo/fika/experiments/flink/flink-core/src/test/java/org/apache/flink/api/java/typeutils/runtime/kryo/JavaSerializerwrite_ObjectMapputFikaTest.java
[DEBUG-STREAM] Processing node: validate_constraints, has iteration_log: True, approved=False
[Validate] PASSED - hard constraints satisfied
[DEBUG-STREAM] Processing node: run, has iteration_log: True, approved=False
[Run] feedback_chars=12195
[DEBUG-STREAM] Processing node: check_coverage, has iteration_log: True, approved=False
[Coverage] target 'com.esotericsoftware.kryo.util.ObjectMap.put(java.lang.Object, java.lang.Object)' covered=False
[DEBUG-STREAM] Processing node: decide, has iteration_log: True, approved=False
[Decide] approved=False (tests passed but target method NOT covered, will retry if iteration<5)
[DEBUG-STREAM] Processing node: generate, has iteration_log: True, approved=False
[Generate] produced 787 chars
/part/01/Tmp/gamageyo/fika/experiments/flink/flink-core
[DEBUG-STREAM] Processing node: write, has iteration_log: True, approved=False
[Write] wrote to /part/01/Tmp/gamageyo/fika/experiments/flink/flink-core/src/test/java/org/apache/flink/api/java/typeutils/runtime/kryo/JavaSerializerwrite_ObjectMapputFikaTest.java
[DEBUG-STREAM] Processing node: validate_constraints, has iteration_log: True, approved=False
[Validate] PASSED - hard constraints satisfied
[DEBUG-STREAM] Processing node: run, has iteration_log: True, approved=False
[Run] feedback_chars=1601
[DEBUG-STREAM] Processing node: check_coverage, has iteration_log: True, approved=False
[Coverage] target 'com.esotericsoftware.kryo.util.ObjectMap.put(java.lang.Object, java.lang.Object)' covered=False
[DEBUG-STREAM] Processing node: decide, has iteration_log: True, approved=False
[Decide] approved=False (tests failed, will retry if iteration<5)
[DEBUG-STREAM] Processing node: generate, has iteration_log: True, approved=False
[Generate] produced 667 chars
/part/01/Tmp/gamageyo/fika/experiments/flink/flink-core
[DEBUG-STREAM] Processing node: write, has iteration_log: True, approved=False
[Write] wrote to /part/01/Tmp/gamageyo/fika/experiments/flink/flink-core/src/test/java/org/apache/flink/api/java/typeutils/runtime/kryo/JavaSerializerwrite_ObjectMapputFikaTest.java
[DEBUG-STREAM] Processing node: validate_constraints, has iteration_log: True, approved=False
[Validate] PASSED - hard constraints satisfied
[DEBUG-STREAM] Processing node: run, has iteration_log: True, approved=False
[Run] feedback_chars=12195
[DEBUG-STREAM] Processing node: check_coverage, has iteration_log: True, approved=False
[Coverage] target 'com.esotericsoftware.kryo.util.ObjectMap.put(java.lang.Object, java.lang.Object)' covered=True
[DEBUG-STREAM] Processing node: decide, has iteration_log: True, approved=True
[Decide] approved=True (tests passed AND target method covered)
[DEBUG-STREAM] Processing node: finalize, has iteration_log: True, approved=True
[Finalize] SUCCESS: Test passed and target method covered

[DEBUG] Stream completed. final_state is set
[DEBUG] final_state keys: ['repo_root', 'mvn_cmd', 'max_iterations', 'run_only_generated_test', 'entryPoint', 'thirdPartyMethod', 'directCaller', 'path', 'methodSources', 'constructors', 'setters', 'fieldDeclarations', 'imports', 'testTemplate', 'conditionCount', 'callCount', 'covered', 'test_package', 'test_class_name', 'iteration', 'java_source', 'last_run_output', 'last_exit_code', 'success', 'approved', 'test_rel_path', 'trace', 'target_method_covered', 'coverage_total_lines', 'coverage_error', 'path_coverage_details', 'iteration_log', 'last_prompt']
[DEBUG] approved (after bool()) = True
✓ Test approved at iteration 3
  JSON path: /part/01/Tmp/gamageyo/fika/experiments/flink/flink-core/third_party_apis_full_methods.json
  Looking for thirdPartyMethod: com.esotericsoftware.kryo.util.ObjectMap.put(java.lang.Object, java.lang.Object)
  Looking for directCaller: org.apache.flink.api.java.typeutils.runtime.kryo.JavaSerializer.write(com.esotericsoftware.kryo.Kryo, com.esotericsoftware.kryo.io.Output, java.lang.Object)
[DEBUG]   ✓ MATCH FOUND at path 14
✓ Updated 1 record(s) in JSON file as covered
  Third Party Method: com.esotericsoftware.kryo.util.ObjectMap.put(java.lang.Object, java.lang.Object)
  Direct Caller: org.apache.flink.api.java.typeutils.runtime.kryo.JavaSerializer.write(com.esotericsoftware.kryo.Kryo, com.esotericsoftware.kryo.io.Output, java.lang.Object)

================================================================================
PROCESSING TEST CASE 16/223
================================================================================
Entry Point: org.apache.flink.api.java.typeutils.runtime.kryo.JavaSerializer.write(com.esotericsoftware.kryo.Kryo, com.esotericsoftware.kryo.io.Output, java.lang.Object)
Third Party Method: com.esotericsoftware.kryo.Kryo.getGraphContext()
================================================================================

[DEBUG-STREAM] Processing node: generate, has iteration_log: True, approved=False
[Generate] produced 625 chars
/part/01/Tmp/gamageyo/fika/experiments/flink/flink-core
[DEBUG-STREAM] Processing node: write, has iteration_log: True, approved=False
[Write] wrote to /part/01/Tmp/gamageyo/fika/experiments/flink/flink-core/src/test/java/org/apache/flink/api/java/typeutils/runtime/kryo/JavaSerializerwrite_KryogetGraphContextFikaTest.java
[DEBUG-STREAM] Processing node: validate_constraints, has iteration_log: True, approved=False
[Validate] PASSED - hard constraints satisfied
[DEBUG-STREAM] Processing node: run, has iteration_log: True, approved=False
[Run] feedback_chars=12195
[DEBUG-STREAM] Processing node: check_coverage, has iteration_log: True, approved=False
[Coverage] target 'com.esotericsoftware.kryo.Kryo.getGraphContext()' covered=True
[DEBUG-STREAM] Processing node: decide, has iteration_log: True, approved=True
[Decide] approved=True (tests passed AND target method covered)
[DEBUG-STREAM] Processing node: finalize, has iteration_log: True, approved=True
[Finalize] SUCCESS: Test passed and target method covered

[DEBUG] Stream completed. final_state is set
[DEBUG] final_state keys: ['repo_root', 'mvn_cmd', 'max_iterations', 'run_only_generated_test', 'entryPoint', 'thirdPartyMethod', 'directCaller', 'path', 'methodSources', 'constructors', 'setters', 'fieldDeclarations', 'imports', 'testTemplate', 'conditionCount', 'callCount', 'covered', 'test_package', 'test_class_name', 'iteration', 'java_source', 'last_run_output', 'last_exit_code', 'success', 'approved', 'test_rel_path', 'trace', 'target_method_covered', 'coverage_total_lines', 'coverage_error', 'path_coverage_details', 'iteration_log', 'last_prompt']
[DEBUG] approved (after bool()) = True
✓ Test approved at iteration 1
  JSON path: /part/01/Tmp/gamageyo/fika/experiments/flink/flink-core/third_party_apis_full_methods.json
  Looking for thirdPartyMethod: com.esotericsoftware.kryo.Kryo.getGraphContext()
  Looking for directCaller: org.apache.flink.api.java.typeutils.runtime.kryo.JavaSerializer.write(com.esotericsoftware.kryo.Kryo, com.esotericsoftware.kryo.io.Output, java.lang.Object)
[DEBUG]   ✓ MATCH FOUND at path 15
✓ Updated 1 record(s) in JSON file as covered
  Third Party Method: com.esotericsoftware.kryo.Kryo.getGraphContext()
  Direct Caller: org.apache.flink.api.java.typeutils.runtime.kryo.JavaSerializer.write(com.esotericsoftware.kryo.Kryo, com.esotericsoftware.kryo.io.Output, java.lang.Object)

================================================================================
PROCESSING TEST CASE 17/223
================================================================================
Entry Point: org.apache.flink.api.java.typeutils.runtime.kryo.JavaSerializer.read(com.esotericsoftware.kryo.Kryo, com.esotericsoftware.kryo.io.Input, java.lang.Class)
Third Party Method: com.esotericsoftware.kryo.Kryo.getClassLoader()
================================================================================

[DEBUG-STREAM] Processing node: generate, has iteration_log: True, approved=False
[Generate] produced 746 chars
/part/01/Tmp/gamageyo/fika/experiments/flink/flink-core
[DEBUG-STREAM] Processing node: write, has iteration_log: True, approved=False
[Write] wrote to /part/01/Tmp/gamageyo/fika/experiments/flink/flink-core/src/test/java/org/apache/flink/api/java/typeutils/runtime/kryo/JavaSerializerread_KryogetClassLoaderFikaTest.java
[DEBUG-STREAM] Processing node: validate_constraints, has iteration_log: True, approved=False
[Validate] PASSED - hard constraints satisfied
[DEBUG-STREAM] Processing node: run, has iteration_log: True, approved=False
[Run] feedback_chars=12195
[DEBUG-STREAM] Processing node: check_coverage, has iteration_log: True, approved=False
[Coverage] target 'com.esotericsoftware.kryo.Kryo.getClassLoader()' covered=False
[DEBUG-STREAM] Processing node: decide, has iteration_log: True, approved=False
[Decide] approved=False (tests passed but target method NOT covered, will retry if iteration<5)
[DEBUG-STREAM] Processing node: generate, has iteration_log: True, approved=False
[Generate] produced 736 chars
/part/01/Tmp/gamageyo/fika/experiments/flink/flink-core
[DEBUG-STREAM] Processing node: write, has iteration_log: True, approved=False
[Write] wrote to /part/01/Tmp/gamageyo/fika/experiments/flink/flink-core/src/test/java/org/apache/flink/api/java/typeutils/runtime/kryo/JavaSerializerread_KryogetClassLoaderFikaTest.java
[DEBUG-STREAM] Processing node: validate_constraints, has iteration_log: True, approved=False
[Validate] PASSED - hard constraints satisfied
[DEBUG-STREAM] Processing node: run, has iteration_log: True, approved=False
[Run] feedback_chars=1734
[DEBUG-STREAM] Processing node: check_coverage, has iteration_log: True, approved=False
[Coverage] target 'com.esotericsoftware.kryo.Kryo.getClassLoader()' covered=False
[DEBUG-STREAM] Processing node: decide, has iteration_log: True, approved=False
[Decide] approved=False (tests failed, will retry if iteration<5)
[DEBUG-STREAM] Processing node: generate, has iteration_log: True, approved=False
[Generate] produced 802 chars
/part/01/Tmp/gamageyo/fika/experiments/flink/flink-core
[DEBUG-STREAM] Processing node: write, has iteration_log: True, approved=False
[Write] wrote to /part/01/Tmp/gamageyo/fika/experiments/flink/flink-core/src/test/java/org/apache/flink/api/java/typeutils/runtime/kryo/JavaSerializerread_KryogetClassLoaderFikaTest.java
[DEBUG-STREAM] Processing node: validate_constraints, has iteration_log: True, approved=False
[Validate] PASSED - hard constraints satisfied
[DEBUG-STREAM] Processing node: run, has iteration_log: True, approved=False
[Run] feedback_chars=12195
[DEBUG-STREAM] Processing node: check_coverage, has iteration_log: True, approved=False
[Coverage] target 'com.esotericsoftware.kryo.Kryo.getClassLoader()' covered=False
[DEBUG-STREAM] Processing node: decide, has iteration_log: True, approved=False
[Decide] approved=False (tests passed but target method NOT covered, will retry if iteration<5)
[DEBUG-STREAM] Processing node: generate, has iteration_log: True, approved=False
[Generate] produced 664 chars
/part/01/Tmp/gamageyo/fika/experiments/flink/flink-core
[DEBUG-STREAM] Processing node: write, has iteration_log: True, approved=False
[Write] wrote to /part/01/Tmp/gamageyo/fika/experiments/flink/flink-core/src/test/java/org/apache/flink/api/java/typeutils/runtime/kryo/JavaSerializerread_KryogetClassLoaderFikaTest.java
[DEBUG-STREAM] Processing node: validate_constraints, has iteration_log: True, approved=False
[Validate] PASSED - hard constraints satisfied
[DEBUG-STREAM] Processing node: run, has iteration_log: True, approved=False
[Run] feedback_chars=1734
[DEBUG-STREAM] Processing node: check_coverage, has iteration_log: True, approved=False
[Coverage] target 'com.esotericsoftware.kryo.Kryo.getClassLoader()' covered=False
[DEBUG-STREAM] Processing node: decide, has iteration_log: True, approved=False
[Decide] approved=False (tests failed, will retry if iteration<5)
[DEBUG-STREAM] Processing node: generate, has iteration_log: True, approved=False
[Generate] produced 788 chars
/part/01/Tmp/gamageyo/fika/experiments/flink/flink-core
[DEBUG-STREAM] Processing node: write, has iteration_log: True, approved=False
[Write] wrote to /part/01/Tmp/gamageyo/fika/experiments/flink/flink-core/src/test/java/org/apache/flink/api/java/typeutils/runtime/kryo/JavaSerializerread_KryogetClassLoaderFikaTest.java
[DEBUG-STREAM] Processing node: validate_constraints, has iteration_log: True, approved=False
[Validate] PASSED - hard constraints satisfied
[DEBUG-STREAM] Processing node: run, has iteration_log: True, approved=False
[Run] feedback_chars=12195
[DEBUG-STREAM] Processing node: check_coverage, has iteration_log: True, approved=False
[Coverage] target 'com.esotericsoftware.kryo.Kryo.getClassLoader()' covered=False
[DEBUG-STREAM] Processing node: decide, has iteration_log: True, approved=False
[Decide] approved=False (tests passed but target method NOT covered, will retry if iteration<5)
[DEBUG-STREAM] Processing node: finalize, has iteration_log: True, approved=False
[Finalize] Cleaned up unsuccessful test file: /part/01/Tmp/gamageyo/fika/experiments/flink/flink-core/src/test/java/org/apache/flink/api/java/typeutils/runtime/kryo/JavaSerializerread_KryogetClassLoaderFikaTest.java

[DEBUG] Stream completed. final_state is set
[DEBUG] final_state keys: ['repo_root', 'mvn_cmd', 'max_iterations', 'run_only_generated_test', 'entryPoint', 'thirdPartyMethod', 'directCaller', 'path', 'methodSources', 'constructors', 'setters', 'fieldDeclarations', 'imports', 'testTemplate', 'conditionCount', 'callCount', 'covered', 'test_package', 'test_class_name', 'iteration', 'java_source', 'last_run_output', 'last_exit_code', 'success', 'approved', 'test_rel_path', 'trace', 'target_method_covered', 'coverage_total_lines', 'coverage_error', 'path_coverage_details', 'iteration_log', 'last_prompt']
[DEBUG] approved (after bool()) = False

=== FAILURE REASON ===
Tests passed but target third-party method was NOT covered
   Target: com.esotericsoftware.kryo.Kryo.getClassLoader()


================================================================================
PROCESSING TEST CASE 18/223
================================================================================
Entry Point: org.apache.flink.api.java.typeutils.runtime.NoFetchingInput.read(byte[], int, int)
Third Party Method: com.esotericsoftware.kryo.KryoException.<init>(java.lang.Throwable)
================================================================================

[DEBUG-STREAM] Processing node: generate, has iteration_log: True, approved=False
[Generate] produced 1044 chars
/part/01/Tmp/gamageyo/fika/experiments/flink/flink-core
[DEBUG-STREAM] Processing node: write, has iteration_log: True, approved=False
[Write] wrote to /part/01/Tmp/gamageyo/fika/experiments/flink/flink-core/src/test/java/org/apache/flink/api/java/typeutils/runtime/NoFetchingInputread_KryoExceptionmethodFikaTest.java
[DEBUG-STREAM] Processing node: validate_constraints, has iteration_log: True, approved=False
[Validate] FAILED - hard constraints violated
[DEBUG-STREAM] Processing node: decide, has iteration_log: True, approved=False
[Decide] approved=False (hard constraint violation, will retry if iteration<5)
[DEBUG-STREAM] Processing node: generate, has iteration_log: True, approved=False
[Generate] produced 1107 chars
/part/01/Tmp/gamageyo/fika/experiments/flink/flink-core
[DEBUG-STREAM] Processing node: write, has iteration_log: True, approved=False
[Write] wrote to /part/01/Tmp/gamageyo/fika/experiments/flink/flink-core/src/test/java/org/apache/flink/api/java/typeutils/runtime/NoFetchingInputread_KryoExceptionmethodFikaTest.java
[DEBUG-STREAM] Processing node: validate_constraints, has iteration_log: True, approved=False
[Validate] FAILED - hard constraints violated
[DEBUG-STREAM] Processing node: decide, has iteration_log: True, approved=False
[Decide] approved=False (hard constraint violation, will retry if iteration<5)
[DEBUG-STREAM] Processing node: generate, has iteration_log: True, approved=False
[Generate] produced 1049 chars
/part/01/Tmp/gamageyo/fika/experiments/flink/flink-core
[DEBUG-STREAM] Processing node: write, has iteration_log: True, approved=False
[Write] wrote to /part/01/Tmp/gamageyo/fika/experiments/flink/flink-core/src/test/java/org/apache/flink/api/java/typeutils/runtime/NoFetchingInputread_KryoExceptionmethodFikaTest.java
[DEBUG-STREAM] Processing node: validate_constraints, has iteration_log: True, approved=False
[Validate] FAILED - hard constraints violated
[DEBUG-STREAM] Processing node: decide, has iteration_log: True, approved=False
[Decide] approved=False (hard constraint violation, will retry if iteration<5)
[DEBUG-STREAM] Processing node: generate, has iteration_log: True, approved=False
[Generate] produced 1038 chars
/part/01/Tmp/gamageyo/fika/experiments/flink/flink-core
[DEBUG-STREAM] Processing node: write, has iteration_log: True, approved=False
[Write] wrote to /part/01/Tmp/gamageyo/fika/experiments/flink/flink-core/src/test/java/org/apache/flink/api/java/typeutils/runtime/NoFetchingInputread_KryoExceptionmethodFikaTest.java
[DEBUG-STREAM] Processing node: validate_constraints, has iteration_log: True, approved=False
[Validate] FAILED - hard constraints violated
[DEBUG-STREAM] Processing node: decide, has iteration_log: True, approved=False
[Decide] approved=False (hard constraint violation, will retry if iteration<5)
[DEBUG-STREAM] Processing node: generate, has iteration_log: True, approved=False
[Generate] produced 1058 chars
/part/01/Tmp/gamageyo/fika/experiments/flink/flink-core
[DEBUG-STREAM] Processing node: write, has iteration_log: True, approved=False
[Write] wrote to /part/01/Tmp/gamageyo/fika/experiments/flink/flink-core/src/test/java/org/apache/flink/api/java/typeutils/runtime/NoFetchingInputread_KryoExceptionmethodFikaTest.java
[DEBUG-STREAM] Processing node: validate_constraints, has iteration_log: True, approved=False
[Validate] FAILED - hard constraints violated
[DEBUG-STREAM] Processing node: decide, has iteration_log: True, approved=False
[Decide] approved=False (hard constraint violation, will retry if iteration<5)
[DEBUG-STREAM] Processing node: finalize, has iteration_log: True, approved=False
[Finalize] Cleaned up unsuccessful test file: /part/01/Tmp/gamageyo/fika/experiments/flink/flink-core/src/test/java/org/apache/flink/api/java/typeutils/runtime/NoFetchingInputread_KryoExceptionmethodFikaTest.java

[DEBUG] Stream completed. final_state is set
[DEBUG] final_state keys: ['repo_root', 'mvn_cmd', 'max_iterations', 'run_only_generated_test', 'entryPoint', 'thirdPartyMethod', 'directCaller', 'path', 'methodSources', 'constructors', 'setters', 'fieldDeclarations', 'imports', 'testTemplate', 'conditionCount', 'callCount', 'covered', 'test_package', 'test_class_name', 'iteration', 'java_source', 'last_run_output', 'last_exit_code', 'success', 'approved', 'test_rel_path', 'trace', 'target_method_covered', 'coverage_total_lines', 'coverage_error', 'path_coverage_details', 'iteration_log', 'last_prompt']
[DEBUG] approved (after bool()) = False

=== FAILURE REASON ===
Tests failed to compile or run successfully


================================================================================
PROCESSING TEST CASE 19/223
================================================================================
Entry Point: org.apache.flink.api.java.typeutils.runtime.kryo.JavaSerializer.read(com.esotericsoftware.kryo.Kryo, com.esotericsoftware.kryo.io.Input, java.lang.Class)
Third Party Method: com.esotericsoftware.kryo.KryoException.<init>(java.lang.String, java.lang.Throwable)
================================================================================

[DEBUG-STREAM] Processing node: generate, has iteration_log: True, approved=False
[Generate] produced 921 chars
/part/01/Tmp/gamageyo/fika/experiments/flink/flink-core
[DEBUG-STREAM] Processing node: write, has iteration_log: True, approved=False
[Write] wrote to /part/01/Tmp/gamageyo/fika/experiments/flink/flink-core/src/test/java/org/apache/flink/api/java/typeutils/runtime/kryo/JavaSerializerread_KryoExceptionmethodFikaTest.java
[DEBUG-STREAM] Processing node: validate_constraints, has iteration_log: True, approved=False
[Validate] PASSED - hard constraints satisfied
[DEBUG-STREAM] Processing node: run, has iteration_log: True, approved=False
[Run] feedback_chars=12195
[DEBUG-STREAM] Processing node: check_coverage, has iteration_log: True, approved=False
[Coverage] target 'com.esotericsoftware.kryo.KryoException.<init>(java.lang.String, java.lang.Throwable)' covered=True
[DEBUG-STREAM] Processing node: decide, has iteration_log: True, approved=True
[Decide] approved=True (tests passed AND target method covered)
[DEBUG-STREAM] Processing node: finalize, has iteration_log: True, approved=True
[Finalize] SUCCESS: Test passed and target method covered

[DEBUG] Stream completed. final_state is set
[DEBUG] final_state keys: ['repo_root', 'mvn_cmd', 'max_iterations', 'run_only_generated_test', 'entryPoint', 'thirdPartyMethod', 'directCaller', 'path', 'methodSources', 'constructors', 'setters', 'fieldDeclarations', 'imports', 'testTemplate', 'conditionCount', 'callCount', 'covered', 'test_package', 'test_class_name', 'iteration', 'java_source', 'last_run_output', 'last_exit_code', 'success', 'approved', 'test_rel_path', 'trace', 'target_method_covered', 'coverage_total_lines', 'coverage_error', 'path_coverage_details', 'iteration_log', 'last_prompt']
[DEBUG] approved (after bool()) = True
✓ Test approved at iteration 1
  JSON path: /part/01/Tmp/gamageyo/fika/experiments/flink/flink-core/third_party_apis_full_methods.json
  Looking for thirdPartyMethod: com.esotericsoftware.kryo.KryoException.<init>(java.lang.String, java.lang.Throwable)
  Looking for directCaller: org.apache.flink.api.java.typeutils.runtime.kryo.JavaSerializer.read(com.esotericsoftware.kryo.Kryo, com.esotericsoftware.kryo.io.Input, java.lang.Class)
[DEBUG]   ✓ MATCH FOUND at path 18
✓ Updated 1 record(s) in JSON file as covered
  Third Party Method: com.esotericsoftware.kryo.KryoException.<init>(java.lang.String, java.lang.Throwable)
  Direct Caller: org.apache.flink.api.java.typeutils.runtime.kryo.JavaSerializer.read(com.esotericsoftware.kryo.Kryo, com.esotericsoftware.kryo.io.Input, java.lang.Class)

================================================================================
PROCESSING TEST CASE 20/223
================================================================================
Entry Point: org.apache.flink.api.java.typeutils.runtime.kryo.KryoSerializer.createInstance()
Third Party Method: com.esotericsoftware.kryo.Kryo.newInstance(java.lang.Class)
================================================================================

[DEBUG-STREAM] Processing node: generate, has iteration_log: True, approved=False
[Generate] produced 1670 chars
/part/01/Tmp/gamageyo/fika/experiments/flink/flink-core
[DEBUG-STREAM] Processing node: write, has iteration_log: True, approved=False
[Write] wrote to /part/01/Tmp/gamageyo/fika/experiments/flink/flink-core/src/test/java/org/apache/flink/api/java/typeutils/runtime/kryo/KryoSerializercreateInstance_KryonewInstanceFikaTest.java
[DEBUG-STREAM] Processing node: validate_constraints, has iteration_log: True, approved=False
[Validate] PASSED - hard constraints satisfied
[DEBUG-STREAM] Processing node: run, has iteration_log: True, approved=False
[Run] feedback_chars=12195
[DEBUG-STREAM] Processing node: check_coverage, has iteration_log: True, approved=False
[Coverage] target 'com.esotericsoftware.kryo.Kryo.newInstance(java.lang.Class)' covered=True
[DEBUG-STREAM] Processing node: decide, has iteration_log: True, approved=True
[Decide] approved=True (tests passed AND target method covered)
[DEBUG-STREAM] Processing node: finalize, has iteration_log: True, approved=True
[Finalize] SUCCESS: Test passed and target method covered

[DEBUG] Stream completed. final_state is set
[DEBUG] final_state keys: ['repo_root', 'mvn_cmd', 'max_iterations', 'run_only_generated_test', 'entryPoint', 'thirdPartyMethod', 'directCaller', 'path', 'methodSources', 'constructors', 'setters', 'fieldDeclarations', 'imports', 'testTemplate', 'conditionCount', 'callCount', 'covered', 'test_package', 'test_class_name', 'iteration', 'java_source', 'last_run_output', 'last_exit_code', 'success', 'approved', 'test_rel_path', 'trace', 'target_method_covered', 'coverage_total_lines', 'coverage_error', 'path_coverage_details', 'iteration_log', 'last_prompt']
[DEBUG] approved (after bool()) = True
✓ Test approved at iteration 1
  JSON path: /part/01/Tmp/gamageyo/fika/experiments/flink/flink-core/third_party_apis_full_methods.json
  Looking for thirdPartyMethod: com.esotericsoftware.kryo.Kryo.newInstance(java.lang.Class)
  Looking for directCaller: org.apache.flink.api.java.typeutils.runtime.kryo.KryoSerializer.createInstance()
[DEBUG]   ✓ MATCH FOUND at path 19
✓ Updated 1 record(s) in JSON file as covered
  Third Party Method: com.esotericsoftware.kryo.Kryo.newInstance(java.lang.Class)
  Direct Caller: org.apache.flink.api.java.typeutils.runtime.kryo.KryoSerializer.createInstance()

================================================================================
PROCESSING TEST CASE 21/223
================================================================================
Entry Point: org.apache.flink.api.java.typeutils.runtime.kryo.JavaSerializer.write(com.esotericsoftware.kryo.Kryo, com.esotericsoftware.kryo.io.Output, java.lang.Object)
Third Party Method: com.esotericsoftware.kryo.util.ObjectMap.get(java.lang.Object)
================================================================================

[DEBUG-STREAM] Processing node: generate, has iteration_log: True, approved=False
[Generate] produced 812 chars
/part/01/Tmp/gamageyo/fika/experiments/flink/flink-core
[DEBUG-STREAM] Processing node: write, has iteration_log: True, approved=False
[Write] wrote to /part/01/Tmp/gamageyo/fika/experiments/flink/flink-core/src/test/java/org/apache/flink/api/java/typeutils/runtime/kryo/JavaSerializerwrite_ObjectMapgetFikaTest.java
[DEBUG-STREAM] Processing node: validate_constraints, has iteration_log: True, approved=False
[Validate] PASSED - hard constraints satisfied
[DEBUG-STREAM] Processing node: run, has iteration_log: True, approved=False
[Run] feedback_chars=547
[DEBUG-STREAM] Processing node: check_coverage, has iteration_log: True, approved=False
[Coverage] target 'com.esotericsoftware.kryo.util.ObjectMap.get(java.lang.Object)' covered=False
[DEBUG-STREAM] Processing node: decide, has iteration_log: True, approved=False
[Decide] approved=False (tests failed, will retry if iteration<5)
[DEBUG-STREAM] Processing node: generate, has iteration_log: True, approved=False
[Generate] produced 944 chars
/part/01/Tmp/gamageyo/fika/experiments/flink/flink-core
[DEBUG-STREAM] Processing node: write, has iteration_log: True, approved=False
[Write] wrote to /part/01/Tmp/gamageyo/fika/experiments/flink/flink-core/src/test/java/org/apache/flink/api/java/typeutils/runtime/kryo/JavaSerializerwrite_ObjectMapgetFikaTest.java
[DEBUG-STREAM] Processing node: validate_constraints, has iteration_log: True, approved=False
[Validate] PASSED - hard constraints satisfied
[DEBUG-STREAM] Processing node: run, has iteration_log: True, approved=False
[Run] feedback_chars=547
[DEBUG-STREAM] Processing node: check_coverage, has iteration_log: True, approved=False
[Coverage] target 'com.esotericsoftware.kryo.util.ObjectMap.get(java.lang.Object)' covered=False
[DEBUG-STREAM] Processing node: decide, has iteration_log: True, approved=False
[Decide] approved=False (tests failed, will retry if iteration<5)
[DEBUG-STREAM] Processing node: generate, has iteration_log: True, approved=False
[Generate] produced 1258 chars
/part/01/Tmp/gamageyo/fika/experiments/flink/flink-core
[DEBUG-STREAM] Processing node: write, has iteration_log: True, approved=False
[Write] wrote to /part/01/Tmp/gamageyo/fika/experiments/flink/flink-core/src/test/java/org/apache/flink/api/java/typeutils/runtime/kryo/JavaSerializerwrite_ObjectMapgetFikaTest.java
[DEBUG-STREAM] Processing node: validate_constraints, has iteration_log: True, approved=False
[Validate] FAILED - hard constraints violated
[DEBUG-STREAM] Processing node: decide, has iteration_log: True, approved=False
[Decide] approved=False (hard constraint violation, will retry if iteration<5)
[DEBUG-STREAM] Processing node: generate, has iteration_log: True, approved=False
[Generate] produced 679 chars
/part/01/Tmp/gamageyo/fika/experiments/flink/flink-core
[DEBUG-STREAM] Processing node: write, has iteration_log: True, approved=False
[Write] wrote to /part/01/Tmp/gamageyo/fika/experiments/flink/flink-core/src/test/java/org/apache/flink/api/java/typeutils/runtime/kryo/JavaSerializerwrite_ObjectMapgetFikaTest.java
[DEBUG-STREAM] Processing node: validate_constraints, has iteration_log: True, approved=False
[Validate] PASSED - hard constraints satisfied
[DEBUG-STREAM] Processing node: run, has iteration_log: True, approved=False
[Run] feedback_chars=1681
[DEBUG-STREAM] Processing node: check_coverage, has iteration_log: True, approved=False
[Coverage] target 'com.esotericsoftware.kryo.util.ObjectMap.get(java.lang.Object)' covered=False
[DEBUG-STREAM] Processing node: decide, has iteration_log: True, approved=False
[Decide] approved=False (tests failed, will retry if iteration<5)
[DEBUG-STREAM] Processing node: generate, has iteration_log: True, approved=False
[Generate] produced 744 chars
/part/01/Tmp/gamageyo/fika/experiments/flink/flink-core
[DEBUG-STREAM] Processing node: write, has iteration_log: True, approved=False
[Write] wrote to /part/01/Tmp/gamageyo/fika/experiments/flink/flink-core/src/test/java/org/apache/flink/api/java/typeutils/runtime/kryo/JavaSerializerwrite_ObjectMapgetFikaTest.java
[DEBUG-STREAM] Processing node: validate_constraints, has iteration_log: True, approved=False
[Validate] PASSED - hard constraints satisfied
[DEBUG-STREAM] Processing node: run, has iteration_log: True, approved=False
[Run] feedback_chars=1681
[DEBUG-STREAM] Processing node: check_coverage, has iteration_log: True, approved=False
[Coverage] target 'com.esotericsoftware.kryo.util.ObjectMap.get(java.lang.Object)' covered=False
[DEBUG-STREAM] Processing node: decide, has iteration_log: True, approved=False
[Decide] approved=False (tests failed, will retry if iteration<5)
[DEBUG-STREAM] Processing node: finalize, has iteration_log: True, approved=False
[Finalize] Cleaned up unsuccessful test file: /part/01/Tmp/gamageyo/fika/experiments/flink/flink-core/src/test/java/org/apache/flink/api/java/typeutils/runtime/kryo/JavaSerializerwrite_ObjectMapgetFikaTest.java

[DEBUG] Stream completed. final_state is set
[DEBUG] final_state keys: ['repo_root', 'mvn_cmd', 'max_iterations', 'run_only_generated_test', 'entryPoint', 'thirdPartyMethod', 'directCaller', 'path', 'methodSources', 'constructors', 'setters', 'fieldDeclarations', 'imports', 'testTemplate', 'conditionCount', 'callCount', 'covered', 'test_package', 'test_class_name', 'iteration', 'java_source', 'last_run_output', 'last_exit_code', 'success', 'approved', 'test_rel_path', 'trace', 'target_method_covered', 'coverage_total_lines', 'coverage_error', 'path_coverage_details', 'iteration_log', 'last_prompt']
[DEBUG] approved (after bool()) = False

=== FAILURE REASON ===
Tests failed to compile or run successfully


================================================================================
PROCESSING TEST CASE 22/223
================================================================================
Entry Point: org.apache.flink.api.java.typeutils.runtime.kryo.JavaSerializer.read(com.esotericsoftware.kryo.Kryo, com.esotericsoftware.kryo.io.Input, java.lang.Class)
Third Party Method: com.esotericsoftware.kryo.util.ObjectMap.put(java.lang.Object, java.lang.Object)
================================================================================

[DEBUG-STREAM] Processing node: generate, has iteration_log: True, approved=False
[Generate] produced 861 chars
/part/01/Tmp/gamageyo/fika/experiments/flink/flink-core
[DEBUG-STREAM] Processing node: write, has iteration_log: True, approved=False
[Write] wrote to /part/01/Tmp/gamageyo/fika/experiments/flink/flink-core/src/test/java/org/apache/flink/api/java/typeutils/runtime/kryo/JavaSerializerread_ObjectMapputFikaTest.java
[DEBUG-STREAM] Processing node: validate_constraints, has iteration_log: True, approved=False
[Validate] PASSED - hard constraints satisfied
[DEBUG-STREAM] Processing node: run, has iteration_log: True, approved=False
[Run] feedback_chars=1668
[DEBUG-STREAM] Processing node: check_coverage, has iteration_log: True, approved=False
[Coverage] target 'com.esotericsoftware.kryo.util.ObjectMap.put(java.lang.Object, java.lang.Object)' covered=False
[DEBUG-STREAM] Processing node: decide, has iteration_log: True, approved=False
[Decide] approved=False (tests failed, will retry if iteration<5)
[DEBUG-STREAM] Processing node: generate, has iteration_log: True, approved=False
[Generate] produced 1047 chars
/part/01/Tmp/gamageyo/fika/experiments/flink/flink-core
[DEBUG-STREAM] Processing node: write, has iteration_log: True, approved=False
[Write] wrote to /part/01/Tmp/gamageyo/fika/experiments/flink/flink-core/src/test/java/org/apache/flink/api/java/typeutils/runtime/kryo/JavaSerializerread_ObjectMapputFikaTest.java
[DEBUG-STREAM] Processing node: validate_constraints, has iteration_log: True, approved=False
[Validate] PASSED - hard constraints satisfied
[DEBUG-STREAM] Processing node: run, has iteration_log: True, approved=False
[Run] feedback_chars=12195
[DEBUG-STREAM] Processing node: check_coverage, has iteration_log: True, approved=False
[Coverage] target 'com.esotericsoftware.kryo.util.ObjectMap.put(java.lang.Object, java.lang.Object)' covered=True
[DEBUG-STREAM] Processing node: decide, has iteration_log: True, approved=True
[Decide] approved=True (tests passed AND target method covered)
[DEBUG-STREAM] Processing node: finalize, has iteration_log: True, approved=True
[Finalize] SUCCESS: Test passed and target method covered

[DEBUG] Stream completed. final_state is set
[DEBUG] final_state keys: ['repo_root', 'mvn_cmd', 'max_iterations', 'run_only_generated_test', 'entryPoint', 'thirdPartyMethod', 'directCaller', 'path', 'methodSources', 'constructors', 'setters', 'fieldDeclarations', 'imports', 'testTemplate', 'conditionCount', 'callCount', 'covered', 'test_package', 'test_class_name', 'iteration', 'java_source', 'last_run_output', 'last_exit_code', 'success', 'approved', 'test_rel_path', 'trace', 'target_method_covered', 'coverage_total_lines', 'coverage_error', 'path_coverage_details', 'iteration_log', 'last_prompt']
[DEBUG] approved (after bool()) = True
✓ Test approved at iteration 2
  JSON path: /part/01/Tmp/gamageyo/fika/experiments/flink/flink-core/third_party_apis_full_methods.json
  Looking for thirdPartyMethod: com.esotericsoftware.kryo.util.ObjectMap.put(java.lang.Object, java.lang.Object)
  Looking for directCaller: org.apache.flink.api.java.typeutils.runtime.kryo.JavaSerializer.read(com.esotericsoftware.kryo.Kryo, com.esotericsoftware.kryo.io.Input, java.lang.Class)
[DEBUG]   ✓ MATCH FOUND at path 21
✓ Updated 1 record(s) in JSON file as covered
  Third Party Method: com.esotericsoftware.kryo.util.ObjectMap.put(java.lang.Object, java.lang.Object)
  Direct Caller: org.apache.flink.api.java.typeutils.runtime.kryo.JavaSerializer.read(com.esotericsoftware.kryo.Kryo, com.esotericsoftware.kryo.io.Input, java.lang.Class)

================================================================================
PROCESSING TEST CASE 23/223
================================================================================
Entry Point: org.apache.flink.api.java.typeutils.runtime.kryo.JavaSerializer.read(com.esotericsoftware.kryo.Kryo, com.esotericsoftware.kryo.io.Input, java.lang.Class)
Third Party Method: com.esotericsoftware.kryo.Kryo.getGraphContext()
================================================================================

[DEBUG-STREAM] Processing node: generate, has iteration_log: True, approved=False
[Generate] produced 759 chars
/part/01/Tmp/gamageyo/fika/experiments/flink/flink-core
[DEBUG-STREAM] Processing node: write, has iteration_log: True, approved=False
[Write] wrote to /part/01/Tmp/gamageyo/fika/experiments/flink/flink-core/src/test/java/org/apache/flink/api/java/typeutils/runtime/kryo/JavaSerializerread_KryogetGraphContextFikaTest.java
[DEBUG-STREAM] Processing node: validate_constraints, has iteration_log: True, approved=False
[Validate] PASSED - hard constraints satisfied
[DEBUG-STREAM] Processing node: run, has iteration_log: True, approved=False
[Run] feedback_chars=12195
[DEBUG-STREAM] Processing node: check_coverage, has iteration_log: True, approved=False
[Coverage] target 'com.esotericsoftware.kryo.Kryo.getGraphContext()' covered=True
[DEBUG-STREAM] Processing node: decide, has iteration_log: True, approved=True
[Decide] approved=True (tests passed AND target method covered)
[DEBUG-STREAM] Processing node: finalize, has iteration_log: True, approved=True
[Finalize] SUCCESS: Test passed and target method covered

[DEBUG] Stream completed. final_state is set
[DEBUG] final_state keys: ['repo_root', 'mvn_cmd', 'max_iterations', 'run_only_generated_test', 'entryPoint', 'thirdPartyMethod', 'directCaller', 'path', 'methodSources', 'constructors', 'setters', 'fieldDeclarations', 'imports', 'testTemplate', 'conditionCount', 'callCount', 'covered', 'test_package', 'test_class_name', 'iteration', 'java_source', 'last_run_output', 'last_exit_code', 'success', 'approved', 'test_rel_path', 'trace', 'target_method_covered', 'coverage_total_lines', 'coverage_error', 'path_coverage_details', 'iteration_log', 'last_prompt']
[DEBUG] approved (after bool()) = True
✓ Test approved at iteration 1
  JSON path: /part/01/Tmp/gamageyo/fika/experiments/flink/flink-core/third_party_apis_full_methods.json
  Looking for thirdPartyMethod: com.esotericsoftware.kryo.Kryo.getGraphContext()
  Looking for directCaller: org.apache.flink.api.java.typeutils.runtime.kryo.JavaSerializer.read(com.esotericsoftware.kryo.Kryo, com.esotericsoftware.kryo.io.Input, java.lang.Class)
[DEBUG]   ✓ MATCH FOUND at path 22
✓ Updated 1 record(s) in JSON file as covered
  Third Party Method: com.esotericsoftware.kryo.Kryo.getGraphContext()
  Direct Caller: org.apache.flink.api.java.typeutils.runtime.kryo.JavaSerializer.read(com.esotericsoftware.kryo.Kryo, com.esotericsoftware.kryo.io.Input, java.lang.Class)

================================================================================
PROCESSING TEST CASE 24/223
================================================================================
Entry Point: org.apache.flink.configuration.YamlParserUtils.loadYamlFile(java.io.File)
Third Party Method: org.snakeyaml.engine.v2.api.Load.loadFromInputStream(java.io.InputStream)
================================================================================

[DEBUG-STREAM] Processing node: generate, has iteration_log: True, approved=False
[Generate] produced 938 chars
/part/01/Tmp/gamageyo/fika/experiments/flink/flink-core
[DEBUG-STREAM] Processing node: write, has iteration_log: True, approved=False
[Write] wrote to /part/01/Tmp/gamageyo/fika/experiments/flink/flink-core/src/test/java/org/apache/flink/configuration/YamlParserUtilsloadYamlFile_LoadloadFromInputStreamFikaTest.java
[DEBUG-STREAM] Processing node: validate_constraints, has iteration_log: True, approved=False
[Validate] PASSED - hard constraints satisfied
[DEBUG-STREAM] Processing node: run, has iteration_log: True, approved=False
[Run] feedback_chars=12195
[DEBUG-STREAM] Processing node: check_coverage, has iteration_log: True, approved=False
[Coverage] target 'org.snakeyaml.engine.v2.api.Load.loadFromInputStream(java.io.InputStream)' covered=True
[DEBUG-STREAM] Processing node: decide, has iteration_log: True, approved=True
[Decide] approved=True (tests passed AND target method covered)
[DEBUG-STREAM] Processing node: finalize, has iteration_log: True, approved=True
[Finalize] SUCCESS: Test passed and target method covered

[DEBUG] Stream completed. final_state is set
[DEBUG] final_state keys: ['repo_root', 'mvn_cmd', 'max_iterations', 'run_only_generated_test', 'entryPoint', 'thirdPartyMethod', 'directCaller', 'path', 'methodSources', 'constructors', 'setters', 'fieldDeclarations', 'imports', 'testTemplate', 'conditionCount', 'callCount', 'covered', 'test_package', 'test_class_name', 'iteration', 'java_source', 'last_run_output', 'last_exit_code', 'success', 'approved', 'test_rel_path', 'trace', 'target_method_covered', 'coverage_total_lines', 'coverage_error', 'path_coverage_details', 'iteration_log', 'last_prompt']
[DEBUG] approved (after bool()) = True
✓ Test approved at iteration 1
  JSON path: /part/01/Tmp/gamageyo/fika/experiments/flink/flink-core/third_party_apis_full_methods.json
  Looking for thirdPartyMethod: org.snakeyaml.engine.v2.api.Load.loadFromInputStream(java.io.InputStream)
  Looking for directCaller: org.apache.flink.configuration.YamlParserUtils.loadYamlFile(java.io.File)
[DEBUG]   ✓ MATCH FOUND at path 23
✓ Updated 1 record(s) in JSON file as covered
  Third Party Method: org.snakeyaml.engine.v2.api.Load.loadFromInputStream(java.io.InputStream)
  Direct Caller: org.apache.flink.configuration.YamlParserUtils.loadYamlFile(java.io.File)

================================================================================
PROCESSING TEST CASE 25/223
================================================================================
Entry Point: org.apache.flink.configuration.YamlParserUtils.convertAndDumpYamlFromFlatMap(java.util.Map)
Third Party Method: org.snakeyaml.engine.v2.api.DumpSettings.getBestLineBreak()
================================================================================

[DEBUG-STREAM] Processing node: generate, has iteration_log: True, approved=False
[Generate] produced 1041 chars
/part/01/Tmp/gamageyo/fika/experiments/flink/flink-core
[DEBUG-STREAM] Processing node: write, has iteration_log: True, approved=False
[Write] wrote to /part/01/Tmp/gamageyo/fika/experiments/flink/flink-core/src/test/java/org/apache/flink/configuration/YamlParserUtilsconvertAndDumpYamlFromFlatMap_DumpSettingsgetBestLineBreakFikaTest.java
[DEBUG-STREAM] Processing node: validate_constraints, has iteration_log: True, approved=False
[Validate] PASSED - hard constraints satisfied
[DEBUG-STREAM] Processing node: run, has iteration_log: True, approved=False
[Run] feedback_chars=12195
[DEBUG-STREAM] Processing node: check_coverage, has iteration_log: True, approved=False
[Coverage] target 'org.snakeyaml.engine.v2.api.DumpSettings.getBestLineBreak()' covered=True
[DEBUG-STREAM] Processing node: decide, has iteration_log: True, approved=True
[Decide] approved=True (tests passed AND target method covered)
[DEBUG-STREAM] Processing node: finalize, has iteration_log: True, approved=True
[Finalize] SUCCESS: Test passed and target method covered

[DEBUG] Stream completed. final_state is set
[DEBUG] final_state keys: ['repo_root', 'mvn_cmd', 'max_iterations', 'run_only_generated_test', 'entryPoint', 'thirdPartyMethod', 'directCaller', 'path', 'methodSources', 'constructors', 'setters', 'fieldDeclarations', 'imports', 'testTemplate', 'conditionCount', 'callCount', 'covered', 'test_package', 'test_class_name', 'iteration', 'java_source', 'last_run_output', 'last_exit_code', 'success', 'approved', 'test_rel_path', 'trace', 'target_method_covered', 'coverage_total_lines', 'coverage_error', 'path_coverage_details', 'iteration_log', 'last_prompt']
[DEBUG] approved (after bool()) = True
✓ Test approved at iteration 1
  JSON path: /part/01/Tmp/gamageyo/fika/experiments/flink/flink-core/third_party_apis_full_methods.json
  Looking for thirdPartyMethod: org.snakeyaml.engine.v2.api.DumpSettings.getBestLineBreak()
  Looking for directCaller: org.apache.flink.configuration.YamlParserUtils.convertAndDumpYamlFromFlatMap(java.util.Map)
[DEBUG]   ✓ MATCH FOUND at path 24
✓ Updated 1 record(s) in JSON file as covered
  Third Party Method: org.snakeyaml.engine.v2.api.DumpSettings.getBestLineBreak()
  Direct Caller: org.apache.flink.configuration.YamlParserUtils.convertAndDumpYamlFromFlatMap(java.util.Map)

================================================================================
PROCESSING TEST CASE 26/223
================================================================================
Entry Point: org.apache.flink.api.common.operators.util.JoinHashMap.insertOrReplace(java.lang.Object)
Third Party Method: org.apache.commons.collections.map.AbstractHashedMap.HashEntry.setValue(java.lang.Object)
================================================================================

[DEBUG-STREAM] Processing node: generate, has iteration_log: True, approved=False
[Generate] produced 3688 chars
/part/01/Tmp/gamageyo/fika/experiments/flink/flink-core
[DEBUG-STREAM] Processing node: write, has iteration_log: True, approved=False
[Write] wrote to /part/01/Tmp/gamageyo/fika/experiments/flink/flink-core/src/test/java/org/apache/flink/api/common/operators/util/JoinHashMapinsertOrReplace_HashEntrysetValueFikaTest.java
[DEBUG-STREAM] Processing node: validate_constraints, has iteration_log: True, approved=False
[Validate] FAILED - hard constraints violated
[DEBUG-STREAM] Processing node: decide, has iteration_log: True, approved=False
[Decide] approved=False (hard constraint violation, will retry if iteration<5)
[DEBUG-STREAM] Processing node: generate, has iteration_log: True, approved=False
[Generate] produced 906 chars
/part/01/Tmp/gamageyo/fika/experiments/flink/flink-core
[DEBUG-STREAM] Processing node: write, has iteration_log: True, approved=False
[Write] wrote to /part/01/Tmp/gamageyo/fika/experiments/flink/flink-core/src/test/java/org/apache/flink/api/common/operators/util/JoinHashMapinsertOrReplace_HashEntrysetValueFikaTest.java
[DEBUG-STREAM] Processing node: validate_constraints, has iteration_log: True, approved=False
[Validate] PASSED - hard constraints satisfied
[DEBUG-STREAM] Processing node: run, has iteration_log: True, approved=False
[Run] feedback_chars=12195
[DEBUG-STREAM] Processing node: check_coverage, has iteration_log: True, approved=False
[Coverage] target 'org.apache.commons.collections.map.AbstractHashedMap.HashEntry.setValue(java.lang.Object)' covered=False
[DEBUG-STREAM] Processing node: decide, has iteration_log: True, approved=False
[Decide] approved=False (tests passed but target method NOT covered, will retry if iteration<5)
[DEBUG-STREAM] Processing node: generate, has iteration_log: True, approved=False
[Generate] produced 1034 chars
/part/01/Tmp/gamageyo/fika/experiments/flink/flink-core
[DEBUG-STREAM] Processing node: write, has iteration_log: True, approved=False
[Write] wrote to /part/01/Tmp/gamageyo/fika/experiments/flink/flink-core/src/test/java/org/apache/flink/api/common/operators/util/JoinHashMapinsertOrReplace_HashEntrysetValueFikaTest.java
[DEBUG-STREAM] Processing node: validate_constraints, has iteration_log: True, approved=False
[Validate] PASSED - hard constraints satisfied
[DEBUG-STREAM] Processing node: run, has iteration_log: True, approved=False
[Run] feedback_chars=12195
[DEBUG-STREAM] Processing node: check_coverage, has iteration_log: True, approved=False
[Coverage] target 'org.apache.commons.collections.map.AbstractHashedMap.HashEntry.setValue(java.lang.Object)' covered=True
[DEBUG-STREAM] Processing node: decide, has iteration_log: True, approved=True
[Decide] approved=True (tests passed AND target method covered)
[DEBUG-STREAM] Processing node: finalize, has iteration_log: True, approved=True
[Finalize] SUCCESS: Test passed and target method covered

[DEBUG] Stream completed. final_state is set
[DEBUG] final_state keys: ['repo_root', 'mvn_cmd', 'max_iterations', 'run_only_generated_test', 'entryPoint', 'thirdPartyMethod', 'directCaller', 'path', 'methodSources', 'constructors', 'setters', 'fieldDeclarations', 'imports', 'testTemplate', 'conditionCount', 'callCount', 'covered', 'test_package', 'test_class_name', 'iteration', 'java_source', 'last_run_output', 'last_exit_code', 'success', 'approved', 'test_rel_path', 'trace', 'target_method_covered', 'coverage_total_lines', 'coverage_error', 'path_coverage_details', 'iteration_log', 'last_prompt']
[DEBUG] approved (after bool()) = True
✓ Test approved at iteration 3
  JSON path: /part/01/Tmp/gamageyo/fika/experiments/flink/flink-core/third_party_apis_full_methods.json
  Looking for thirdPartyMethod: org.apache.commons.collections.map.AbstractHashedMap.HashEntry.setValue(java.lang.Object)
  Looking for directCaller: org.apache.flink.api.common.operators.util.JoinHashMap.insertOrReplace(java.lang.Object)
[DEBUG]   ✓ MATCH FOUND at path 25
✓ Updated 1 record(s) in JSON file as covered
  Third Party Method: org.apache.commons.collections.map.AbstractHashedMap.HashEntry.setValue(java.lang.Object)
  Direct Caller: org.apache.flink.api.common.operators.util.JoinHashMap.insertOrReplace(java.lang.Object)

================================================================================
PROCESSING TEST CASE 27/223
================================================================================
Entry Point: org.apache.flink.api.common.operators.util.JoinHashMap.insertOrReplace(java.lang.Object)
Third Party Method: org.apache.commons.collections.map.AbstractHashedMap.HashEntry.getValue()
================================================================================

[DEBUG-STREAM] Processing node: generate, has iteration_log: True, approved=False
[Generate] produced 1375 chars
/part/01/Tmp/gamageyo/fika/experiments/flink/flink-core
[DEBUG-STREAM] Processing node: write, has iteration_log: True, approved=False
[Write] wrote to /part/01/Tmp/gamageyo/fika/experiments/flink/flink-core/src/test/java/org/apache/flink/api/common/operators/util/JoinHashMapinsertOrReplace_HashEntrygetValueFikaTest.java
[DEBUG-STREAM] Processing node: validate_constraints, has iteration_log: True, approved=False
[Validate] PASSED - hard constraints satisfied
[DEBUG-STREAM] Processing node: run, has iteration_log: True, approved=False
[Run] feedback_chars=1581
[DEBUG-STREAM] Processing node: check_coverage, has iteration_log: True, approved=False
[Coverage] target 'org.apache.commons.collections.map.AbstractHashedMap.HashEntry.getValue()' covered=False
[DEBUG-STREAM] Processing node: decide, has iteration_log: True, approved=False
[Decide] approved=False (tests failed, will retry if iteration<5)
[DEBUG-STREAM] Processing node: generate, has iteration_log: True, approved=False
[Generate] produced 2718 chars
/part/01/Tmp/gamageyo/fika/experiments/flink/flink-core
[DEBUG-STREAM] Processing node: write, has iteration_log: True, approved=False
[Write] wrote to /part/01/Tmp/gamageyo/fika/experiments/flink/flink-core/src/test/java/org/apache/flink/api/common/operators/util/JoinHashMapinsertOrReplace_HashEntrygetValueFikaTest.java
[DEBUG-STREAM] Processing node: validate_constraints, has iteration_log: True, approved=False
[Validate] FAILED - hard constraints violated
[DEBUG-STREAM] Processing node: decide, has iteration_log: True, approved=False
[Decide] approved=False (hard constraint violation, will retry if iteration<5)
[DEBUG-STREAM] Processing node: generate, has iteration_log: True, approved=False
[Generate] produced 950 chars
/part/01/Tmp/gamageyo/fika/experiments/flink/flink-core
[DEBUG-STREAM] Processing node: write, has iteration_log: True, approved=False
[Write] wrote to /part/01/Tmp/gamageyo/fika/experiments/flink/flink-core/src/test/java/org/apache/flink/api/common/operators/util/JoinHashMapinsertOrReplace_HashEntrygetValueFikaTest.java
[DEBUG-STREAM] Processing node: validate_constraints, has iteration_log: True, approved=False
[Validate] PASSED - hard constraints satisfied
[DEBUG-STREAM] Processing node: run, has iteration_log: True, approved=False
[Run] feedback_chars=12195
[DEBUG-STREAM] Processing node: check_coverage, has iteration_log: True, approved=False
[Coverage] target 'org.apache.commons.collections.map.AbstractHashedMap.HashEntry.getValue()' covered=False
[DEBUG-STREAM] Processing node: decide, has iteration_log: True, approved=False
[Decide] approved=False (tests passed but target method NOT covered, will retry if iteration<5)
[DEBUG-STREAM] Processing node: generate, has iteration_log: True, approved=False
[Generate] produced 1460 chars
/part/01/Tmp/gamageyo/fika/experiments/flink/flink-core
[DEBUG-STREAM] Processing node: write, has iteration_log: True, approved=False
[Write] wrote to /part/01/Tmp/gamageyo/fika/experiments/flink/flink-core/src/test/java/org/apache/flink/api/common/operators/util/JoinHashMapinsertOrReplace_HashEntrygetValueFikaTest.java
[DEBUG-STREAM] Processing node: validate_constraints, has iteration_log: True, approved=False
[Validate] PASSED - hard constraints satisfied
[DEBUG-STREAM] Processing node: run, has iteration_log: True, approved=False
[Run] feedback_chars=1581
[DEBUG-STREAM] Processing node: check_coverage, has iteration_log: True, approved=False
[Coverage] target 'org.apache.commons.collections.map.AbstractHashedMap.HashEntry.getValue()' covered=False
[DEBUG-STREAM] Processing node: decide, has iteration_log: True, approved=False
[Decide] approved=False (tests failed, will retry if iteration<5)
[DEBUG-STREAM] Processing node: generate, has iteration_log: True, approved=False
[Generate] produced 941 chars
/part/01/Tmp/gamageyo/fika/experiments/flink/flink-core
[DEBUG-STREAM] Processing node: write, has iteration_log: True, approved=False
[Write] wrote to /part/01/Tmp/gamageyo/fika/experiments/flink/flink-core/src/test/java/org/apache/flink/api/common/operators/util/JoinHashMapinsertOrReplace_HashEntrygetValueFikaTest.java
[DEBUG-STREAM] Processing node: validate_constraints, has iteration_log: True, approved=False
[Validate] PASSED - hard constraints satisfied
[DEBUG-STREAM] Processing node: run, has iteration_log: True, approved=False
[Run] feedback_chars=12195
[DEBUG-STREAM] Processing node: check_coverage, has iteration_log: True, approved=False
[Coverage] target 'org.apache.commons.collections.map.AbstractHashedMap.HashEntry.getValue()' covered=False
[DEBUG-STREAM] Processing node: decide, has iteration_log: True, approved=False
[Decide] approved=False (tests passed but target method NOT covered, will retry if iteration<5)
[DEBUG-STREAM] Processing node: finalize, has iteration_log: True, approved=False
[Finalize] Cleaned up unsuccessful test file: /part/01/Tmp/gamageyo/fika/experiments/flink/flink-core/src/test/java/org/apache/flink/api/common/operators/util/JoinHashMapinsertOrReplace_HashEntrygetValueFikaTest.java

[DEBUG] Stream completed. final_state is set
[DEBUG] final_state keys: ['repo_root', 'mvn_cmd', 'max_iterations', 'run_only_generated_test', 'entryPoint', 'thirdPartyMethod', 'directCaller', 'path', 'methodSources', 'constructors', 'setters', 'fieldDeclarations', 'imports', 'testTemplate', 'conditionCount', 'callCount', 'covered', 'test_package', 'test_class_name', 'iteration', 'java_source', 'last_run_output', 'last_exit_code', 'success', 'approved', 'test_rel_path', 'trace', 'target_method_covered', 'coverage_total_lines', 'coverage_error', 'path_coverage_details', 'iteration_log', 'last_prompt']
[DEBUG] approved (after bool()) = False

=== FAILURE REASON ===
Tests passed but target third-party method was NOT covered
   Target: org.apache.commons.collections.map.AbstractHashedMap.HashEntry.getValue()


================================================================================
PROCESSING TEST CASE 28/223
================================================================================
Entry Point: org.apache.flink.configuration.YamlParserUtils.convertAndDumpYamlFromFlatMap(java.util.Map)
Third Party Method: org.snakeyaml.engine.v2.api.Dump.dumpToString(java.lang.Object)
================================================================================

[DEBUG-STREAM] Processing node: generate, has iteration_log: True, approved=False
[Generate] produced 481 chars
/part/01/Tmp/gamageyo/fika/experiments/flink/flink-core
[DEBUG-STREAM] Processing node: write, has iteration_log: True, approved=False
[Write] wrote to /part/01/Tmp/gamageyo/fika/experiments/flink/flink-core/src/test/java/org/apache/flink/configuration/YamlParserUtilsconvertAndDumpYamlFromFlatMap_DumpdumpToStringFikaTest.java
[DEBUG-STREAM] Processing node: validate_constraints, has iteration_log: True, approved=False
[Validate] PASSED - hard constraints satisfied
[DEBUG-STREAM] Processing node: run, has iteration_log: True, approved=False
[Run] feedback_chars=12195
[DEBUG-STREAM] Processing node: check_coverage, has iteration_log: True, approved=False
[Coverage] target 'org.snakeyaml.engine.v2.api.Dump.dumpToString(java.lang.Object)' covered=True
[DEBUG-STREAM] Processing node: decide, has iteration_log: True, approved=True
[Decide] approved=True (tests passed AND target method covered)
[DEBUG-STREAM] Processing node: finalize, has iteration_log: True, approved=True
[Finalize] SUCCESS: Test passed and target method covered

[DEBUG] Stream completed. final_state is set
[DEBUG] final_state keys: ['repo_root', 'mvn_cmd', 'max_iterations', 'run_only_generated_test', 'entryPoint', 'thirdPartyMethod', 'directCaller', 'path', 'methodSources', 'constructors', 'setters', 'fieldDeclarations', 'imports', 'testTemplate', 'conditionCount', 'callCount', 'covered', 'test_package', 'test_class_name', 'iteration', 'java_source', 'last_run_output', 'last_exit_code', 'success', 'approved', 'test_rel_path', 'trace', 'target_method_covered', 'coverage_total_lines', 'coverage_error', 'path_coverage_details', 'iteration_log', 'last_prompt']
[DEBUG] approved (after bool()) = True
✓ Test approved at iteration 1
  JSON path: /part/01/Tmp/gamageyo/fika/experiments/flink/flink-core/third_party_apis_full_methods.json
  Looking for thirdPartyMethod: org.snakeyaml.engine.v2.api.Dump.dumpToString(java.lang.Object)
  Looking for directCaller: org.apache.flink.configuration.YamlParserUtils.convertAndDumpYamlFromFlatMap(java.util.Map)
[DEBUG]   ✓ MATCH FOUND at path 27
✓ Updated 1 record(s) in JSON file as covered
  Third Party Method: org.snakeyaml.engine.v2.api.Dump.dumpToString(java.lang.Object)
  Direct Caller: org.apache.flink.configuration.YamlParserUtils.convertAndDumpYamlFromFlatMap(java.util.Map)

================================================================================
PROCESSING TEST CASE 29/223
================================================================================
Entry Point: org.apache.flink.api.common.operators.util.JoinHashMap.Prober.lookupMatch(java.lang.Object)
Third Party Method: org.apache.commons.collections.map.AbstractHashedMap.HashEntry.getValue()
================================================================================

[DEBUG-STREAM] Processing node: generate, has iteration_log: True, approved=False
[Generate] produced 2926 chars
/part/01/Tmp/gamageyo/fika/experiments/flink/flink-core
[DEBUG-STREAM] Processing node: write, has iteration_log: True, approved=False
[Write] wrote to /part/01/Tmp/gamageyo/fika/experiments/flink/flink-core/src/test/java/org/apache/flink/api/common/operators/util/ProberlookupMatch_HashEntrygetValueFikaTest.java
[DEBUG-STREAM] Processing node: validate_constraints, has iteration_log: True, approved=False
[Validate] FAILED - hard constraints violated
[DEBUG-STREAM] Processing node: decide, has iteration_log: True, approved=False
[Decide] approved=False (hard constraint violation, will retry if iteration<5)
[DEBUG-STREAM] Processing node: generate, has iteration_log: True, approved=False
[Generate] produced 3355 chars
/part/01/Tmp/gamageyo/fika/experiments/flink/flink-core
[DEBUG-STREAM] Processing node: write, has iteration_log: True, approved=False
[Write] wrote to /part/01/Tmp/gamageyo/fika/experiments/flink/flink-core/src/test/java/org/apache/flink/api/common/operators/util/ProberlookupMatch_HashEntrygetValueFikaTest.java
[DEBUG-STREAM] Processing node: validate_constraints, has iteration_log: True, approved=False
[Validate] FAILED - hard constraints violated
[DEBUG-STREAM] Processing node: decide, has iteration_log: True, approved=False
[Decide] approved=False (hard constraint violation, will retry if iteration<5)
[DEBUG-STREAM] Processing node: generate, has iteration_log: True, approved=False
[Generate] produced 2457 chars
/part/01/Tmp/gamageyo/fika/experiments/flink/flink-core
[DEBUG-STREAM] Processing node: write, has iteration_log: True, approved=False
[Write] wrote to /part/01/Tmp/gamageyo/fika/experiments/flink/flink-core/src/test/java/org/apache/flink/api/common/operators/util/ProberlookupMatch_HashEntrygetValueFikaTest.java
[DEBUG-STREAM] Processing node: validate_constraints, has iteration_log: True, approved=False
[Validate] FAILED - hard constraints violated
[DEBUG-STREAM] Processing node: decide, has iteration_log: True, approved=False
[Decide] approved=False (hard constraint violation, will retry if iteration<5)
[DEBUG-STREAM] Processing node: generate, has iteration_log: True, approved=False
[Generate] produced 2982 chars
/part/01/Tmp/gamageyo/fika/experiments/flink/flink-core
[DEBUG-STREAM] Processing node: write, has iteration_log: True, approved=False
[Write] wrote to /part/01/Tmp/gamageyo/fika/experiments/flink/flink-core/src/test/java/org/apache/flink/api/common/operators/util/ProberlookupMatch_HashEntrygetValueFikaTest.java
[DEBUG-STREAM] Processing node: validate_constraints, has iteration_log: True, approved=False
[Validate] FAILED - hard constraints violated
[DEBUG-STREAM] Processing node: decide, has iteration_log: True, approved=False
[Decide] approved=False (hard constraint violation, will retry if iteration<5)
[DEBUG-STREAM] Processing node: generate, has iteration_log: True, approved=False
[Generate] produced 2411 chars
/part/01/Tmp/gamageyo/fika/experiments/flink/flink-core
[DEBUG-STREAM] Processing node: write, has iteration_log: True, approved=False
[Write] wrote to /part/01/Tmp/gamageyo/fika/experiments/flink/flink-core/src/test/java/org/apache/flink/api/common/operators/util/ProberlookupMatch_HashEntrygetValueFikaTest.java
[DEBUG-STREAM] Processing node: validate_constraints, has iteration_log: True, approved=False
[Validate] FAILED - hard constraints violated
[DEBUG-STREAM] Processing node: decide, has iteration_log: True, approved=False
[Decide] approved=False (hard constraint violation, will retry if iteration<5)
[DEBUG-STREAM] Processing node: finalize, has iteration_log: True, approved=False
[Finalize] Cleaned up unsuccessful test file: /part/01/Tmp/gamageyo/fika/experiments/flink/flink-core/src/test/java/org/apache/flink/api/common/operators/util/ProberlookupMatch_HashEntrygetValueFikaTest.java

[DEBUG] Stream completed. final_state is set
[DEBUG] final_state keys: ['repo_root', 'mvn_cmd', 'max_iterations', 'run_only_generated_test', 'entryPoint', 'thirdPartyMethod', 'directCaller', 'path', 'methodSources', 'constructors', 'setters', 'fieldDeclarations', 'imports', 'testTemplate', 'conditionCount', 'callCount', 'covered', 'test_package', 'test_class_name', 'iteration', 'java_source', 'last_run_output', 'last_exit_code', 'success', 'approved', 'test_rel_path', 'trace', 'target_method_covered', 'coverage_total_lines', 'coverage_error', 'path_coverage_details', 'iteration_log', 'last_prompt']
[DEBUG] approved (after bool()) = False

=== FAILURE REASON ===
Tests failed to compile or run successfully


================================================================================
PROCESSING TEST CASE 30/223
================================================================================
Entry Point: org.apache.flink.api.java.typeutils.runtime.kryo.KryoSerializer.copy(java.lang.Object)
Third Party Method: com.esotericsoftware.kryo.io.Output.<init>(java.io.OutputStream)
================================================================================

[DEBUG-STREAM] Processing node: generate, has iteration_log: True, approved=False
[Generate] produced 3037 chars
/part/01/Tmp/gamageyo/fika/experiments/flink/flink-core
[DEBUG-STREAM] Processing node: write, has iteration_log: True, approved=False
[Write] wrote to /part/01/Tmp/gamageyo/fika/experiments/flink/flink-core/src/test/java/org/apache/flink/api/java/typeutils/runtime/kryo/KryoSerializercopy_OutputmethodFikaTest.java
[DEBUG-STREAM] Processing node: validate_constraints, has iteration_log: True, approved=False
[Validate] FAILED - hard constraints violated
[DEBUG-STREAM] Processing node: decide, has iteration_log: True, approved=False
[Decide] approved=False (hard constraint violation, will retry if iteration<5)
[DEBUG-STREAM] Processing node: generate, has iteration_log: True, approved=False
[Generate] produced 2155 chars
/part/01/Tmp/gamageyo/fika/experiments/flink/flink-core
[DEBUG-STREAM] Processing node: write, has iteration_log: True, approved=False
[Write] wrote to /part/01/Tmp/gamageyo/fika/experiments/flink/flink-core/src/test/java/org/apache/flink/api/java/typeutils/runtime/kryo/KryoSerializercopy_OutputmethodFikaTest.java
[DEBUG-STREAM] Processing node: validate_constraints, has iteration_log: True, approved=False
[Validate] PASSED - hard constraints satisfied
[DEBUG-STREAM] Processing node: run, has iteration_log: True, approved=False
[Run] feedback_chars=12195
[DEBUG-STREAM] Processing node: check_coverage, has iteration_log: True, approved=False
[Coverage] target 'com.esotericsoftware.kryo.io.Output.<init>(java.io.OutputStream)' covered=False
[DEBUG-STREAM] Processing node: decide, has iteration_log: True, approved=False
[Decide] approved=False (tests passed but target method NOT covered, will retry if iteration<5)
[DEBUG-STREAM] Processing node: generate, has iteration_log: True, approved=False
[Generate] produced 3630 chars
/part/01/Tmp/gamageyo/fika/experiments/flink/flink-core
[DEBUG-STREAM] Processing node: write, has iteration_log: True, approved=False
[Write] wrote to /part/01/Tmp/gamageyo/fika/experiments/flink/flink-core/src/test/java/org/apache/flink/api/java/typeutils/runtime/kryo/KryoSerializercopy_OutputmethodFikaTest.java
[DEBUG-STREAM] Processing node: validate_constraints, has iteration_log: True, approved=False
[Validate] FAILED - hard constraints violated
[DEBUG-STREAM] Processing node: decide, has iteration_log: True, approved=False
[Decide] approved=False (hard constraint violation, will retry if iteration<5)
[DEBUG-STREAM] Processing node: generate, has iteration_log: True, approved=False
[Generate] produced 1689 chars
/part/01/Tmp/gamageyo/fika/experiments/flink/flink-core
[DEBUG-STREAM] Processing node: write, has iteration_log: True, approved=False
[Write] wrote to /part/01/Tmp/gamageyo/fika/experiments/flink/flink-core/src/test/java/org/apache/flink/api/java/typeutils/runtime/kryo/KryoSerializercopy_OutputmethodFikaTest.java
[DEBUG-STREAM] Processing node: validate_constraints, has iteration_log: True, approved=False
[Validate] PASSED - hard constraints satisfied
[DEBUG-STREAM] Processing node: run, has iteration_log: True, approved=False
[Run] feedback_chars=12195
[DEBUG-STREAM] Processing node: check_coverage, has iteration_log: True, approved=False
[Coverage] target 'com.esotericsoftware.kryo.io.Output.<init>(java.io.OutputStream)' covered=False
[DEBUG-STREAM] Processing node: decide, has iteration_log: True, approved=False
[Decide] approved=False (tests passed but target method NOT covered, will retry if iteration<5)
[DEBUG-STREAM] Processing node: generate, has iteration_log: True, approved=False
[Generate] produced 3342 chars
/part/01/Tmp/gamageyo/fika/experiments/flink/flink-core
[DEBUG-STREAM] Processing node: write, has iteration_log: True, approved=False
[Write] wrote to /part/01/Tmp/gamageyo/fika/experiments/flink/flink-core/src/test/java/org/apache/flink/api/java/typeutils/runtime/kryo/KryoSerializercopy_OutputmethodFikaTest.java
[DEBUG-STREAM] Processing node: validate_constraints, has iteration_log: True, approved=False
[Validate] FAILED - hard constraints violated
[DEBUG-STREAM] Processing node: decide, has iteration_log: True, approved=False
[Decide] approved=False (hard constraint violation, will retry if iteration<5)
[DEBUG-STREAM] Processing node: finalize, has iteration_log: True, approved=False
[Finalize] Cleaned up unsuccessful test file: /part/01/Tmp/gamageyo/fika/experiments/flink/flink-core/src/test/java/org/apache/flink/api/java/typeutils/runtime/kryo/KryoSerializercopy_OutputmethodFikaTest.java

[DEBUG] Stream completed. final_state is set
[DEBUG] final_state keys: ['repo_root', 'mvn_cmd', 'max_iterations', 'run_only_generated_test', 'entryPoint', 'thirdPartyMethod', 'directCaller', 'path', 'methodSources', 'constructors', 'setters', 'fieldDeclarations', 'imports', 'testTemplate', 'conditionCount', 'callCount', 'covered', 'test_package', 'test_class_name', 'iteration', 'java_source', 'last_run_output', 'last_exit_code', 'success', 'approved', 'test_rel_path', 'trace', 'target_method_covered', 'coverage_total_lines', 'coverage_error', 'path_coverage_details', 'iteration_log', 'last_prompt']
[DEBUG] approved (after bool()) = False

=== FAILURE REASON ===
Tests failed to compile or run successfully


================================================================================
PROCESSING TEST CASE 31/223
================================================================================
Entry Point: org.apache.flink.api.java.typeutils.runtime.kryo.KryoSerializer.copy(java.lang.Object)
Third Party Method: com.esotericsoftware.kryo.Kryo.writeObject(com.esotericsoftware.kryo.io.Output, java.lang.Object)
================================================================================

[DEBUG-STREAM] Processing node: generate, has iteration_log: True, approved=False
[Generate] produced 4168 chars
/part/01/Tmp/gamageyo/fika/experiments/flink/flink-core
[DEBUG-STREAM] Processing node: write, has iteration_log: True, approved=False
[Write] wrote to /part/01/Tmp/gamageyo/fika/experiments/flink/flink-core/src/test/java/org/apache/flink/api/java/typeutils/runtime/kryo/KryoSerializercopy_KryowriteObjectFikaTest.java
[DEBUG-STREAM] Processing node: validate_constraints, has iteration_log: True, approved=False
[Validate] PASSED - hard constraints satisfied
[DEBUG-STREAM] Processing node: run, has iteration_log: True, approved=False
[Run] feedback_chars=1225
[DEBUG-STREAM] Processing node: check_coverage, has iteration_log: True, approved=False
[Coverage] target 'com.esotericsoftware.kryo.Kryo.writeObject(com.esotericsoftware.kryo.io.Output, java.lang.Object)' covered=False
[DEBUG-STREAM] Processing node: decide, has iteration_log: True, approved=False
[Decide] approved=False (tests failed, will retry if iteration<5)
[DEBUG-STREAM] Processing node: generate, has iteration_log: True, approved=False
[Generate] produced 3493 chars
/part/01/Tmp/gamageyo/fika/experiments/flink/flink-core
[DEBUG-STREAM] Processing node: write, has iteration_log: True, approved=False
[Write] wrote to /part/01/Tmp/gamageyo/fika/experiments/flink/flink-core/src/test/java/org/apache/flink/api/java/typeutils/runtime/kryo/KryoSerializercopy_KryowriteObjectFikaTest.java
[DEBUG-STREAM] Processing node: validate_constraints, has iteration_log: True, approved=False
[Validate] FAILED - hard constraints violated
[DEBUG-STREAM] Processing node: decide, has iteration_log: True, approved=False
[Decide] approved=False (hard constraint violation, will retry if iteration<5)
[DEBUG-STREAM] Processing node: generate, has iteration_log: True, approved=False
[Generate] produced 3832 chars
/part/01/Tmp/gamageyo/fika/experiments/flink/flink-core
[DEBUG-STREAM] Processing node: write, has iteration_log: True, approved=False
[Write] wrote to /part/01/Tmp/gamageyo/fika/experiments/flink/flink-core/src/test/java/org/apache/flink/api/java/typeutils/runtime/kryo/KryoSerializercopy_KryowriteObjectFikaTest.java
[DEBUG-STREAM] Processing node: validate_constraints, has iteration_log: True, approved=False
[Validate] FAILED - hard constraints violated
[DEBUG-STREAM] Processing node: decide, has iteration_log: True, approved=False
[Decide] approved=False (hard constraint violation, will retry if iteration<5)
[DEBUG-STREAM] Processing node: generate, has iteration_log: True, approved=False
[Generate] produced 1302 chars
/part/01/Tmp/gamageyo/fika/experiments/flink/flink-core
[DEBUG-STREAM] Processing node: write, has iteration_log: True, approved=False
[Write] wrote to /part/01/Tmp/gamageyo/fika/experiments/flink/flink-core/src/test/java/org/apache/flink/api/java/typeutils/runtime/kryo/KryoSerializercopy_KryowriteObjectFikaTest.java
[DEBUG-STREAM] Processing node: validate_constraints, has iteration_log: True, approved=False
[Validate] PASSED - hard constraints satisfied
[DEBUG-STREAM] Processing node: run, has iteration_log: True, approved=False
[Run] feedback_chars=12195
[DEBUG-STREAM] Processing node: check_coverage, has iteration_log: True, approved=False
[Coverage] target 'com.esotericsoftware.kryo.Kryo.writeObject(com.esotericsoftware.kryo.io.Output, java.lang.Object)' covered=False
[DEBUG-STREAM] Processing node: decide, has iteration_log: True, approved=False
[Decide] approved=False (tests passed but target method NOT covered, will retry if iteration<5)
[DEBUG-STREAM] Processing node: generate, has iteration_log: True, approved=False
[Generate] produced 1849 chars
/part/01/Tmp/gamageyo/fika/experiments/flink/flink-core
[DEBUG-STREAM] Processing node: write, has iteration_log: True, approved=False
[Write] wrote to /part/01/Tmp/gamageyo/fika/experiments/flink/flink-core/src/test/java/org/apache/flink/api/java/typeutils/runtime/kryo/KryoSerializercopy_KryowriteObjectFikaTest.java
[DEBUG-STREAM] Processing node: validate_constraints, has iteration_log: True, approved=False
[Validate] PASSED - hard constraints satisfied
[DEBUG-STREAM] Processing node: run, has iteration_log: True, approved=False
[Run] feedback_chars=12195
[DEBUG-STREAM] Processing node: check_coverage, has iteration_log: True, approved=False
[Coverage] target 'com.esotericsoftware.kryo.Kryo.writeObject(com.esotericsoftware.kryo.io.Output, java.lang.Object)' covered=False
[DEBUG-STREAM] Processing node: decide, has iteration_log: True, approved=False
[Decide] approved=False (tests passed but target method NOT covered, will retry if iteration<5)
[DEBUG-STREAM] Processing node: finalize, has iteration_log: True, approved=False
[Finalize] Cleaned up unsuccessful test file: /part/01/Tmp/gamageyo/fika/experiments/flink/flink-core/src/test/java/org/apache/flink/api/java/typeutils/runtime/kryo/KryoSerializercopy_KryowriteObjectFikaTest.java

[DEBUG] Stream completed. final_state is set
[DEBUG] final_state keys: ['repo_root', 'mvn_cmd', 'max_iterations', 'run_only_generated_test', 'entryPoint', 'thirdPartyMethod', 'directCaller', 'path', 'methodSources', 'constructors', 'setters', 'fieldDeclarations', 'imports', 'testTemplate', 'conditionCount', 'callCount', 'covered', 'test_package', 'test_class_name', 'iteration', 'java_source', 'last_run_output', 'last_exit_code', 'success', 'approved', 'test_rel_path', 'trace', 'target_method_covered', 'coverage_total_lines', 'coverage_error', 'path_coverage_details', 'iteration_log', 'last_prompt']
[DEBUG] approved (after bool()) = False

=== FAILURE REASON ===
Tests passed but target third-party method was NOT covered
   Target: com.esotericsoftware.kryo.Kryo.writeObject(com.esotericsoftware.kryo.io.Output, java.lang.Object)


================================================================================
PROCESSING TEST CASE 32/223
================================================================================
Entry Point: org.apache.flink.api.java.typeutils.runtime.kryo.KryoSerializer.copy(java.lang.Object)
Third Party Method: com.esotericsoftware.kryo.Kryo.copy(java.lang.Object)
================================================================================

[DEBUG-STREAM] Processing node: generate, has iteration_log: True, approved=False
[Generate] produced 1217 chars
/part/01/Tmp/gamageyo/fika/experiments/flink/flink-core
[DEBUG-STREAM] Processing node: write, has iteration_log: True, approved=False
[Write] wrote to /part/01/Tmp/gamageyo/fika/experiments/flink/flink-core/src/test/java/org/apache/flink/api/java/typeutils/runtime/kryo/KryoSerializercopy_KryocopyFikaTest.java
[DEBUG-STREAM] Processing node: validate_constraints, has iteration_log: True, approved=False
[Validate] PASSED - hard constraints satisfied
[DEBUG-STREAM] Processing node: run, has iteration_log: True, approved=False
[Run] feedback_chars=12195
[DEBUG-STREAM] Processing node: check_coverage, has iteration_log: True, approved=False
[Coverage] target 'com.esotericsoftware.kryo.Kryo.copy(java.lang.Object)' covered=True
[DEBUG-STREAM] Processing node: decide, has iteration_log: True, approved=True
[Decide] approved=True (tests passed AND target method covered)
[DEBUG-STREAM] Processing node: finalize, has iteration_log: True, approved=True
[Finalize] SUCCESS: Test passed and target method covered

[DEBUG] Stream completed. final_state is set
[DEBUG] final_state keys: ['repo_root', 'mvn_cmd', 'max_iterations', 'run_only_generated_test', 'entryPoint', 'thirdPartyMethod', 'directCaller', 'path', 'methodSources', 'constructors', 'setters', 'fieldDeclarations', 'imports', 'testTemplate', 'conditionCount', 'callCount', 'covered', 'test_package', 'test_class_name', 'iteration', 'java_source', 'last_run_output', 'last_exit_code', 'success', 'approved', 'test_rel_path', 'trace', 'target_method_covered', 'coverage_total_lines', 'coverage_error', 'path_coverage_details', 'iteration_log', 'last_prompt']
[DEBUG] approved (after bool()) = True
✓ Test approved at iteration 1
  JSON path: /part/01/Tmp/gamageyo/fika/experiments/flink/flink-core/third_party_apis_full_methods.json
  Looking for thirdPartyMethod: com.esotericsoftware.kryo.Kryo.copy(java.lang.Object)
  Looking for directCaller: org.apache.flink.api.java.typeutils.runtime.kryo.KryoSerializer.copy(java.lang.Object)
[DEBUG]   ✓ MATCH FOUND at path 31
✓ Updated 1 record(s) in JSON file as covered
  Third Party Method: com.esotericsoftware.kryo.Kryo.copy(java.lang.Object)
  Direct Caller: org.apache.flink.api.java.typeutils.runtime.kryo.KryoSerializer.copy(java.lang.Object)

================================================================================
PROCESSING TEST CASE 33/223
================================================================================
Entry Point: org.apache.flink.api.java.typeutils.runtime.kryo.KryoSerializer.copy(java.lang.Object)
Third Party Method: com.esotericsoftware.kryo.Kryo.readObject(com.esotericsoftware.kryo.io.Input, java.lang.Class)
================================================================================

[DEBUG-STREAM] Processing node: generate, has iteration_log: True, approved=False
[Generate] produced 2946 chars
/part/01/Tmp/gamageyo/fika/experiments/flink/flink-core
[DEBUG-STREAM] Processing node: write, has iteration_log: True, approved=False
[Write] wrote to /part/01/Tmp/gamageyo/fika/experiments/flink/flink-core/src/test/java/org/apache/flink/api/java/typeutils/runtime/kryo/KryoSerializercopy_KryoreadObjectFikaTest.java
[DEBUG-STREAM] Processing node: validate_constraints, has iteration_log: True, approved=False
[Validate] PASSED - hard constraints satisfied
[DEBUG-STREAM] Processing node: run, has iteration_log: True, approved=False
[Run] feedback_chars=504
[DEBUG-STREAM] Processing node: check_coverage, has iteration_log: True, approved=False
[Coverage] target 'com.esotericsoftware.kryo.Kryo.readObject(com.esotericsoftware.kryo.io.Input, java.lang.Class)' covered=False
[DEBUG-STREAM] Processing node: decide, has iteration_log: True, approved=False
[Decide] approved=False (tests failed, will retry if iteration<5)
[DEBUG-STREAM] Processing node: generate, has iteration_log: True, approved=False
[Generate] produced 3092 chars
/part/01/Tmp/gamageyo/fika/experiments/flink/flink-core
[DEBUG-STREAM] Processing node: write, has iteration_log: True, approved=False
[Write] wrote to /part/01/Tmp/gamageyo/fika/experiments/flink/flink-core/src/test/java/org/apache/flink/api/java/typeutils/runtime/kryo/KryoSerializercopy_KryoreadObjectFikaTest.java
[DEBUG-STREAM] Processing node: validate_constraints, has iteration_log: True, approved=False
[Validate] PASSED - hard constraints satisfied
[DEBUG-STREAM] Processing node: run, has iteration_log: True, approved=False
[Run] feedback_chars=908
[DEBUG-STREAM] Processing node: check_coverage, has iteration_log: True, approved=False
[Coverage] target 'com.esotericsoftware.kryo.Kryo.readObject(com.esotericsoftware.kryo.io.Input, java.lang.Class)' covered=False
[DEBUG-STREAM] Processing node: decide, has iteration_log: True, approved=False
[Decide] approved=False (tests failed, will retry if iteration<5)
[DEBUG-STREAM] Processing node: generate, has iteration_log: True, approved=False
[Generate] produced 3338 chars
/part/01/Tmp/gamageyo/fika/experiments/flink/flink-core
[DEBUG-STREAM] Processing node: write, has iteration_log: True, approved=False
[Write] wrote to /part/01/Tmp/gamageyo/fika/experiments/flink/flink-core/src/test/java/org/apache/flink/api/java/typeutils/runtime/kryo/KryoSerializercopy_KryoreadObjectFikaTest.java
[DEBUG-STREAM] Processing node: validate_constraints, has iteration_log: True, approved=False
[Validate] PASSED - hard constraints satisfied
[DEBUG-STREAM] Processing node: run, has iteration_log: True, approved=False
[Run] feedback_chars=790
[DEBUG-STREAM] Processing node: check_coverage, has iteration_log: True, approved=False
[Coverage] target 'com.esotericsoftware.kryo.Kryo.readObject(com.esotericsoftware.kryo.io.Input, java.lang.Class)' covered=False
[DEBUG-STREAM] Processing node: decide, has iteration_log: True, approved=False
[Decide] approved=False (tests failed, will retry if iteration<5)
[DEBUG-STREAM] Processing node: generate, has iteration_log: True, approved=False
[Generate] produced 3780 chars
/part/01/Tmp/gamageyo/fika/experiments/flink/flink-core
[DEBUG-STREAM] Processing node: write, has iteration_log: True, approved=False
[Write] wrote to /part/01/Tmp/gamageyo/fika/experiments/flink/flink-core/src/test/java/org/apache/flink/api/java/typeutils/runtime/kryo/KryoSerializercopy_KryoreadObjectFikaTest.java
[DEBUG-STREAM] Processing node: validate_constraints, has iteration_log: True, approved=False
[Validate] FAILED - hard constraints violated
[DEBUG-STREAM] Processing node: decide, has iteration_log: True, approved=False
[Decide] approved=False (hard constraint violation, will retry if iteration<5)
[DEBUG-STREAM] Processing node: generate, has iteration_log: True, approved=False
[Generate] produced 1197 chars
/part/01/Tmp/gamageyo/fika/experiments/flink/flink-core
[DEBUG-STREAM] Processing node: write, has iteration_log: True, approved=False
[Write] wrote to /part/01/Tmp/gamageyo/fika/experiments/flink/flink-core/src/test/java/org/apache/flink/api/java/typeutils/runtime/kryo/KryoSerializercopy_KryoreadObjectFikaTest.java
[DEBUG-STREAM] Processing node: validate_constraints, has iteration_log: True, approved=False
[Validate] PASSED - hard constraints satisfied
[DEBUG-STREAM] Processing node: run, has iteration_log: True, approved=False
[Run] feedback_chars=12195
[DEBUG-STREAM] Processing node: check_coverage, has iteration_log: True, approved=False
[Coverage] target 'com.esotericsoftware.kryo.Kryo.readObject(com.esotericsoftware.kryo.io.Input, java.lang.Class)' covered=False
[DEBUG-STREAM] Processing node: decide, has iteration_log: True, approved=False
[Decide] approved=False (tests passed but target method NOT covered, will retry if iteration<5)
[DEBUG-STREAM] Processing node: finalize, has iteration_log: True, approved=False
[Finalize] Cleaned up unsuccessful test file: /part/01/Tmp/gamageyo/fika/experiments/flink/flink-core/src/test/java/org/apache/flink/api/java/typeutils/runtime/kryo/KryoSerializercopy_KryoreadObjectFikaTest.java

[DEBUG] Stream completed. final_state is set
[DEBUG] final_state keys: ['repo_root', 'mvn_cmd', 'max_iterations', 'run_only_generated_test', 'entryPoint', 'thirdPartyMethod', 'directCaller', 'path', 'methodSources', 'constructors', 'setters', 'fieldDeclarations', 'imports', 'testTemplate', 'conditionCount', 'callCount', 'covered', 'test_package', 'test_class_name', 'iteration', 'java_source', 'last_run_output', 'last_exit_code', 'success', 'approved', 'test_rel_path', 'trace', 'target_method_covered', 'coverage_total_lines', 'coverage_error', 'path_coverage_details', 'iteration_log', 'last_prompt']
[DEBUG] approved (after bool()) = False

=== FAILURE REASON ===
Tests passed but target third-party method was NOT covered
   Target: com.esotericsoftware.kryo.Kryo.readObject(com.esotericsoftware.kryo.io.Input, java.lang.Class)


================================================================================
PROCESSING TEST CASE 34/223
================================================================================
Entry Point: org.apache.flink.api.java.typeutils.runtime.kryo.KryoSerializer.copy(java.lang.Object)
Third Party Method: com.esotericsoftware.kryo.io.Input.<init>(java.io.InputStream)
================================================================================

[DEBUG-STREAM] Processing node: generate, has iteration_log: True, approved=False
[Generate] produced 3881 chars
/part/01/Tmp/gamageyo/fika/experiments/flink/flink-core
[DEBUG-STREAM] Processing node: write, has iteration_log: True, approved=False
[Write] wrote to /part/01/Tmp/gamageyo/fika/experiments/flink/flink-core/src/test/java/org/apache/flink/api/java/typeutils/runtime/kryo/KryoSerializercopy_InputmethodFikaTest.java
[DEBUG-STREAM] Processing node: validate_constraints, has iteration_log: True, approved=False
[Validate] FAILED - hard constraints violated
[DEBUG-STREAM] Processing node: decide, has iteration_log: True, approved=False
[Decide] approved=False (hard constraint violation, will retry if iteration<5)
[DEBUG-STREAM] Processing node: generate, has iteration_log: True, approved=False
[Generate] produced 3011 chars
/part/01/Tmp/gamageyo/fika/experiments/flink/flink-core
[DEBUG-STREAM] Processing node: write, has iteration_log: True, approved=False
[Write] wrote to /part/01/Tmp/gamageyo/fika/experiments/flink/flink-core/src/test/java/org/apache/flink/api/java/typeutils/runtime/kryo/KryoSerializercopy_InputmethodFikaTest.java
[DEBUG-STREAM] Processing node: validate_constraints, has iteration_log: True, approved=False
[Validate] FAILED - hard constraints violated
[DEBUG-STREAM] Processing node: decide, has iteration_log: True, approved=False
[Decide] approved=False (hard constraint violation, will retry if iteration<5)
[DEBUG-STREAM] Processing node: generate, has iteration_log: True, approved=False
[Generate] produced 3087 chars
/part/01/Tmp/gamageyo/fika/experiments/flink/flink-core
[DEBUG-STREAM] Processing node: write, has iteration_log: True, approved=False
[Write] wrote to /part/01/Tmp/gamageyo/fika/experiments/flink/flink-core/src/test/java/org/apache/flink/api/java/typeutils/runtime/kryo/KryoSerializercopy_InputmethodFikaTest.java
[DEBUG-STREAM] Processing node: validate_constraints, has iteration_log: True, approved=False
[Validate] FAILED - hard constraints violated
[DEBUG-STREAM] Processing node: decide, has iteration_log: True, approved=False
[Decide] approved=False (hard constraint violation, will retry if iteration<5)
[DEBUG-STREAM] Processing node: generate, has iteration_log: True, approved=False
[Generate] produced 5820 chars
/part/01/Tmp/gamageyo/fika/experiments/flink/flink-core
[DEBUG-STREAM] Processing node: write, has iteration_log: True, approved=False
[Write] wrote to /part/01/Tmp/gamageyo/fika/experiments/flink/flink-core/src/test/java/org/apache/flink/api/java/typeutils/runtime/kryo/KryoSerializercopy_InputmethodFikaTest.java
[DEBUG-STREAM] Processing node: validate_constraints, has iteration_log: True, approved=False
[Validate] FAILED - hard constraints violated
[DEBUG-STREAM] Processing node: decide, has iteration_log: True, approved=False
[Decide] approved=False (hard constraint violation, will retry if iteration<5)
[DEBUG-STREAM] Processing node: generate, has iteration_log: True, approved=False
[Generate] produced 2132 chars
/part/01/Tmp/gamageyo/fika/experiments/flink/flink-core
[DEBUG-STREAM] Processing node: write, has iteration_log: True, approved=False
[Write] wrote to /part/01/Tmp/gamageyo/fika/experiments/flink/flink-core/src/test/java/org/apache/flink/api/java/typeutils/runtime/kryo/KryoSerializercopy_InputmethodFikaTest.java
[DEBUG-STREAM] Processing node: validate_constraints, has iteration_log: True, approved=False
[Validate] PASSED - hard constraints satisfied
[DEBUG-STREAM] Processing node: run, has iteration_log: True, approved=False
[Run] feedback_chars=12195
[DEBUG-STREAM] Processing node: check_coverage, has iteration_log: True, approved=False
[Coverage] target 'com.esotericsoftware.kryo.io.Input.<init>(java.io.InputStream)' covered=False
[DEBUG-STREAM] Processing node: decide, has iteration_log: True, approved=False
[Decide] approved=False (tests passed but target method NOT covered, will retry if iteration<5)
[DEBUG-STREAM] Processing node: finalize, has iteration_log: True, approved=False
[Finalize] Cleaned up unsuccessful test file: /part/01/Tmp/gamageyo/fika/experiments/flink/flink-core/src/test/java/org/apache/flink/api/java/typeutils/runtime/kryo/KryoSerializercopy_InputmethodFikaTest.java

[DEBUG] Stream completed. final_state is set
[DEBUG] final_state keys: ['repo_root', 'mvn_cmd', 'max_iterations', 'run_only_generated_test', 'entryPoint', 'thirdPartyMethod', 'directCaller', 'path', 'methodSources', 'constructors', 'setters', 'fieldDeclarations', 'imports', 'testTemplate', 'conditionCount', 'callCount', 'covered', 'test_package', 'test_class_name', 'iteration', 'java_source', 'last_run_output', 'last_exit_code', 'success', 'approved', 'test_rel_path', 'trace', 'target_method_covered', 'coverage_total_lines', 'coverage_error', 'path_coverage_details', 'iteration_log', 'last_prompt']
[DEBUG] approved (after bool()) = False

=== FAILURE REASON ===
Tests passed but target third-party method was NOT covered
   Target: com.esotericsoftware.kryo.io.Input.<init>(java.io.InputStream)


================================================================================
PROCESSING TEST CASE 35/223
================================================================================
Entry Point: org.apache.flink.api.java.typeutils.runtime.kryo.KryoSerializer.deserialize(org.apache.flink.core.memory.DataInputView)
Third Party Method: com.esotericsoftware.kryo.KryoException.getCause()
================================================================================

[DEBUG-STREAM] Processing node: generate, has iteration_log: True, approved=False
[Generate] produced 3358 chars
/part/01/Tmp/gamageyo/fika/experiments/flink/flink-core
[DEBUG-STREAM] Processing node: write, has iteration_log: True, approved=False
[Write] wrote to /part/01/Tmp/gamageyo/fika/experiments/flink/flink-core/src/test/java/org/apache/flink/api/java/typeutils/runtime/kryo/KryoSerializerdeserialize_KryoExceptiongetCauseFikaTest.java
[DEBUG-STREAM] Processing node: validate_constraints, has iteration_log: True, approved=False
[Validate] PASSED - hard constraints satisfied
[DEBUG-STREAM] Processing node: run, has iteration_log: True, approved=False
[Run] feedback_chars=578
[DEBUG-STREAM] Processing node: check_coverage, has iteration_log: True, approved=False
[Coverage] target 'com.esotericsoftware.kryo.KryoException.getCause()' covered=False
[DEBUG-STREAM] Processing node: decide, has iteration_log: True, approved=False
[Decide] approved=False (tests failed, will retry if iteration<5)
[DEBUG-STREAM] Processing node: generate, has iteration_log: True, approved=False
[Generate] produced 4151 chars
/part/01/Tmp/gamageyo/fika/experiments/flink/flink-core
[DEBUG-STREAM] Processing node: write, has iteration_log: True, approved=False
[Write] wrote to /part/01/Tmp/gamageyo/fika/experiments/flink/flink-core/src/test/java/org/apache/flink/api/java/typeutils/runtime/kryo/KryoSerializerdeserialize_KryoExceptiongetCauseFikaTest.java
[DEBUG-STREAM] Processing node: validate_constraints, has iteration_log: True, approved=False
[Validate] FAILED - hard constraints violated
[DEBUG-STREAM] Processing node: decide, has iteration_log: True, approved=False
[Decide] approved=False (hard constraint violation, will retry if iteration<5)
[DEBUG-STREAM] Processing node: generate, has iteration_log: True, approved=False
[Generate] produced 3829 chars
/part/01/Tmp/gamageyo/fika/experiments/flink/flink-core
[DEBUG-STREAM] Processing node: write, has iteration_log: True, approved=False
[Write] wrote to /part/01/Tmp/gamageyo/fika/experiments/flink/flink-core/src/test/java/org/apache/flink/api/java/typeutils/runtime/kryo/KryoSerializerdeserialize_KryoExceptiongetCauseFikaTest.java
[DEBUG-STREAM] Processing node: validate_constraints, has iteration_log: True, approved=False
[Validate] PASSED - hard constraints satisfied
[DEBUG-STREAM] Processing node: run, has iteration_log: True, approved=False
[Run] feedback_chars=715
[DEBUG-STREAM] Processing node: check_coverage, has iteration_log: True, approved=False
[Coverage] target 'com.esotericsoftware.kryo.KryoException.getCause()' covered=False
[DEBUG-STREAM] Processing node: decide, has iteration_log: True, approved=False
[Decide] approved=False (tests failed, will retry if iteration<5)
[DEBUG-STREAM] Processing node: generate, has iteration_log: True, approved=False
[Generate] produced 6029 chars
/part/01/Tmp/gamageyo/fika/experiments/flink/flink-core
[DEBUG-STREAM] Processing node: write, has iteration_log: True, approved=False
[Write] wrote to /part/01/Tmp/gamageyo/fika/experiments/flink/flink-core/src/test/java/org/apache/flink/api/java/typeutils/runtime/kryo/KryoSerializerdeserialize_KryoExceptiongetCauseFikaTest.java
[DEBUG-STREAM] Processing node: validate_constraints, has iteration_log: True, approved=False
[Validate] FAILED - hard constraints violated
[DEBUG-STREAM] Processing node: decide, has iteration_log: True, approved=False
[Decide] approved=False (hard constraint violation, will retry if iteration<5)
[DEBUG-STREAM] Processing node: generate, has iteration_log: True, approved=False
[Generate] produced 3792 chars
/part/01/Tmp/gamageyo/fika/experiments/flink/flink-core
[DEBUG-STREAM] Processing node: write, has iteration_log: True, approved=False
[Write] wrote to /part/01/Tmp/gamageyo/fika/experiments/flink/flink-core/src/test/java/org/apache/flink/api/java/typeutils/runtime/kryo/KryoSerializerdeserialize_KryoExceptiongetCauseFikaTest.java
[DEBUG-STREAM] Processing node: validate_constraints, has iteration_log: True, approved=False
[Validate] FAILED - hard constraints violated
[DEBUG-STREAM] Processing node: decide, has iteration_log: True, approved=False
[Decide] approved=False (hard constraint violation, will retry if iteration<5)
[DEBUG-STREAM] Processing node: finalize, has iteration_log: True, approved=False
[Finalize] Cleaned up unsuccessful test file: /part/01/Tmp/gamageyo/fika/experiments/flink/flink-core/src/test/java/org/apache/flink/api/java/typeutils/runtime/kryo/KryoSerializerdeserialize_KryoExceptiongetCauseFikaTest.java

[DEBUG] Stream completed. final_state is set
[DEBUG] final_state keys: ['repo_root', 'mvn_cmd', 'max_iterations', 'run_only_generated_test', 'entryPoint', 'thirdPartyMethod', 'directCaller', 'path', 'methodSources', 'constructors', 'setters', 'fieldDeclarations', 'imports', 'testTemplate', 'conditionCount', 'callCount', 'covered', 'test_package', 'test_class_name', 'iteration', 'java_source', 'last_run_output', 'last_exit_code', 'success', 'approved', 'test_rel_path', 'trace', 'target_method_covered', 'coverage_total_lines', 'coverage_error', 'path_coverage_details', 'iteration_log', 'last_prompt']
[DEBUG] approved (after bool()) = False

=== FAILURE REASON ===
Tests failed to compile or run successfully


================================================================================
PROCESSING TEST CASE 36/223
================================================================================
Entry Point: org.apache.flink.api.java.typeutils.runtime.kryo.KryoSerializer.deserialize(org.apache.flink.core.memory.DataInputView)
Third Party Method: com.esotericsoftware.kryo.Kryo.readClassAndObject(com.esotericsoftware.kryo.io.Input)
================================================================================

[DEBUG-STREAM] Processing node: generate, has iteration_log: True, approved=False
[Generate] produced 1643 chars
/part/01/Tmp/gamageyo/fika/experiments/flink/flink-core
[DEBUG-STREAM] Processing node: write, has iteration_log: True, approved=False
[Write] wrote to /part/01/Tmp/gamageyo/fika/experiments/flink/flink-core/src/test/java/org/apache/flink/api/java/typeutils/runtime/kryo/KryoSerializerdeserialize_KryoreadClassAndObjectFikaTest.java
[DEBUG-STREAM] Processing node: validate_constraints, has iteration_log: True, approved=False
[Validate] PASSED - hard constraints satisfied
[DEBUG-STREAM] Processing node: run, has iteration_log: True, approved=False
[Run] feedback_chars=575
[DEBUG-STREAM] Processing node: check_coverage, has iteration_log: True, approved=False
[Coverage] target 'com.esotericsoftware.kryo.Kryo.readClassAndObject(com.esotericsoftware.kryo.io.Input)' covered=False
[DEBUG-STREAM] Processing node: decide, has iteration_log: True, approved=False
[Decide] approved=False (tests failed, will retry if iteration<5)
[DEBUG-STREAM] Processing node: generate, has iteration_log: True, approved=False
[Generate] produced 987 chars
/part/01/Tmp/gamageyo/fika/experiments/flink/flink-core
[DEBUG-STREAM] Processing node: write, has iteration_log: True, approved=False
[Write] wrote to /part/01/Tmp/gamageyo/fika/experiments/flink/flink-core/src/test/java/org/apache/flink/api/java/typeutils/runtime/kryo/KryoSerializerdeserialize_KryoreadClassAndObjectFikaTest.java
[DEBUG-STREAM] Processing node: validate_constraints, has iteration_log: True, approved=False
[Validate] PASSED - hard constraints satisfied
[DEBUG-STREAM] Processing node: run, has iteration_log: True, approved=False
[Run] feedback_chars=575
[DEBUG-STREAM] Processing node: check_coverage, has iteration_log: True, approved=False
[Coverage] target 'com.esotericsoftware.kryo.Kryo.readClassAndObject(com.esotericsoftware.kryo.io.Input)' covered=False
[DEBUG-STREAM] Processing node: decide, has iteration_log: True, approved=False
[Decide] approved=False (tests failed, will retry if iteration<5)
[DEBUG-STREAM] Processing node: generate, has iteration_log: True, approved=False
[Generate] produced 1398 chars
/part/01/Tmp/gamageyo/fika/experiments/flink/flink-core
[DEBUG-STREAM] Processing node: write, has iteration_log: True, approved=False
[Write] wrote to /part/01/Tmp/gamageyo/fika/experiments/flink/flink-core/src/test/java/org/apache/flink/api/java/typeutils/runtime/kryo/KryoSerializerdeserialize_KryoreadClassAndObjectFikaTest.java
[DEBUG-STREAM] Processing node: validate_constraints, has iteration_log: True, approved=False
[Validate] PASSED - hard constraints satisfied
[DEBUG-STREAM] Processing node: run, has iteration_log: True, approved=False
[Run] feedback_chars=575
[DEBUG-STREAM] Processing node: check_coverage, has iteration_log: True, approved=False
[Coverage] target 'com.esotericsoftware.kryo.Kryo.readClassAndObject(com.esotericsoftware.kryo.io.Input)' covered=False
[DEBUG-STREAM] Processing node: decide, has iteration_log: True, approved=False
[Decide] approved=False (tests failed, will retry if iteration<5)
[DEBUG-STREAM] Processing node: generate, has iteration_log: True, approved=False
[Generate] produced 1459 chars
/part/01/Tmp/gamageyo/fika/experiments/flink/flink-core
[DEBUG-STREAM] Processing node: write, has iteration_log: True, approved=False
[Write] wrote to /part/01/Tmp/gamageyo/fika/experiments/flink/flink-core/src/test/java/org/apache/flink/api/java/typeutils/runtime/kryo/KryoSerializerdeserialize_KryoreadClassAndObjectFikaTest.java
[DEBUG-STREAM] Processing node: validate_constraints, has iteration_log: True, approved=False
[Validate] PASSED - hard constraints satisfied
[DEBUG-STREAM] Processing node: run, has iteration_log: True, approved=False
[Run] feedback_chars=575
[DEBUG-STREAM] Processing node: check_coverage, has iteration_log: True, approved=False
[Coverage] target 'com.esotericsoftware.kryo.Kryo.readClassAndObject(com.esotericsoftware.kryo.io.Input)' covered=False
[DEBUG-STREAM] Processing node: decide, has iteration_log: True, approved=False
[Decide] approved=False (tests failed, will retry if iteration<5)
[DEBUG-STREAM] Processing node: generate, has iteration_log: True, approved=False
[Generate] produced 1459 chars
/part/01/Tmp/gamageyo/fika/experiments/flink/flink-core
[DEBUG-STREAM] Processing node: write, has iteration_log: True, approved=False
[Write] wrote to /part/01/Tmp/gamageyo/fika/experiments/flink/flink-core/src/test/java/org/apache/flink/api/java/typeutils/runtime/kryo/KryoSerializerdeserialize_KryoreadClassAndObjectFikaTest.java
[DEBUG-STREAM] Processing node: validate_constraints, has iteration_log: True, approved=False
[Validate] PASSED - hard constraints satisfied
[DEBUG-STREAM] Processing node: run, has iteration_log: True, approved=False
[Run] feedback_chars=575
[DEBUG-STREAM] Processing node: check_coverage, has iteration_log: True, approved=False
[Coverage] target 'com.esotericsoftware.kryo.Kryo.readClassAndObject(com.esotericsoftware.kryo.io.Input)' covered=False
[DEBUG-STREAM] Processing node: decide, has iteration_log: True, approved=False
[Decide] approved=False (tests failed, will retry if iteration<5)
[DEBUG-STREAM] Processing node: finalize, has iteration_log: True, approved=False
[Finalize] Cleaned up unsuccessful test file: /part/01/Tmp/gamageyo/fika/experiments/flink/flink-core/src/test/java/org/apache/flink/api/java/typeutils/runtime/kryo/KryoSerializerdeserialize_KryoreadClassAndObjectFikaTest.java

[DEBUG] Stream completed. final_state is set
[DEBUG] final_state keys: ['repo_root', 'mvn_cmd', 'max_iterations', 'run_only_generated_test', 'entryPoint', 'thirdPartyMethod', 'directCaller', 'path', 'methodSources', 'constructors', 'setters', 'fieldDeclarations', 'imports', 'testTemplate', 'conditionCount', 'callCount', 'covered', 'test_package', 'test_class_name', 'iteration', 'java_source', 'last_run_output', 'last_exit_code', 'success', 'approved', 'test_rel_path', 'trace', 'target_method_covered', 'coverage_total_lines', 'coverage_error', 'path_coverage_details', 'iteration_log', 'last_prompt']
[DEBUG] approved (after bool()) = False

=== FAILURE REASON ===
Tests failed to compile or run successfully


================================================================================
PROCESSING TEST CASE 37/223
================================================================================
Entry Point: org.apache.flink.api.java.typeutils.runtime.NoFetchingInput.readBytes(byte[], int, int)
Third Party Method: com.esotericsoftware.kryo.KryoException.<init>(java.lang.Throwable)
================================================================================

[DEBUG-STREAM] Processing node: generate, has iteration_log: True, approved=False
[Generate] produced 1079 chars
/part/01/Tmp/gamageyo/fika/experiments/flink/flink-core
[DEBUG-STREAM] Processing node: write, has iteration_log: True, approved=False
[Write] wrote to /part/01/Tmp/gamageyo/fika/experiments/flink/flink-core/src/test/java/org/apache/flink/api/java/typeutils/runtime/NoFetchingInputreadBytes_KryoExceptionmethodFikaTest.java
[DEBUG-STREAM] Processing node: validate_constraints, has iteration_log: True, approved=False
[Validate] FAILED - hard constraints violated
[DEBUG-STREAM] Processing node: decide, has iteration_log: True, approved=False
[Decide] approved=False (hard constraint violation, will retry if iteration<5)
[DEBUG-STREAM] Processing node: generate, has iteration_log: True, approved=False
[Generate] produced 1143 chars
/part/01/Tmp/gamageyo/fika/experiments/flink/flink-core
[DEBUG-STREAM] Processing node: write, has iteration_log: True, approved=False
[Write] wrote to /part/01/Tmp/gamageyo/fika/experiments/flink/flink-core/src/test/java/org/apache/flink/api/java/typeutils/runtime/NoFetchingInputreadBytes_KryoExceptionmethodFikaTest.java
[DEBUG-STREAM] Processing node: validate_constraints, has iteration_log: True, approved=False
[Validate] FAILED - hard constraints violated
[DEBUG-STREAM] Processing node: decide, has iteration_log: True, approved=False
[Decide] approved=False (hard constraint violation, will retry if iteration<5)
[DEBUG-STREAM] Processing node: generate, has iteration_log: True, approved=False
[Generate] produced 1067 chars
/part/01/Tmp/gamageyo/fika/experiments/flink/flink-core
[DEBUG-STREAM] Processing node: write, has iteration_log: True, approved=False
[Write] wrote to /part/01/Tmp/gamageyo/fika/experiments/flink/flink-core/src/test/java/org/apache/flink/api/java/typeutils/runtime/NoFetchingInputreadBytes_KryoExceptionmethodFikaTest.java
[DEBUG-STREAM] Processing node: validate_constraints, has iteration_log: True, approved=False
[Validate] FAILED - hard constraints violated
[DEBUG-STREAM] Processing node: decide, has iteration_log: True, approved=False
[Decide] approved=False (hard constraint violation, will retry if iteration<5)
[DEBUG-STREAM] Processing node: generate, has iteration_log: True, approved=False
[Generate] produced 1131 chars
/part/01/Tmp/gamageyo/fika/experiments/flink/flink-core
[DEBUG-STREAM] Processing node: write, has iteration_log: True, approved=False
[Write] wrote to /part/01/Tmp/gamageyo/fika/experiments/flink/flink-core/src/test/java/org/apache/flink/api/java/typeutils/runtime/NoFetchingInputreadBytes_KryoExceptionmethodFikaTest.java
[DEBUG-STREAM] Processing node: validate_constraints, has iteration_log: True, approved=False
[Validate] FAILED - hard constraints violated
[DEBUG-STREAM] Processing node: decide, has iteration_log: True, approved=False
[Decide] approved=False (hard constraint violation, will retry if iteration<5)
[DEBUG-STREAM] Processing node: generate, has iteration_log: True, approved=False
[Generate] produced 978 chars
/part/01/Tmp/gamageyo/fika/experiments/flink/flink-core
[DEBUG-STREAM] Processing node: write, has iteration_log: True, approved=False
[Write] wrote to /part/01/Tmp/gamageyo/fika/experiments/flink/flink-core/src/test/java/org/apache/flink/api/java/typeutils/runtime/NoFetchingInputreadBytes_KryoExceptionmethodFikaTest.java
[DEBUG-STREAM] Processing node: validate_constraints, has iteration_log: True, approved=False
[Validate] FAILED - hard constraints violated
[DEBUG-STREAM] Processing node: decide, has iteration_log: True, approved=False
[Decide] approved=False (hard constraint violation, will retry if iteration<5)
[DEBUG-STREAM] Processing node: finalize, has iteration_log: True, approved=False
[Finalize] Cleaned up unsuccessful test file: /part/01/Tmp/gamageyo/fika/experiments/flink/flink-core/src/test/java/org/apache/flink/api/java/typeutils/runtime/NoFetchingInputreadBytes_KryoExceptionmethodFikaTest.java

[DEBUG] Stream completed. final_state is set
[DEBUG] final_state keys: ['repo_root', 'mvn_cmd', 'max_iterations', 'run_only_generated_test', 'entryPoint', 'thirdPartyMethod', 'directCaller', 'path', 'methodSources', 'constructors', 'setters', 'fieldDeclarations', 'imports', 'testTemplate', 'conditionCount', 'callCount', 'covered', 'test_package', 'test_class_name', 'iteration', 'java_source', 'last_run_output', 'last_exit_code', 'success', 'approved', 'test_rel_path', 'trace', 'target_method_covered', 'coverage_total_lines', 'coverage_error', 'path_coverage_details', 'iteration_log', 'last_prompt']
[DEBUG] approved (after bool()) = False

=== FAILURE REASON ===
Tests failed to compile or run successfully


================================================================================
PROCESSING TEST CASE 38/223
================================================================================
Entry Point: org.apache.flink.util.ParameterTool.fromArgs(java.lang.String[])
Third Party Method: org.apache.commons.lang3.math.NumberUtils.isNumber(java.lang.String)
================================================================================

[DEBUG-STREAM] Processing node: generate, has iteration_log: True, approved=False
[Generate] produced 579 chars
/part/01/Tmp/gamageyo/fika/experiments/flink/flink-core
[DEBUG-STREAM] Processing node: write, has iteration_log: True, approved=False
[Write] wrote to /part/01/Tmp/gamageyo/fika/experiments/flink/flink-core/src/test/java/org/apache/flink/util/ParameterToolfromArgs_NumberUtilsisNumberFikaTest.java
[DEBUG-STREAM] Processing node: validate_constraints, has iteration_log: True, approved=False
[Validate] PASSED - hard constraints satisfied
[DEBUG-STREAM] Processing node: run, has iteration_log: True, approved=False
[Run] feedback_chars=12195
[DEBUG-STREAM] Processing node: check_coverage, has iteration_log: True, approved=False
[Coverage] target 'org.apache.commons.lang3.math.NumberUtils.isNumber(java.lang.String)' covered=True
[DEBUG-STREAM] Processing node: decide, has iteration_log: True, approved=True
[Decide] approved=True (tests passed AND target method covered)
[DEBUG-STREAM] Processing node: finalize, has iteration_log: True, approved=True
[Finalize] SUCCESS: Test passed and target method covered

[DEBUG] Stream completed. final_state is set
[DEBUG] final_state keys: ['repo_root', 'mvn_cmd', 'max_iterations', 'run_only_generated_test', 'entryPoint', 'thirdPartyMethod', 'directCaller', 'path', 'methodSources', 'constructors', 'setters', 'fieldDeclarations', 'imports', 'testTemplate', 'conditionCount', 'callCount', 'covered', 'test_package', 'test_class_name', 'iteration', 'java_source', 'last_run_output', 'last_exit_code', 'success', 'approved', 'test_rel_path', 'trace', 'target_method_covered', 'coverage_total_lines', 'coverage_error', 'path_coverage_details', 'iteration_log', 'last_prompt']
[DEBUG] approved (after bool()) = True
✓ Test approved at iteration 1
  JSON path: /part/01/Tmp/gamageyo/fika/experiments/flink/flink-core/third_party_apis_full_methods.json
  Looking for thirdPartyMethod: org.apache.commons.lang3.math.NumberUtils.isNumber(java.lang.String)
  Looking for directCaller: org.apache.flink.util.ParameterTool.fromArgs(java.lang.String[])
[DEBUG]   ✓ MATCH FOUND at path 37
✓ Updated 1 record(s) in JSON file as covered
  Third Party Method: org.apache.commons.lang3.math.NumberUtils.isNumber(java.lang.String)
  Direct Caller: org.apache.flink.util.ParameterTool.fromArgs(java.lang.String[])

================================================================================
PROCESSING TEST CASE 39/223
================================================================================
Entry Point: org.apache.flink.api.java.typeutils.runtime.kryo.KryoSerializer.serialize(java.lang.Object, org.apache.flink.core.memory.DataOutputView)
Third Party Method: com.esotericsoftware.kryo.Kryo.writeClassAndObject(com.esotericsoftware.kryo.io.Output, java.lang.Object)
================================================================================

[DEBUG-STREAM] Processing node: generate, has iteration_log: True, approved=False
[Generate] produced 4645 chars
/part/01/Tmp/gamageyo/fika/experiments/flink/flink-core
[DEBUG-STREAM] Processing node: write, has iteration_log: True, approved=False
[Write] wrote to /part/01/Tmp/gamageyo/fika/experiments/flink/flink-core/src/test/java/org/apache/flink/api/java/typeutils/runtime/kryo/KryoSerializerserialize_KryowriteClassAndObjectFikaTest.java
[DEBUG-STREAM] Processing node: validate_constraints, has iteration_log: True, approved=False
[Validate] FAILED - hard constraints violated
[DEBUG-STREAM] Processing node: decide, has iteration_log: True, approved=False
[Decide] approved=False (hard constraint violation, will retry if iteration<5)
[DEBUG-STREAM] Processing node: generate, has iteration_log: True, approved=False
[Generate] produced 1024 chars
/part/01/Tmp/gamageyo/fika/experiments/flink/flink-core
[DEBUG-STREAM] Processing node: write, has iteration_log: True, approved=False
[Write] wrote to /part/01/Tmp/gamageyo/fika/experiments/flink/flink-core/src/test/java/org/apache/flink/api/java/typeutils/runtime/kryo/KryoSerializerserialize_KryowriteClassAndObjectFikaTest.java
[DEBUG-STREAM] Processing node: validate_constraints, has iteration_log: True, approved=False
[Validate] PASSED - hard constraints satisfied
[DEBUG-STREAM] Processing node: run, has iteration_log: True, approved=False
[Run] feedback_chars=575
[DEBUG-STREAM] Processing node: check_coverage, has iteration_log: True, approved=False
[Coverage] target 'com.esotericsoftware.kryo.Kryo.writeClassAndObject(com.esotericsoftware.kryo.io.Output, java.lang.Object)' covered=False
[DEBUG-STREAM] Processing node: decide, has iteration_log: True, approved=False
[Decide] approved=False (tests failed, will retry if iteration<5)
[DEBUG-STREAM] Processing node: generate, has iteration_log: True, approved=False
[Generate] produced 849 chars
/part/01/Tmp/gamageyo/fika/experiments/flink/flink-core
[DEBUG-STREAM] Processing node: write, has iteration_log: True, approved=False
[Write] wrote to /part/01/Tmp/gamageyo/fika/experiments/flink/flink-core/src/test/java/org/apache/flink/api/java/typeutils/runtime/kryo/KryoSerializerserialize_KryowriteClassAndObjectFikaTest.java
[DEBUG-STREAM] Processing node: validate_constraints, has iteration_log: True, approved=False
[Validate] PASSED - hard constraints satisfied
[DEBUG-STREAM] Processing node: run, has iteration_log: True, approved=False
[Run] feedback_chars=575
[DEBUG-STREAM] Processing node: check_coverage, has iteration_log: True, approved=False
[Coverage] target 'com.esotericsoftware.kryo.Kryo.writeClassAndObject(com.esotericsoftware.kryo.io.Output, java.lang.Object)' covered=False
[DEBUG-STREAM] Processing node: decide, has iteration_log: True, approved=False
[Decide] approved=False (tests failed, will retry if iteration<5)
[DEBUG-STREAM] Processing node: generate, has iteration_log: True, approved=False
[Generate] produced 4972 chars
/part/01/Tmp/gamageyo/fika/experiments/flink/flink-core
[DEBUG-STREAM] Processing node: write, has iteration_log: True, approved=False
[Write] wrote to /part/01/Tmp/gamageyo/fika/experiments/flink/flink-core/src/test/java/org/apache/flink/api/java/typeutils/runtime/kryo/KryoSerializerserialize_KryowriteClassAndObjectFikaTest.java
[DEBUG-STREAM] Processing node: validate_constraints, has iteration_log: True, approved=False
[Validate] FAILED - hard constraints violated
[DEBUG-STREAM] Processing node: decide, has iteration_log: True, approved=False
[Decide] approved=False (hard constraint violation, will retry if iteration<5)
[DEBUG-STREAM] Processing node: generate, has iteration_log: True, approved=False
[Generate] produced 4658 chars
/part/01/Tmp/gamageyo/fika/experiments/flink/flink-core
[DEBUG-STREAM] Processing node: write, has iteration_log: True, approved=False
[Write] wrote to /part/01/Tmp/gamageyo/fika/experiments/flink/flink-core/src/test/java/org/apache/flink/api/java/typeutils/runtime/kryo/KryoSerializerserialize_KryowriteClassAndObjectFikaTest.java
[DEBUG-STREAM] Processing node: validate_constraints, has iteration_log: True, approved=False
[Validate] PASSED - hard constraints satisfied
[DEBUG-STREAM] Processing node: run, has iteration_log: True, approved=False
[Run] feedback_chars=750
[DEBUG-STREAM] Processing node: check_coverage, has iteration_log: True, approved=False
[Coverage] target 'com.esotericsoftware.kryo.Kryo.writeClassAndObject(com.esotericsoftware.kryo.io.Output, java.lang.Object)' covered=False
[DEBUG-STREAM] Processing node: decide, has iteration_log: True, approved=False
[Decide] approved=False (tests failed, will retry if iteration<5)
[DEBUG-STREAM] Processing node: finalize, has iteration_log: True, approved=False
[Finalize] Cleaned up unsuccessful test file: /part/01/Tmp/gamageyo/fika/experiments/flink/flink-core/src/test/java/org/apache/flink/api/java/typeutils/runtime/kryo/KryoSerializerserialize_KryowriteClassAndObjectFikaTest.java

[DEBUG] Stream completed. final_state is set
[DEBUG] final_state keys: ['repo_root', 'mvn_cmd', 'max_iterations', 'run_only_generated_test', 'entryPoint', 'thirdPartyMethod', 'directCaller', 'path', 'methodSources', 'constructors', 'setters', 'fieldDeclarations', 'imports', 'testTemplate', 'conditionCount', 'callCount', 'covered', 'test_package', 'test_class_name', 'iteration', 'java_source', 'last_run_output', 'last_exit_code', 'success', 'approved', 'test_rel_path', 'trace', 'target_method_covered', 'coverage_total_lines', 'coverage_error', 'path_coverage_details', 'iteration_log', 'last_prompt']
[DEBUG] approved (after bool()) = False

=== FAILURE REASON ===
Tests failed to compile or run successfully


================================================================================
PROCESSING TEST CASE 40/223
================================================================================
Entry Point: org.apache.flink.api.java.typeutils.runtime.kryo.KryoSerializer.serialize(java.lang.Object, org.apache.flink.core.memory.DataOutputView)
Third Party Method: com.esotericsoftware.kryo.io.Output.position()
================================================================================

[DEBUG-STREAM] Processing node: generate, has iteration_log: True, approved=False
[Generate] produced 3667 chars
/part/01/Tmp/gamageyo/fika/experiments/flink/flink-core
[DEBUG-STREAM] Processing node: write, has iteration_log: True, approved=False
[Write] wrote to /part/01/Tmp/gamageyo/fika/experiments/flink/flink-core/src/test/java/org/apache/flink/api/java/typeutils/runtime/kryo/KryoSerializerserialize_OutputpositionFikaTest.java
[DEBUG-STREAM] Processing node: validate_constraints, has iteration_log: True, approved=False
[Validate] FAILED - hard constraints violated
[DEBUG-STREAM] Processing node: decide, has iteration_log: True, approved=False
[Decide] approved=False (hard constraint violation, will retry if iteration<5)
[DEBUG-STREAM] Processing node: generate, has iteration_log: True, approved=False
[Generate] produced 3266 chars
/part/01/Tmp/gamageyo/fika/experiments/flink/flink-core
[DEBUG-STREAM] Processing node: write, has iteration_log: True, approved=False
[Write] wrote to /part/01/Tmp/gamageyo/fika/experiments/flink/flink-core/src/test/java/org/apache/flink/api/java/typeutils/runtime/kryo/KryoSerializerserialize_OutputpositionFikaTest.java
[DEBUG-STREAM] Processing node: validate_constraints, has iteration_log: True, approved=False
[Validate] PASSED - hard constraints satisfied
[DEBUG-STREAM] Processing node: run, has iteration_log: True, approved=False
[Run] feedback_chars=646
[DEBUG-STREAM] Processing node: check_coverage, has iteration_log: True, approved=False
[Coverage] target 'com.esotericsoftware.kryo.io.Output.position()' covered=False
[DEBUG-STREAM] Processing node: decide, has iteration_log: True, approved=False
[Decide] approved=False (tests failed, will retry if iteration<5)
[DEBUG-STREAM] Processing node: generate, has iteration_log: True, approved=False
[Generate] produced 3634 chars
/part/01/Tmp/gamageyo/fika/experiments/flink/flink-core
[DEBUG-STREAM] Processing node: write, has iteration_log: True, approved=False
[Write] wrote to /part/01/Tmp/gamageyo/fika/experiments/flink/flink-core/src/test/java/org/apache/flink/api/java/typeutils/runtime/kryo/KryoSerializerserialize_OutputpositionFikaTest.java
[DEBUG-STREAM] Processing node: validate_constraints, has iteration_log: True, approved=False
[Validate] FAILED - hard constraints violated
[DEBUG-STREAM] Processing node: decide, has iteration_log: True, approved=False
[Decide] approved=False (hard constraint violation, will retry if iteration<5)
[DEBUG-STREAM] Processing node: generate, has iteration_log: True, approved=False
[Generate] produced 3788 chars
/part/01/Tmp/gamageyo/fika/experiments/flink/flink-core
[DEBUG-STREAM] Processing node: write, has iteration_log: True, approved=False
[Write] wrote to /part/01/Tmp/gamageyo/fika/experiments/flink/flink-core/src/test/java/org/apache/flink/api/java/typeutils/runtime/kryo/KryoSerializerserialize_OutputpositionFikaTest.java
[DEBUG-STREAM] Processing node: validate_constraints, has iteration_log: True, approved=False
[Validate] PASSED - hard constraints satisfied
[DEBUG-STREAM] Processing node: run, has iteration_log: True, approved=False
[Run] feedback_chars=646
[DEBUG-STREAM] Processing node: check_coverage, has iteration_log: True, approved=False
[Coverage] target 'com.esotericsoftware.kryo.io.Output.position()' covered=False
[DEBUG-STREAM] Processing node: decide, has iteration_log: True, approved=False
[Decide] approved=False (tests failed, will retry if iteration<5)
[DEBUG-STREAM] Processing node: generate, has iteration_log: True, approved=False
[Generate] produced 3644 chars
/part/01/Tmp/gamageyo/fika/experiments/flink/flink-core
[DEBUG-STREAM] Processing node: write, has iteration_log: True, approved=False
[Write] wrote to /part/01/Tmp/gamageyo/fika/experiments/flink/flink-core/src/test/java/org/apache/flink/api/java/typeutils/runtime/kryo/KryoSerializerserialize_OutputpositionFikaTest.java
[DEBUG-STREAM] Processing node: validate_constraints, has iteration_log: True, approved=False
[Validate] FAILED - hard constraints violated
[DEBUG-STREAM] Processing node: decide, has iteration_log: True, approved=False
[Decide] approved=False (hard constraint violation, will retry if iteration<5)
[DEBUG-STREAM] Processing node: finalize, has iteration_log: True, approved=False
[Finalize] Cleaned up unsuccessful test file: /part/01/Tmp/gamageyo/fika/experiments/flink/flink-core/src/test/java/org/apache/flink/api/java/typeutils/runtime/kryo/KryoSerializerserialize_OutputpositionFikaTest.java

[DEBUG] Stream completed. final_state is set
[DEBUG] final_state keys: ['repo_root', 'mvn_cmd', 'max_iterations', 'run_only_generated_test', 'entryPoint', 'thirdPartyMethod', 'directCaller', 'path', 'methodSources', 'constructors', 'setters', 'fieldDeclarations', 'imports', 'testTemplate', 'conditionCount', 'callCount', 'covered', 'test_package', 'test_class_name', 'iteration', 'java_source', 'last_run_output', 'last_exit_code', 'success', 'approved', 'test_rel_path', 'trace', 'target_method_covered', 'coverage_total_lines', 'coverage_error', 'path_coverage_details', 'iteration_log', 'last_prompt']
[DEBUG] approved (after bool()) = False

=== FAILURE REASON ===
Tests failed to compile or run successfully


================================================================================
PROCESSING TEST CASE 41/223
================================================================================
Entry Point: org.apache.flink.api.java.typeutils.runtime.kryo.KryoSerializer.serialize(java.lang.Object, org.apache.flink.core.memory.DataOutputView)
Third Party Method: com.esotericsoftware.kryo.io.Output.<init>(java.io.OutputStream)
================================================================================

[DEBUG-STREAM] Processing node: generate, has iteration_log: True, approved=False
[Generate] produced 4780 chars
/part/01/Tmp/gamageyo/fika/experiments/flink/flink-core
[DEBUG-STREAM] Processing node: write, has iteration_log: True, approved=False
[Write] wrote to /part/01/Tmp/gamageyo/fika/experiments/flink/flink-core/src/test/java/org/apache/flink/api/java/typeutils/runtime/kryo/KryoSerializerserialize_OutputmethodFikaTest.java
[DEBUG-STREAM] Processing node: validate_constraints, has iteration_log: True, approved=False
[Validate] FAILED - hard constraints violated
[DEBUG-STREAM] Processing node: decide, has iteration_log: True, approved=False
[Decide] approved=False (hard constraint violation, will retry if iteration<5)
[DEBUG-STREAM] Processing node: generate, has iteration_log: True, approved=False
[Generate] produced 4376 chars
/part/01/Tmp/gamageyo/fika/experiments/flink/flink-core
[DEBUG-STREAM] Processing node: write, has iteration_log: True, approved=False
[Write] wrote to /part/01/Tmp/gamageyo/fika/experiments/flink/flink-core/src/test/java/org/apache/flink/api/java/typeutils/runtime/kryo/KryoSerializerserialize_OutputmethodFikaTest.java
[DEBUG-STREAM] Processing node: validate_constraints, has iteration_log: True, approved=False
[Validate] FAILED - hard constraints violated
[DEBUG-STREAM] Processing node: decide, has iteration_log: True, approved=False
[Decide] approved=False (hard constraint violation, will retry if iteration<5)
[DEBUG-STREAM] Processing node: generate, has iteration_log: True, approved=False
[Generate] produced 4260 chars
/part/01/Tmp/gamageyo/fika/experiments/flink/flink-core
[DEBUG-STREAM] Processing node: write, has iteration_log: True, approved=False
[Write] wrote to /part/01/Tmp/gamageyo/fika/experiments/flink/flink-core/src/test/java/org/apache/flink/api/java/typeutils/runtime/kryo/KryoSerializerserialize_OutputmethodFikaTest.java
[DEBUG-STREAM] Processing node: validate_constraints, has iteration_log: True, approved=False
[Validate] FAILED - hard constraints violated
[DEBUG-STREAM] Processing node: decide, has iteration_log: True, approved=False
[Decide] approved=False (hard constraint violation, will retry if iteration<5)
[DEBUG-STREAM] Processing node: generate, has iteration_log: True, approved=False
[Generate] produced 7210 chars
/part/01/Tmp/gamageyo/fika/experiments/flink/flink-core
[DEBUG-STREAM] Processing node: write, has iteration_log: True, approved=False
[Write] wrote to /part/01/Tmp/gamageyo/fika/experiments/flink/flink-core/src/test/java/org/apache/flink/api/java/typeutils/runtime/kryo/KryoSerializerserialize_OutputmethodFikaTest.java
[DEBUG-STREAM] Processing node: validate_constraints, has iteration_log: True, approved=False
[Validate] FAILED - hard constraints violated
[DEBUG-STREAM] Processing node: decide, has iteration_log: True, approved=False
[Decide] approved=False (hard constraint violation, will retry if iteration<5)
[DEBUG-STREAM] Processing node: generate, has iteration_log: True, approved=False
[Generate] produced 4261 chars
/part/01/Tmp/gamageyo/fika/experiments/flink/flink-core
[DEBUG-STREAM] Processing node: write, has iteration_log: True, approved=False
[Write] wrote to /part/01/Tmp/gamageyo/fika/experiments/flink/flink-core/src/test/java/org/apache/flink/api/java/typeutils/runtime/kryo/KryoSerializerserialize_OutputmethodFikaTest.java
[DEBUG-STREAM] Processing node: validate_constraints, has iteration_log: True, approved=False
[Validate] FAILED - hard constraints violated
[DEBUG-STREAM] Processing node: decide, has iteration_log: True, approved=False
[Decide] approved=False (hard constraint violation, will retry if iteration<5)
[DEBUG-STREAM] Processing node: finalize, has iteration_log: True, approved=False
[Finalize] Cleaned up unsuccessful test file: /part/01/Tmp/gamageyo/fika/experiments/flink/flink-core/src/test/java/org/apache/flink/api/java/typeutils/runtime/kryo/KryoSerializerserialize_OutputmethodFikaTest.java

[DEBUG] Stream completed. final_state is set
[DEBUG] final_state keys: ['repo_root', 'mvn_cmd', 'max_iterations', 'run_only_generated_test', 'entryPoint', 'thirdPartyMethod', 'directCaller', 'path', 'methodSources', 'constructors', 'setters', 'fieldDeclarations', 'imports', 'testTemplate', 'conditionCount', 'callCount', 'covered', 'test_package', 'test_class_name', 'iteration', 'java_source', 'last_run_output', 'last_exit_code', 'success', 'approved', 'test_rel_path', 'trace', 'target_method_covered', 'coverage_total_lines', 'coverage_error', 'path_coverage_details', 'iteration_log', 'last_prompt']
[DEBUG] approved (after bool()) = False

=== FAILURE REASON ===
Tests failed to compile or run successfully


================================================================================
PROCESSING TEST CASE 42/223
================================================================================
Entry Point: org.apache.flink.util.CompressionUtils.extractZipFileWithPermissions(java.lang.String, java.lang.String)
Third Party Method: org.apache.commons.compress.archivers.zip.ZipArchiveEntry.getUnixMode()
================================================================================

[DEBUG-STREAM] Processing node: generate, has iteration_log: True, approved=False
[Generate] produced 1315 chars
/part/01/Tmp/gamageyo/fika/experiments/flink/flink-core
[DEBUG-STREAM] Processing node: write, has iteration_log: True, approved=False
[Write] wrote to /part/01/Tmp/gamageyo/fika/experiments/flink/flink-core/src/test/java/org/apache/flink/util/CompressionUtilsextractZipFileWithPermissions_ZipArchiveEntrygetUnixModeFikaTest.java
[DEBUG-STREAM] Processing node: validate_constraints, has iteration_log: True, approved=False
[Validate] PASSED - hard constraints satisfied
[DEBUG-STREAM] Processing node: run, has iteration_log: True, approved=False
[Run] feedback_chars=12195
[DEBUG-STREAM] Processing node: check_coverage, has iteration_log: True, approved=False
[Coverage] target 'org.apache.commons.compress.archivers.zip.ZipArchiveEntry.getUnixMode()' covered=True
[DEBUG-STREAM] Processing node: decide, has iteration_log: True, approved=True
[Decide] approved=True (tests passed AND target method covered)
[DEBUG-STREAM] Processing node: finalize, has iteration_log: True, approved=True
[Finalize] SUCCESS: Test passed and target method covered

[DEBUG] Stream completed. final_state is set
[DEBUG] final_state keys: ['repo_root', 'mvn_cmd', 'max_iterations', 'run_only_generated_test', 'entryPoint', 'thirdPartyMethod', 'directCaller', 'path', 'methodSources', 'constructors', 'setters', 'fieldDeclarations', 'imports', 'testTemplate', 'conditionCount', 'callCount', 'covered', 'test_package', 'test_class_name', 'iteration', 'java_source', 'last_run_output', 'last_exit_code', 'success', 'approved', 'test_rel_path', 'trace', 'target_method_covered', 'coverage_total_lines', 'coverage_error', 'path_coverage_details', 'iteration_log', 'last_prompt']
[DEBUG] approved (after bool()) = True
✓ Test approved at iteration 1
  JSON path: /part/01/Tmp/gamageyo/fika/experiments/flink/flink-core/third_party_apis_full_methods.json
  Looking for thirdPartyMethod: org.apache.commons.compress.archivers.zip.ZipArchiveEntry.getUnixMode()
  Looking for directCaller: org.apache.flink.util.CompressionUtils.extractZipFileWithPermissions(java.lang.String, java.lang.String)
[DEBUG]   ✓ MATCH FOUND at path 41
✓ Updated 1 record(s) in JSON file as covered
  Third Party Method: org.apache.commons.compress.archivers.zip.ZipArchiveEntry.getUnixMode()
  Direct Caller: org.apache.flink.util.CompressionUtils.extractZipFileWithPermissions(java.lang.String, java.lang.String)

================================================================================
PROCESSING TEST CASE 43/223
================================================================================
Entry Point: org.apache.flink.util.CompressionUtils.extractZipFileWithPermissions(java.lang.String, java.lang.String)
Third Party Method: org.apache.commons.compress.archivers.zip.ZipFile.close()
================================================================================

[DEBUG-STREAM] Processing node: generate, has iteration_log: True, approved=False
[Generate] produced 1207 chars
/part/01/Tmp/gamageyo/fika/experiments/flink/flink-core
[DEBUG-STREAM] Processing node: write, has iteration_log: True, approved=False
[Write] wrote to /part/01/Tmp/gamageyo/fika/experiments/flink/flink-core/src/test/java/org/apache/flink/util/CompressionUtilsextractZipFileWithPermissions_ZipFilecloseFikaTest.java
[DEBUG-STREAM] Processing node: validate_constraints, has iteration_log: True, approved=False
[Validate] PASSED - hard constraints satisfied
[DEBUG-STREAM] Processing node: run, has iteration_log: True, approved=False
[Run] feedback_chars=12195
[DEBUG-STREAM] Processing node: check_coverage, has iteration_log: True, approved=False
[Coverage] target 'org.apache.commons.compress.archivers.zip.ZipFile.close()' covered=False
[DEBUG-STREAM] Processing node: decide, has iteration_log: True, approved=False
[Decide] approved=False (tests passed but target method NOT covered, will retry if iteration<5)
[DEBUG-STREAM] Processing node: generate, has iteration_log: True, approved=False
[Generate] produced 1048 chars
/part/01/Tmp/gamageyo/fika/experiments/flink/flink-core
[DEBUG-STREAM] Processing node: write, has iteration_log: True, approved=False
[Write] wrote to /part/01/Tmp/gamageyo/fika/experiments/flink/flink-core/src/test/java/org/apache/flink/util/CompressionUtilsextractZipFileWithPermissions_ZipFilecloseFikaTest.java
[DEBUG-STREAM] Processing node: validate_constraints, has iteration_log: True, approved=False
[Validate] PASSED - hard constraints satisfied
[DEBUG-STREAM] Processing node: run, has iteration_log: True, approved=False
[Run] feedback_chars=1529
[DEBUG-STREAM] Processing node: check_coverage, has iteration_log: True, approved=False
[Coverage] target 'org.apache.commons.compress.archivers.zip.ZipFile.close()' covered=False
[DEBUG-STREAM] Processing node: decide, has iteration_log: True, approved=False
[Decide] approved=False (tests failed, will retry if iteration<5)
[DEBUG-STREAM] Processing node: generate, has iteration_log: True, approved=False
[Generate] produced 1362 chars
/part/01/Tmp/gamageyo/fika/experiments/flink/flink-core
[DEBUG-STREAM] Processing node: write, has iteration_log: True, approved=False
[Write] wrote to /part/01/Tmp/gamageyo/fika/experiments/flink/flink-core/src/test/java/org/apache/flink/util/CompressionUtilsextractZipFileWithPermissions_ZipFilecloseFikaTest.java
[DEBUG-STREAM] Processing node: validate_constraints, has iteration_log: True, approved=False
[Validate] PASSED - hard constraints satisfied
[DEBUG-STREAM] Processing node: run, has iteration_log: True, approved=False
[Run] feedback_chars=12195
[DEBUG-STREAM] Processing node: check_coverage, has iteration_log: True, approved=False
[Coverage] target 'org.apache.commons.compress.archivers.zip.ZipFile.close()' covered=False
[DEBUG-STREAM] Processing node: decide, has iteration_log: True, approved=False
[Decide] approved=False (tests passed but target method NOT covered, will retry if iteration<5)
[DEBUG-STREAM] Processing node: generate, has iteration_log: True, approved=False
[Generate] produced 1048 chars
/part/01/Tmp/gamageyo/fika/experiments/flink/flink-core
[DEBUG-STREAM] Processing node: write, has iteration_log: True, approved=False
[Write] wrote to /part/01/Tmp/gamageyo/fika/experiments/flink/flink-core/src/test/java/org/apache/flink/util/CompressionUtilsextractZipFileWithPermissions_ZipFilecloseFikaTest.java
[DEBUG-STREAM] Processing node: validate_constraints, has iteration_log: True, approved=False
[Validate] PASSED - hard constraints satisfied
[DEBUG-STREAM] Processing node: run, has iteration_log: True, approved=False
[Run] feedback_chars=1527
[DEBUG-STREAM] Processing node: check_coverage, has iteration_log: True, approved=False
[Coverage] target 'org.apache.commons.compress.archivers.zip.ZipFile.close()' covered=False
[DEBUG-STREAM] Processing node: decide, has iteration_log: True, approved=False
[Decide] approved=False (tests failed, will retry if iteration<5)
[DEBUG-STREAM] Processing node: generate, has iteration_log: True, approved=False
[Generate] produced 1185 chars
/part/01/Tmp/gamageyo/fika/experiments/flink/flink-core
[DEBUG-STREAM] Processing node: write, has iteration_log: True, approved=False
[Write] wrote to /part/01/Tmp/gamageyo/fika/experiments/flink/flink-core/src/test/java/org/apache/flink/util/CompressionUtilsextractZipFileWithPermissions_ZipFilecloseFikaTest.java
[DEBUG-STREAM] Processing node: validate_constraints, has iteration_log: True, approved=False
[Validate] PASSED - hard constraints satisfied
[DEBUG-STREAM] Processing node: run, has iteration_log: True, approved=False
[Run] feedback_chars=12195
[DEBUG-STREAM] Processing node: check_coverage, has iteration_log: True, approved=False
[Coverage] target 'org.apache.commons.compress.archivers.zip.ZipFile.close()' covered=False
[DEBUG-STREAM] Processing node: decide, has iteration_log: True, approved=False
[Decide] approved=False (tests passed but target method NOT covered, will retry if iteration<5)
[DEBUG-STREAM] Processing node: finalize, has iteration_log: True, approved=False
[Finalize] Cleaned up unsuccessful test file: /part/01/Tmp/gamageyo/fika/experiments/flink/flink-core/src/test/java/org/apache/flink/util/CompressionUtilsextractZipFileWithPermissions_ZipFilecloseFikaTest.java

[DEBUG] Stream completed. final_state is set
[DEBUG] final_state keys: ['repo_root', 'mvn_cmd', 'max_iterations', 'run_only_generated_test', 'entryPoint', 'thirdPartyMethod', 'directCaller', 'path', 'methodSources', 'constructors', 'setters', 'fieldDeclarations', 'imports', 'testTemplate', 'conditionCount', 'callCount', 'covered', 'test_package', 'test_class_name', 'iteration', 'java_source', 'last_run_output', 'last_exit_code', 'success', 'approved', 'test_rel_path', 'trace', 'target_method_covered', 'coverage_total_lines', 'coverage_error', 'path_coverage_details', 'iteration_log', 'last_prompt']
[DEBUG] approved (after bool()) = False

=== FAILURE REASON ===
Tests passed but target third-party method was NOT covered
   Target: org.apache.commons.compress.archivers.zip.ZipFile.close()


================================================================================
PROCESSING TEST CASE 44/223
================================================================================
Entry Point: org.apache.flink.util.CompressionUtils.extractZipFileWithPermissions(java.lang.String, java.lang.String)
Third Party Method: org.apache.commons.compress.archivers.zip.ZipFile.getEntries()
================================================================================

[DEBUG-STREAM] Processing node: generate, has iteration_log: True, approved=False
[Generate] produced 1184 chars
/part/01/Tmp/gamageyo/fika/experiments/flink/flink-core
[DEBUG-STREAM] Processing node: write, has iteration_log: True, approved=False
[Write] wrote to /part/01/Tmp/gamageyo/fika/experiments/flink/flink-core/src/test/java/org/apache/flink/util/CompressionUtilsextractZipFileWithPermissions_ZipFilegetEntriesFikaTest.java
[DEBUG-STREAM] Processing node: validate_constraints, has iteration_log: True, approved=False
[Validate] PASSED - hard constraints satisfied
[DEBUG-STREAM] Processing node: run, has iteration_log: True, approved=False
[Run] feedback_chars=1544
[DEBUG-STREAM] Processing node: check_coverage, has iteration_log: True, approved=False
[Coverage] target 'org.apache.commons.compress.archivers.zip.ZipFile.getEntries()' covered=False
[DEBUG-STREAM] Processing node: decide, has iteration_log: True, approved=False
[Decide] approved=False (tests failed, will retry if iteration<5)
[DEBUG-STREAM] Processing node: generate, has iteration_log: True, approved=False
[Generate] produced 1324 chars
/part/01/Tmp/gamageyo/fika/experiments/flink/flink-core
[DEBUG-STREAM] Processing node: write, has iteration_log: True, approved=False
[Write] wrote to /part/01/Tmp/gamageyo/fika/experiments/flink/flink-core/src/test/java/org/apache/flink/util/CompressionUtilsextractZipFileWithPermissions_ZipFilegetEntriesFikaTest.java
[DEBUG-STREAM] Processing node: validate_constraints, has iteration_log: True, approved=False
[Validate] PASSED - hard constraints satisfied
[DEBUG-STREAM] Processing node: run, has iteration_log: True, approved=False
[Run] feedback_chars=12195
[DEBUG-STREAM] Processing node: check_coverage, has iteration_log: True, approved=False
[Coverage] target 'org.apache.commons.compress.archivers.zip.ZipFile.getEntries()' covered=True
[DEBUG-STREAM] Processing node: decide, has iteration_log: True, approved=True
[Decide] approved=True (tests passed AND target method covered)
[DEBUG-STREAM] Processing node: finalize, has iteration_log: True, approved=True
[Finalize] SUCCESS: Test passed and target method covered

[DEBUG] Stream completed. final_state is set
[DEBUG] final_state keys: ['repo_root', 'mvn_cmd', 'max_iterations', 'run_only_generated_test', 'entryPoint', 'thirdPartyMethod', 'directCaller', 'path', 'methodSources', 'constructors', 'setters', 'fieldDeclarations', 'imports', 'testTemplate', 'conditionCount', 'callCount', 'covered', 'test_package', 'test_class_name', 'iteration', 'java_source', 'last_run_output', 'last_exit_code', 'success', 'approved', 'test_rel_path', 'trace', 'target_method_covered', 'coverage_total_lines', 'coverage_error', 'path_coverage_details', 'iteration_log', 'last_prompt']
[DEBUG] approved (after bool()) = True
✓ Test approved at iteration 2
  JSON path: /part/01/Tmp/gamageyo/fika/experiments/flink/flink-core/third_party_apis_full_methods.json
  Looking for thirdPartyMethod: org.apache.commons.compress.archivers.zip.ZipFile.getEntries()
  Looking for directCaller: org.apache.flink.util.CompressionUtils.extractZipFileWithPermissions(java.lang.String, java.lang.String)
[DEBUG]   ✓ MATCH FOUND at path 43
✓ Updated 1 record(s) in JSON file as covered
  Third Party Method: org.apache.commons.compress.archivers.zip.ZipFile.getEntries()
  Direct Caller: org.apache.flink.util.CompressionUtils.extractZipFileWithPermissions(java.lang.String, java.lang.String)

================================================================================
PROCESSING TEST CASE 45/223
================================================================================
Entry Point: org.apache.flink.util.CompressionUtils.extractZipFileWithPermissions(java.lang.String, java.lang.String)
Third Party Method: org.apache.commons.compress.archivers.zip.ZipArchiveEntry.getName()
================================================================================

[DEBUG-STREAM] Processing node: generate, has iteration_log: True, approved=False
[Generate] produced 1189 chars
/part/01/Tmp/gamageyo/fika/experiments/flink/flink-core
[DEBUG-STREAM] Processing node: write, has iteration_log: True, approved=False
[Write] wrote to /part/01/Tmp/gamageyo/fika/experiments/flink/flink-core/src/test/java/org/apache/flink/util/CompressionUtilsextractZipFileWithPermissions_ZipArchiveEntrygetNameFikaTest.java
[DEBUG-STREAM] Processing node: validate_constraints, has iteration_log: True, approved=False
[Validate] PASSED - hard constraints satisfied
[DEBUG-STREAM] Processing node: run, has iteration_log: True, approved=False
[Run] feedback_chars=12195
[DEBUG-STREAM] Processing node: check_coverage, has iteration_log: True, approved=False
[Coverage] target 'org.apache.commons.compress.archivers.zip.ZipArchiveEntry.getName()' covered=True
[DEBUG-STREAM] Processing node: decide, has iteration_log: True, approved=True
[Decide] approved=True (tests passed AND target method covered)
[DEBUG-STREAM] Processing node: finalize, has iteration_log: True, approved=True
[Finalize] SUCCESS: Test passed and target method covered

[DEBUG] Stream completed. final_state is set
[DEBUG] final_state keys: ['repo_root', 'mvn_cmd', 'max_iterations', 'run_only_generated_test', 'entryPoint', 'thirdPartyMethod', 'directCaller', 'path', 'methodSources', 'constructors', 'setters', 'fieldDeclarations', 'imports', 'testTemplate', 'conditionCount', 'callCount', 'covered', 'test_package', 'test_class_name', 'iteration', 'java_source', 'last_run_output', 'last_exit_code', 'success', 'approved', 'test_rel_path', 'trace', 'target_method_covered', 'coverage_total_lines', 'coverage_error', 'path_coverage_details', 'iteration_log', 'last_prompt']
[DEBUG] approved (after bool()) = True
✓ Test approved at iteration 1
  JSON path: /part/01/Tmp/gamageyo/fika/experiments/flink/flink-core/third_party_apis_full_methods.json
  Looking for thirdPartyMethod: org.apache.commons.compress.archivers.zip.ZipArchiveEntry.getName()
  Looking for directCaller: org.apache.flink.util.CompressionUtils.extractZipFileWithPermissions(java.lang.String, java.lang.String)
[DEBUG]   ✓ MATCH FOUND at path 44
✓ Updated 1 record(s) in JSON file as covered
  Third Party Method: org.apache.commons.compress.archivers.zip.ZipArchiveEntry.getName()
  Direct Caller: org.apache.flink.util.CompressionUtils.extractZipFileWithPermissions(java.lang.String, java.lang.String)

================================================================================
PROCESSING TEST CASE 46/223
================================================================================
Entry Point: org.apache.flink.util.CompressionUtils.extractZipFileWithPermissions(java.lang.String, java.lang.String)
Third Party Method: org.apache.commons.compress.archivers.zip.ZipFile.<init>(java.lang.String)
================================================================================

[DEBUG-STREAM] Processing node: generate, has iteration_log: True, approved=False
[Generate] produced 1272 chars
/part/01/Tmp/gamageyo/fika/experiments/flink/flink-core
[DEBUG-STREAM] Processing node: write, has iteration_log: True, approved=False
[Write] wrote to /part/01/Tmp/gamageyo/fika/experiments/flink/flink-core/src/test/java/org/apache/flink/util/CompressionUtilsextractZipFileWithPermissions_ZipFilemethodFikaTest.java
[DEBUG-STREAM] Processing node: validate_constraints, has iteration_log: True, approved=False
[Validate] PASSED - hard constraints satisfied
[DEBUG-STREAM] Processing node: run, has iteration_log: True, approved=False
[Run] feedback_chars=12195
[DEBUG-STREAM] Processing node: check_coverage, has iteration_log: True, approved=False
[Coverage] target 'org.apache.commons.compress.archivers.zip.ZipFile.<init>(java.lang.String)' covered=False
[DEBUG-STREAM] Processing node: decide, has iteration_log: True, approved=False
[Decide] approved=False (tests passed but target method NOT covered, will retry if iteration<5)
[DEBUG-STREAM] Processing node: generate, has iteration_log: True, approved=False
[Generate] produced 1503 chars
/part/01/Tmp/gamageyo/fika/experiments/flink/flink-core
[DEBUG-STREAM] Processing node: write, has iteration_log: True, approved=False
[Write] wrote to /part/01/Tmp/gamageyo/fika/experiments/flink/flink-core/src/test/java/org/apache/flink/util/CompressionUtilsextractZipFileWithPermissions_ZipFilemethodFikaTest.java
[DEBUG-STREAM] Processing node: validate_constraints, has iteration_log: True, approved=False
[Validate] PASSED - hard constraints satisfied
[DEBUG-STREAM] Processing node: run, has iteration_log: True, approved=False
[Run] feedback_chars=1516
[DEBUG-STREAM] Processing node: check_coverage, has iteration_log: True, approved=False
[Coverage] target 'org.apache.commons.compress.archivers.zip.ZipFile.<init>(java.lang.String)' covered=False
[DEBUG-STREAM] Processing node: decide, has iteration_log: True, approved=False
[Decide] approved=False (tests failed, will retry if iteration<5)
[DEBUG-STREAM] Processing node: generate, has iteration_log: True, approved=False
[Generate] produced 1312 chars
/part/01/Tmp/gamageyo/fika/experiments/flink/flink-core
[DEBUG-STREAM] Processing node: write, has iteration_log: True, approved=False
[Write] wrote to /part/01/Tmp/gamageyo/fika/experiments/flink/flink-core/src/test/java/org/apache/flink/util/CompressionUtilsextractZipFileWithPermissions_ZipFilemethodFikaTest.java
[DEBUG-STREAM] Processing node: validate_constraints, has iteration_log: True, approved=False
[Validate] PASSED - hard constraints satisfied
[DEBUG-STREAM] Processing node: run, has iteration_log: True, approved=False
[Run] feedback_chars=12195
[DEBUG-STREAM] Processing node: check_coverage, has iteration_log: True, approved=False
[Coverage] target 'org.apache.commons.compress.archivers.zip.ZipFile.<init>(java.lang.String)' covered=True
[DEBUG-STREAM] Processing node: decide, has iteration_log: True, approved=True
[Decide] approved=True (tests passed AND target method covered)
[DEBUG-STREAM] Processing node: finalize, has iteration_log: True, approved=True
[Finalize] SUCCESS: Test passed and target method covered

[DEBUG] Stream completed. final_state is set
[DEBUG] final_state keys: ['repo_root', 'mvn_cmd', 'max_iterations', 'run_only_generated_test', 'entryPoint', 'thirdPartyMethod', 'directCaller', 'path', 'methodSources', 'constructors', 'setters', 'fieldDeclarations', 'imports', 'testTemplate', 'conditionCount', 'callCount', 'covered', 'test_package', 'test_class_name', 'iteration', 'java_source', 'last_run_output', 'last_exit_code', 'success', 'approved', 'test_rel_path', 'trace', 'target_method_covered', 'coverage_total_lines', 'coverage_error', 'path_coverage_details', 'iteration_log', 'last_prompt']
[DEBUG] approved (after bool()) = True
✓ Test approved at iteration 3
  JSON path: /part/01/Tmp/gamageyo/fika/experiments/flink/flink-core/third_party_apis_full_methods.json
  Looking for thirdPartyMethod: org.apache.commons.compress.archivers.zip.ZipFile.<init>(java.lang.String)
  Looking for directCaller: org.apache.flink.util.CompressionUtils.extractZipFileWithPermissions(java.lang.String, java.lang.String)
[DEBUG]   ✓ MATCH FOUND at path 45
✓ Updated 1 record(s) in JSON file as covered
  Third Party Method: org.apache.commons.compress.archivers.zip.ZipFile.<init>(java.lang.String)
  Direct Caller: org.apache.flink.util.CompressionUtils.extractZipFileWithPermissions(java.lang.String, java.lang.String)

================================================================================
PROCESSING TEST CASE 47/223
================================================================================
Entry Point: org.apache.flink.util.CompressionUtils.extractZipFileWithPermissions(java.lang.String, java.lang.String)
Third Party Method: org.apache.commons.compress.archivers.zip.ZipArchiveEntry.isDirectory()
================================================================================

[DEBUG-STREAM] Processing node: generate, has iteration_log: True, approved=False
[Generate] produced 1659 chars
/part/01/Tmp/gamageyo/fika/experiments/flink/flink-core
[DEBUG-STREAM] Processing node: write, has iteration_log: True, approved=False
[Write] wrote to /part/01/Tmp/gamageyo/fika/experiments/flink/flink-core/src/test/java/org/apache/flink/util/CompressionUtilsextractZipFileWithPermissions_ZipArchiveEntryisDirectoryFikaTest.java
[DEBUG-STREAM] Processing node: validate_constraints, has iteration_log: True, approved=False
[Validate] PASSED - hard constraints satisfied
[DEBUG-STREAM] Processing node: run, has iteration_log: True, approved=False
[Run] feedback_chars=12195
[DEBUG-STREAM] Processing node: check_coverage, has iteration_log: True, approved=False
[Coverage] target 'org.apache.commons.compress.archivers.zip.ZipArchiveEntry.isDirectory()' covered=True
[DEBUG-STREAM] Processing node: decide, has iteration_log: True, approved=True
[Decide] approved=True (tests passed AND target method covered)
[DEBUG-STREAM] Processing node: finalize, has iteration_log: True, approved=True
[Finalize] SUCCESS: Test passed and target method covered

[DEBUG] Stream completed. final_state is set
[DEBUG] final_state keys: ['repo_root', 'mvn_cmd', 'max_iterations', 'run_only_generated_test', 'entryPoint', 'thirdPartyMethod', 'directCaller', 'path', 'methodSources', 'constructors', 'setters', 'fieldDeclarations', 'imports', 'testTemplate', 'conditionCount', 'callCount', 'covered', 'test_package', 'test_class_name', 'iteration', 'java_source', 'last_run_output', 'last_exit_code', 'success', 'approved', 'test_rel_path', 'trace', 'target_method_covered', 'coverage_total_lines', 'coverage_error', 'path_coverage_details', 'iteration_log', 'last_prompt']
[DEBUG] approved (after bool()) = True
✓ Test approved at iteration 1
  JSON path: /part/01/Tmp/gamageyo/fika/experiments/flink/flink-core/third_party_apis_full_methods.json
  Looking for thirdPartyMethod: org.apache.commons.compress.archivers.zip.ZipArchiveEntry.isDirectory()
  Looking for directCaller: org.apache.flink.util.CompressionUtils.extractZipFileWithPermissions(java.lang.String, java.lang.String)
[DEBUG]   ✓ MATCH FOUND at path 46
✓ Updated 1 record(s) in JSON file as covered
  Third Party Method: org.apache.commons.compress.archivers.zip.ZipArchiveEntry.isDirectory()
  Direct Caller: org.apache.flink.util.CompressionUtils.extractZipFileWithPermissions(java.lang.String, java.lang.String)

================================================================================
PROCESSING TEST CASE 48/223
================================================================================
Entry Point: org.apache.flink.util.CompressionUtils.extractZipFileWithPermissions(java.lang.String, java.lang.String)
Third Party Method: org.apache.commons.compress.archivers.zip.ZipFile.getInputStream(org.apache.commons.compress.archivers.zip.ZipArchiveEntry)
================================================================================

[DEBUG-STREAM] Processing node: generate, has iteration_log: True, approved=False
[Generate] produced 1311 chars
/part/01/Tmp/gamageyo/fika/experiments/flink/flink-core
[DEBUG-STREAM] Processing node: write, has iteration_log: True, approved=False
[Write] wrote to /part/01/Tmp/gamageyo/fika/experiments/flink/flink-core/src/test/java/org/apache/flink/util/CompressionUtilsextractZipFileWithPermissions_ZipFilegetInputStreamFikaTest.java
[DEBUG-STREAM] Processing node: validate_constraints, has iteration_log: True, approved=False
[Validate] PASSED - hard constraints satisfied
[DEBUG-STREAM] Processing node: run, has iteration_log: True, approved=False
[Run] feedback_chars=12195
[DEBUG-STREAM] Processing node: check_coverage, has iteration_log: True, approved=False
[Coverage] target 'org.apache.commons.compress.archivers.zip.ZipFile.getInputStream(org.apache.commons.compress.archivers.zip.ZipArchiveEntry)' covered=True
[DEBUG-STREAM] Processing node: decide, has iteration_log: True, approved=True
[Decide] approved=True (tests passed AND target method covered)
[DEBUG-STREAM] Processing node: finalize, has iteration_log: True, approved=True
[Finalize] SUCCESS: Test passed and target method covered

[DEBUG] Stream completed. final_state is set
[DEBUG] final_state keys: ['repo_root', 'mvn_cmd', 'max_iterations', 'run_only_generated_test', 'entryPoint', 'thirdPartyMethod', 'directCaller', 'path', 'methodSources', 'constructors', 'setters', 'fieldDeclarations', 'imports', 'testTemplate', 'conditionCount', 'callCount', 'covered', 'test_package', 'test_class_name', 'iteration', 'java_source', 'last_run_output', 'last_exit_code', 'success', 'approved', 'test_rel_path', 'trace', 'target_method_covered', 'coverage_total_lines', 'coverage_error', 'path_coverage_details', 'iteration_log', 'last_prompt']
[DEBUG] approved (after bool()) = True
✓ Test approved at iteration 1
  JSON path: /part/01/Tmp/gamageyo/fika/experiments/flink/flink-core/third_party_apis_full_methods.json
  Looking for thirdPartyMethod: org.apache.commons.compress.archivers.zip.ZipFile.getInputStream(org.apache.commons.compress.archivers.zip.ZipArchiveEntry)
  Looking for directCaller: org.apache.flink.util.CompressionUtils.extractZipFileWithPermissions(java.lang.String, java.lang.String)
[DEBUG]   ✓ MATCH FOUND at path 47
✓ Updated 1 record(s) in JSON file as covered
  Third Party Method: org.apache.commons.compress.archivers.zip.ZipFile.getInputStream(org.apache.commons.compress.archivers.zip.ZipArchiveEntry)
  Direct Caller: org.apache.flink.util.CompressionUtils.extractZipFileWithPermissions(java.lang.String, java.lang.String)

================================================================================
PROCESSING TEST CASE 49/223
================================================================================
Entry Point: org.apache.flink.util.CompressionUtils.extractZipFileWithPermissions(java.lang.String, java.lang.String)
Third Party Method: org.apache.commons.compress.archivers.zip.ZipArchiveEntry.isUnixSymlink()
================================================================================

[DEBUG-STREAM] Processing node: generate, has iteration_log: True, approved=False
[Generate] produced 2066 chars
/part/01/Tmp/gamageyo/fika/experiments/flink/flink-core
[DEBUG-STREAM] Processing node: write, has iteration_log: True, approved=False
[Write] wrote to /part/01/Tmp/gamageyo/fika/experiments/flink/flink-core/src/test/java/org/apache/flink/util/CompressionUtilsextractZipFileWithPermissions_ZipArchiveEntryisUnixSymlinkFikaTest.java
[DEBUG-STREAM] Processing node: validate_constraints, has iteration_log: True, approved=False
[Validate] PASSED - hard constraints satisfied
[DEBUG-STREAM] Processing node: run, has iteration_log: True, approved=False
[Run] feedback_chars=600
[DEBUG-STREAM] Processing node: check_coverage, has iteration_log: True, approved=False
[Coverage] target 'org.apache.commons.compress.archivers.zip.ZipArchiveEntry.isUnixSymlink()' covered=False
[DEBUG-STREAM] Processing node: decide, has iteration_log: True, approved=False
[Decide] approved=False (tests failed, will retry if iteration<5)
[DEBUG-STREAM] Processing node: generate, has iteration_log: True, approved=False
[Generate] produced 1203 chars
/part/01/Tmp/gamageyo/fika/experiments/flink/flink-core
[DEBUG-STREAM] Processing node: write, has iteration_log: True, approved=False
[Write] wrote to /part/01/Tmp/gamageyo/fika/experiments/flink/flink-core/src/test/java/org/apache/flink/util/CompressionUtilsextractZipFileWithPermissions_ZipArchiveEntryisUnixSymlinkFikaTest.java
[DEBUG-STREAM] Processing node: validate_constraints, has iteration_log: True, approved=False
[Validate] PASSED - hard constraints satisfied
[DEBUG-STREAM] Processing node: run, has iteration_log: True, approved=False
[Run] feedback_chars=12195
[DEBUG-STREAM] Processing node: check_coverage, has iteration_log: True, approved=False
[Coverage] target 'org.apache.commons.compress.archivers.zip.ZipArchiveEntry.isUnixSymlink()' covered=True
[DEBUG-STREAM] Processing node: decide, has iteration_log: True, approved=True
[Decide] approved=True (tests passed AND target method covered)
[DEBUG-STREAM] Processing node: finalize, has iteration_log: True, approved=True
[Finalize] SUCCESS: Test passed and target method covered

[DEBUG] Stream completed. final_state is set
[DEBUG] final_state keys: ['repo_root', 'mvn_cmd', 'max_iterations', 'run_only_generated_test', 'entryPoint', 'thirdPartyMethod', 'directCaller', 'path', 'methodSources', 'constructors', 'setters', 'fieldDeclarations', 'imports', 'testTemplate', 'conditionCount', 'callCount', 'covered', 'test_package', 'test_class_name', 'iteration', 'java_source', 'last_run_output', 'last_exit_code', 'success', 'approved', 'test_rel_path', 'trace', 'target_method_covered', 'coverage_total_lines', 'coverage_error', 'path_coverage_details', 'iteration_log', 'last_prompt']
[DEBUG] approved (after bool()) = True
✓ Test approved at iteration 2
  JSON path: /part/01/Tmp/gamageyo/fika/experiments/flink/flink-core/third_party_apis_full_methods.json
  Looking for thirdPartyMethod: org.apache.commons.compress.archivers.zip.ZipArchiveEntry.isUnixSymlink()
  Looking for directCaller: org.apache.flink.util.CompressionUtils.extractZipFileWithPermissions(java.lang.String, java.lang.String)
[DEBUG]   ✓ MATCH FOUND at path 48
✓ Updated 1 record(s) in JSON file as covered
  Third Party Method: org.apache.commons.compress.archivers.zip.ZipArchiveEntry.isUnixSymlink()
  Direct Caller: org.apache.flink.util.CompressionUtils.extractZipFileWithPermissions(java.lang.String, java.lang.String)

================================================================================
PROCESSING TEST CASE 50/223
================================================================================
Entry Point: org.apache.flink.configuration.YamlParserUtils.convertToObject(java.lang.String, java.lang.Class)
Third Party Method: org.snakeyaml.engine.v2.api.DumpSettingsBuilder.setDefaultFlowStyle(org.snakeyaml.engine.v2.common.FlowStyle)
================================================================================

[DEBUG-STREAM] Processing node: generate, has iteration_log: True, approved=False
[Generate] produced 1131 chars
/part/01/Tmp/gamageyo/fika/experiments/flink/flink-core
[DEBUG-STREAM] Processing node: write, has iteration_log: True, approved=False
[Write] wrote to /part/01/Tmp/gamageyo/fika/experiments/flink/flink-core/src/test/java/org/apache/flink/configuration/YamlParserUtilsmethod_DumpSettingsBuildersetDefaultFlowStyleFikaTest.java
[DEBUG-STREAM] Processing node: validate_constraints, has iteration_log: True, approved=False
[Validate] PASSED - hard constraints satisfied
[DEBUG-STREAM] Processing node: run, has iteration_log: True, approved=False
[Run] feedback_chars=12195
[DEBUG-STREAM] Processing node: check_coverage, has iteration_log: True, approved=False
[Coverage] target 'org.snakeyaml.engine.v2.api.DumpSettingsBuilder.setDefaultFlowStyle(org.snakeyaml.engine.v2.common.FlowStyle)' covered=True
[DEBUG-STREAM] Processing node: decide, has iteration_log: True, approved=True
[Decide] approved=True (tests passed AND target method covered)
[DEBUG-STREAM] Processing node: finalize, has iteration_log: True, approved=True
[Finalize] SUCCESS: Test passed and target method covered

[DEBUG] Stream completed. final_state is set
[DEBUG] final_state keys: ['repo_root', 'mvn_cmd', 'max_iterations', 'run_only_generated_test', 'entryPoint', 'thirdPartyMethod', 'directCaller', 'path', 'methodSources', 'constructors', 'setters', 'fieldDeclarations', 'imports', 'testTemplate', 'conditionCount', 'callCount', 'covered', 'test_package', 'test_class_name', 'iteration', 'java_source', 'last_run_output', 'last_exit_code', 'success', 'approved', 'test_rel_path', 'trace', 'target_method_covered', 'coverage_total_lines', 'coverage_error', 'path_coverage_details', 'iteration_log', 'last_prompt']
[DEBUG] approved (after bool()) = True
✓ Test approved at iteration 1
  JSON path: /part/01/Tmp/gamageyo/fika/experiments/flink/flink-core/third_party_apis_full_methods.json
  Looking for thirdPartyMethod: org.snakeyaml.engine.v2.api.DumpSettingsBuilder.setDefaultFlowStyle(org.snakeyaml.engine.v2.common.FlowStyle)
  Looking for directCaller: org.apache.flink.configuration.YamlParserUtils.<clinit>()
[DEBUG]   ✓ MATCH FOUND at path 49
[DEBUG]   ✓ MATCH FOUND at path 54
[DEBUG]   ✓ MATCH FOUND at path 55
[DEBUG]   ✓ MATCH FOUND at path 56
[DEBUG]   ✓ MATCH FOUND at path 74
[DEBUG]   ✓ MATCH FOUND at path 75
[DEBUG]   ✓ MATCH FOUND at path 76
[DEBUG]   ✓ MATCH FOUND at path 77
[DEBUG]   ✓ MATCH FOUND at path 128
[DEBUG]   ✓ MATCH FOUND at path 129
[DEBUG]   ✓ MATCH FOUND at path 145
[DEBUG]   ✓ MATCH FOUND at path 155
[DEBUG]   ✓ MATCH FOUND at path 178
✓ Updated 13 record(s) in JSON file as covered
  Third Party Method: org.snakeyaml.engine.v2.api.DumpSettingsBuilder.setDefaultFlowStyle(org.snakeyaml.engine.v2.common.FlowStyle)
  Direct Caller: org.apache.flink.configuration.YamlParserUtils.<clinit>()

================================================================================
PROCESSING TEST CASE 51/223
================================================================================
Entry Point: org.apache.flink.configuration.YamlParserUtils.convertToObject(java.lang.String, java.lang.Class)
Third Party Method: org.snakeyaml.engine.v2.api.DumpSettingsBuilder.setSchema(org.snakeyaml.engine.v2.schema.Schema)
================================================================================

[DEBUG-STREAM] Processing node: generate, has iteration_log: True, approved=False
[Generate] produced 1203 chars
/part/01/Tmp/gamageyo/fika/experiments/flink/flink-core
[DEBUG-STREAM] Processing node: write, has iteration_log: True, approved=False
[Write] wrote to /part/01/Tmp/gamageyo/fika/experiments/flink/flink-core/src/test/java/org/apache/flink/configuration/YamlParserUtilsmethod_DumpSettingsBuildersetSchemaFikaTest.java
[DEBUG-STREAM] Processing node: validate_constraints, has iteration_log: True, approved=False
[Validate] PASSED - hard constraints satisfied
[DEBUG-STREAM] Processing node: run, has iteration_log: True, approved=False
[Run] feedback_chars=12195
[DEBUG-STREAM] Processing node: check_coverage, has iteration_log: True, approved=False
[Coverage] target 'org.snakeyaml.engine.v2.api.DumpSettingsBuilder.setSchema(org.snakeyaml.engine.v2.schema.Schema)' covered=True
[DEBUG-STREAM] Processing node: decide, has iteration_log: True, approved=True
[Decide] approved=True (tests passed AND target method covered)
[DEBUG-STREAM] Processing node: finalize, has iteration_log: True, approved=True
[Finalize] SUCCESS: Test passed and target method covered

[DEBUG] Stream completed. final_state is set
[DEBUG] final_state keys: ['repo_root', 'mvn_cmd', 'max_iterations', 'run_only_generated_test', 'entryPoint', 'thirdPartyMethod', 'directCaller', 'path', 'methodSources', 'constructors', 'setters', 'fieldDeclarations', 'imports', 'testTemplate', 'conditionCount', 'callCount', 'covered', 'test_package', 'test_class_name', 'iteration', 'java_source', 'last_run_output', 'last_exit_code', 'success', 'approved', 'test_rel_path', 'trace', 'target_method_covered', 'coverage_total_lines', 'coverage_error', 'path_coverage_details', 'iteration_log', 'last_prompt']
[DEBUG] approved (after bool()) = True
✓ Test approved at iteration 1
  JSON path: /part/01/Tmp/gamageyo/fika/experiments/flink/flink-core/third_party_apis_full_methods.json
  Looking for thirdPartyMethod: org.snakeyaml.engine.v2.api.DumpSettingsBuilder.setSchema(org.snakeyaml.engine.v2.schema.Schema)
  Looking for directCaller: org.apache.flink.configuration.YamlParserUtils.<clinit>()
[DEBUG]   ✓ MATCH FOUND at path 50
[DEBUG]   ✓ MATCH FOUND at path 58
[DEBUG]   ✓ MATCH FOUND at path 59
[DEBUG]   ✓ MATCH FOUND at path 60
[DEBUG]   ✓ MATCH FOUND at path 78
[DEBUG]   ✓ MATCH FOUND at path 79
[DEBUG]   ✓ MATCH FOUND at path 80
[DEBUG]   ✓ MATCH FOUND at path 81
[DEBUG]   ✓ MATCH FOUND at path 130
[DEBUG]   ✓ MATCH FOUND at path 131
[DEBUG]   ✓ MATCH FOUND at path 146
[DEBUG]   ✓ MATCH FOUND at path 156
[DEBUG]   ✓ MATCH FOUND at path 179
✓ Updated 13 record(s) in JSON file as covered
  Third Party Method: org.snakeyaml.engine.v2.api.DumpSettingsBuilder.setSchema(org.snakeyaml.engine.v2.schema.Schema)
  Direct Caller: org.apache.flink.configuration.YamlParserUtils.<clinit>()

================================================================================
PROCESSING TEST CASE 52/223
================================================================================
Entry Point: org.apache.flink.configuration.YamlParserUtils.convertToObject(java.lang.String, java.lang.Class)
Third Party Method: org.snakeyaml.engine.v2.api.Dump.<init>(org.snakeyaml.engine.v2.api.DumpSettings, org.snakeyaml.engine.v2.representer.BaseRepresenter)
================================================================================

[DEBUG-STREAM] Processing node: generate, has iteration_log: True, approved=False
[Generate] produced 630 chars
/part/01/Tmp/gamageyo/fika/experiments/flink/flink-core
[DEBUG-STREAM] Processing node: write, has iteration_log: True, approved=False
[Write] wrote to /part/01/Tmp/gamageyo/fika/experiments/flink/flink-core/src/test/java/org/apache/flink/configuration/YamlParserUtilsmethod_DumpmethodFikaTest.java
[DEBUG-STREAM] Processing node: validate_constraints, has iteration_log: True, approved=False
[Validate] PASSED - hard constraints satisfied
[DEBUG-STREAM] Processing node: run, has iteration_log: True, approved=False
[Run] feedback_chars=12195
[DEBUG-STREAM] Processing node: check_coverage, has iteration_log: True, approved=False
[Coverage] target 'org.snakeyaml.engine.v2.api.Dump.<init>(org.snakeyaml.engine.v2.api.DumpSettings, org.snakeyaml.engine.v2.representer.BaseRepresenter)' covered=False
[DEBUG-STREAM] Processing node: decide, has iteration_log: True, approved=False
[Decide] approved=False (tests passed but target method NOT covered, will retry if iteration<5)
[DEBUG-STREAM] Processing node: generate, has iteration_log: True, approved=False
[Generate] produced 623 chars
/part/01/Tmp/gamageyo/fika/experiments/flink/flink-core
[DEBUG-STREAM] Processing node: write, has iteration_log: True, approved=False
[Write] wrote to /part/01/Tmp/gamageyo/fika/experiments/flink/flink-core/src/test/java/org/apache/flink/configuration/YamlParserUtilsmethod_DumpmethodFikaTest.java
[DEBUG-STREAM] Processing node: validate_constraints, has iteration_log: True, approved=False
[Validate] PASSED - hard constraints satisfied
[DEBUG-STREAM] Processing node: run, has iteration_log: True, approved=False
[Run] feedback_chars=12195
[DEBUG-STREAM] Processing node: check_coverage, has iteration_log: True, approved=False
[Coverage] target 'org.snakeyaml.engine.v2.api.Dump.<init>(org.snakeyaml.engine.v2.api.DumpSettings, org.snakeyaml.engine.v2.representer.BaseRepresenter)' covered=False
[DEBUG-STREAM] Processing node: decide, has iteration_log: True, approved=False
[Decide] approved=False (tests passed but target method NOT covered, will retry if iteration<5)
[DEBUG-STREAM] Processing node: generate, has iteration_log: True, approved=False
[Generate] produced 623 chars
/part/01/Tmp/gamageyo/fika/experiments/flink/flink-core
[DEBUG-STREAM] Processing node: write, has iteration_log: True, approved=False
[Write] wrote to /part/01/Tmp/gamageyo/fika/experiments/flink/flink-core/src/test/java/org/apache/flink/configuration/YamlParserUtilsmethod_DumpmethodFikaTest.java
[DEBUG-STREAM] Processing node: validate_constraints, has iteration_log: True, approved=False
[Validate] PASSED - hard constraints satisfied
[DEBUG-STREAM] Processing node: run, has iteration_log: True, approved=False
[Run] feedback_chars=12195
[DEBUG-STREAM] Processing node: check_coverage, has iteration_log: True, approved=False
[Coverage] target 'org.snakeyaml.engine.v2.api.Dump.<init>(org.snakeyaml.engine.v2.api.DumpSettings, org.snakeyaml.engine.v2.representer.BaseRepresenter)' covered=False
[DEBUG-STREAM] Processing node: decide, has iteration_log: True, approved=False
[Decide] approved=False (tests passed but target method NOT covered, will retry if iteration<5)
[DEBUG-STREAM] Processing node: generate, has iteration_log: True, approved=False
[Generate] produced 630 chars
/part/01/Tmp/gamageyo/fika/experiments/flink/flink-core
[DEBUG-STREAM] Processing node: write, has iteration_log: True, approved=False
[Write] wrote to /part/01/Tmp/gamageyo/fika/experiments/flink/flink-core/src/test/java/org/apache/flink/configuration/YamlParserUtilsmethod_DumpmethodFikaTest.java
[DEBUG-STREAM] Processing node: validate_constraints, has iteration_log: True, approved=False
[Validate] PASSED - hard constraints satisfied
[DEBUG-STREAM] Processing node: run, has iteration_log: True, approved=False
[Run] feedback_chars=12195
[DEBUG-STREAM] Processing node: check_coverage, has iteration_log: True, approved=False
[Coverage] target 'org.snakeyaml.engine.v2.api.Dump.<init>(org.snakeyaml.engine.v2.api.DumpSettings, org.snakeyaml.engine.v2.representer.BaseRepresenter)' covered=False
[DEBUG-STREAM] Processing node: decide, has iteration_log: True, approved=False
[Decide] approved=False (tests passed but target method NOT covered, will retry if iteration<5)
[DEBUG-STREAM] Processing node: generate, has iteration_log: True, approved=False
[Generate] produced 719 chars
/part/01/Tmp/gamageyo/fika/experiments/flink/flink-core
[DEBUG-STREAM] Processing node: write, has iteration_log: True, approved=False
[Write] wrote to /part/01/Tmp/gamageyo/fika/experiments/flink/flink-core/src/test/java/org/apache/flink/configuration/YamlParserUtilsmethod_DumpmethodFikaTest.java
[DEBUG-STREAM] Processing node: validate_constraints, has iteration_log: True, approved=False
[Validate] PASSED - hard constraints satisfied
[DEBUG-STREAM] Processing node: run, has iteration_log: True, approved=False
[Run] feedback_chars=12195
[DEBUG-STREAM] Processing node: check_coverage, has iteration_log: True, approved=False
[Coverage] target 'org.snakeyaml.engine.v2.api.Dump.<init>(org.snakeyaml.engine.v2.api.DumpSettings, org.snakeyaml.engine.v2.representer.BaseRepresenter)' covered=False
[DEBUG-STREAM] Processing node: decide, has iteration_log: True, approved=False
[Decide] approved=False (tests passed but target method NOT covered, will retry if iteration<5)
[DEBUG-STREAM] Processing node: finalize, has iteration_log: True, approved=False
[Finalize] Cleaned up unsuccessful test file: /part/01/Tmp/gamageyo/fika/experiments/flink/flink-core/src/test/java/org/apache/flink/configuration/YamlParserUtilsmethod_DumpmethodFikaTest.java

[DEBUG] Stream completed. final_state is set
[DEBUG] final_state keys: ['repo_root', 'mvn_cmd', 'max_iterations', 'run_only_generated_test', 'entryPoint', 'thirdPartyMethod', 'directCaller', 'path', 'methodSources', 'constructors', 'setters', 'fieldDeclarations', 'imports', 'testTemplate', 'conditionCount', 'callCount', 'covered', 'test_package', 'test_class_name', 'iteration', 'java_source', 'last_run_output', 'last_exit_code', 'success', 'approved', 'test_rel_path', 'trace', 'target_method_covered', 'coverage_total_lines', 'coverage_error', 'path_coverage_details', 'iteration_log', 'last_prompt']
[DEBUG] approved (after bool()) = False

=== FAILURE REASON ===
Tests passed but target third-party method was NOT covered
   Target: org.snakeyaml.engine.v2.api.Dump.<init>(org.snakeyaml.engine.v2.api.DumpSettings, org.snakeyaml.engine.v2.representer.BaseRepresenter)


================================================================================
PROCESSING TEST CASE 53/223
================================================================================
Entry Point: org.apache.flink.configuration.YamlParserUtils.convertToObject(java.lang.String, java.lang.Class)
Third Party Method: org.snakeyaml.engine.v2.api.LoadSettingsBuilder.setSchema(org.snakeyaml.engine.v2.schema.Schema)
================================================================================

[DEBUG-STREAM] Processing node: generate, has iteration_log: True, approved=False
[Generate] produced 444 chars
/part/01/Tmp/gamageyo/fika/experiments/flink/flink-core
[DEBUG-STREAM] Processing node: write, has iteration_log: True, approved=False
[Write] wrote to /part/01/Tmp/gamageyo/fika/experiments/flink/flink-core/src/test/java/org/apache/flink/configuration/YamlParserUtilsmethod_LoadSettingsBuildersetSchemaFikaTest.java
[DEBUG-STREAM] Processing node: validate_constraints, has iteration_log: True, approved=False
[Validate] PASSED - hard constraints satisfied
[DEBUG-STREAM] Processing node: run, has iteration_log: True, approved=False
[Run] feedback_chars=12195
[DEBUG-STREAM] Processing node: check_coverage, has iteration_log: True, approved=False
[Coverage] target 'org.snakeyaml.engine.v2.api.LoadSettingsBuilder.setSchema(org.snakeyaml.engine.v2.schema.Schema)' covered=True
[DEBUG-STREAM] Processing node: decide, has iteration_log: True, approved=True
[Decide] approved=True (tests passed AND target method covered)
[DEBUG-STREAM] Processing node: finalize, has iteration_log: True, approved=True
[Finalize] SUCCESS: Test passed and target method covered

[DEBUG] Stream completed. final_state is set
[DEBUG] final_state keys: ['repo_root', 'mvn_cmd', 'max_iterations', 'run_only_generated_test', 'entryPoint', 'thirdPartyMethod', 'directCaller', 'path', 'methodSources', 'constructors', 'setters', 'fieldDeclarations', 'imports', 'testTemplate', 'conditionCount', 'callCount', 'covered', 'test_package', 'test_class_name', 'iteration', 'java_source', 'last_run_output', 'last_exit_code', 'success', 'approved', 'test_rel_path', 'trace', 'target_method_covered', 'coverage_total_lines', 'coverage_error', 'path_coverage_details', 'iteration_log', 'last_prompt']
[DEBUG] approved (after bool()) = True
✓ Test approved at iteration 1
  JSON path: /part/01/Tmp/gamageyo/fika/experiments/flink/flink-core/third_party_apis_full_methods.json
  Looking for thirdPartyMethod: org.snakeyaml.engine.v2.api.LoadSettingsBuilder.setSchema(org.snakeyaml.engine.v2.schema.Schema)
  Looking for directCaller: org.apache.flink.configuration.YamlParserUtils.<clinit>()
[DEBUG]   ✓ MATCH FOUND at path 52
[DEBUG]   ✓ MATCH FOUND at path 66
[DEBUG]   ✓ MATCH FOUND at path 67
[DEBUG]   ✓ MATCH FOUND at path 68
[DEBUG]   ✓ MATCH FOUND at path 88
[DEBUG]   ✓ MATCH FOUND at path 89
[DEBUG]   ✓ MATCH FOUND at path 90
[DEBUG]   ✓ MATCH FOUND at path 91
[DEBUG]   ✓ MATCH FOUND at path 138
[DEBUG]   ✓ MATCH FOUND at path 139
[DEBUG]   ✓ MATCH FOUND at path 150
[DEBUG]   ✓ MATCH FOUND at path 161
[DEBUG]   ✓ MATCH FOUND at path 183
✓ Updated 13 record(s) in JSON file as covered
  Third Party Method: org.snakeyaml.engine.v2.api.LoadSettingsBuilder.setSchema(org.snakeyaml.engine.v2.schema.Schema)
  Direct Caller: org.apache.flink.configuration.YamlParserUtils.<clinit>()

================================================================================
PROCESSING TEST CASE 54/223
================================================================================
Entry Point: org.apache.flink.configuration.YamlParserUtils.convertToObject(java.lang.String, java.lang.Class)
Third Party Method: org.snakeyaml.engine.v2.api.Load.<init>(org.snakeyaml.engine.v2.api.LoadSettings)
================================================================================

[DEBUG-STREAM] Processing node: generate, has iteration_log: True, approved=False
[Generate] produced 756 chars
/part/01/Tmp/gamageyo/fika/experiments/flink/flink-core
[DEBUG-STREAM] Processing node: write, has iteration_log: True, approved=False
[Write] wrote to /part/01/Tmp/gamageyo/fika/experiments/flink/flink-core/src/test/java/org/apache/flink/configuration/YamlParserUtilsmethod_LoadmethodFikaTest.java
[DEBUG-STREAM] Processing node: validate_constraints, has iteration_log: True, approved=False
[Validate] PASSED - hard constraints satisfied
[DEBUG-STREAM] Processing node: run, has iteration_log: True, approved=False
[Run] feedback_chars=12195
[DEBUG-STREAM] Processing node: check_coverage, has iteration_log: True, approved=False
[Coverage] target 'org.snakeyaml.engine.v2.api.Load.<init>(org.snakeyaml.engine.v2.api.LoadSettings)' covered=True
[DEBUG-STREAM] Processing node: decide, has iteration_log: True, approved=True
[Decide] approved=True (tests passed AND target method covered)
[DEBUG-STREAM] Processing node: finalize, has iteration_log: True, approved=True
[Finalize] SUCCESS: Test passed and target method covered

[DEBUG] Stream completed. final_state is set
[DEBUG] final_state keys: ['repo_root', 'mvn_cmd', 'max_iterations', 'run_only_generated_test', 'entryPoint', 'thirdPartyMethod', 'directCaller', 'path', 'methodSources', 'constructors', 'setters', 'fieldDeclarations', 'imports', 'testTemplate', 'conditionCount', 'callCount', 'covered', 'test_package', 'test_class_name', 'iteration', 'java_source', 'last_run_output', 'last_exit_code', 'success', 'approved', 'test_rel_path', 'trace', 'target_method_covered', 'coverage_total_lines', 'coverage_error', 'path_coverage_details', 'iteration_log', 'last_prompt']
[DEBUG] approved (after bool()) = True
✓ Test approved at iteration 1
  JSON path: /part/01/Tmp/gamageyo/fika/experiments/flink/flink-core/third_party_apis_full_methods.json
  Looking for thirdPartyMethod: org.snakeyaml.engine.v2.api.Load.<init>(org.snakeyaml.engine.v2.api.LoadSettings)
  Looking for directCaller: org.apache.flink.configuration.YamlParserUtils.<clinit>()
[DEBUG]   ✓ MATCH FOUND at path 53
[DEBUG]   ✓ MATCH FOUND at path 71
[DEBUG]   ✓ MATCH FOUND at path 72
[DEBUG]   ✓ MATCH FOUND at path 73
[DEBUG]   ✓ MATCH FOUND at path 93
[DEBUG]   ✓ MATCH FOUND at path 94
[DEBUG]   ✓ MATCH FOUND at path 95
[DEBUG]   ✓ MATCH FOUND at path 96
[DEBUG]   ✓ MATCH FOUND at path 143
[DEBUG]   ✓ MATCH FOUND at path 144
[DEBUG]   ✓ MATCH FOUND at path 152
[DEBUG]   ✓ MATCH FOUND at path 164
[DEBUG]   ✓ MATCH FOUND at path 184
✓ Updated 13 record(s) in JSON file as covered
  Third Party Method: org.snakeyaml.engine.v2.api.Load.<init>(org.snakeyaml.engine.v2.api.LoadSettings)
  Direct Caller: org.apache.flink.configuration.YamlParserUtils.<clinit>()

================================================================================
PROCESSING TEST CASE 55/223
================================================================================
Entry Point: org.apache.flink.configuration.YamlParserUtils.toYAMLString(java.lang.Object)
Third Party Method: org.snakeyaml.engine.v2.api.DumpSettingsBuilder.setDefaultFlowStyle(org.snakeyaml.engine.v2.common.FlowStyle)
================================================================================

⊙ Skipping test case 55: Already marked as covered in JSON file
  (Third Party Method: org.snakeyaml.engine.v2.api.DumpSettingsBuilder.setDefaultFlowStyle(org.snakeyaml.engine.v2.common.FlowStyle))
  (Direct Caller: org.apache.flink.configuration.YamlParserUtils.<clinit>())

================================================================================
PROCESSING TEST CASE 56/223
================================================================================
Entry Point: org.apache.flink.configuration.ConfigurationUtils.convertConfigToWritableLines(org.apache.flink.configuration.Configuration, boolean)
Third Party Method: org.snakeyaml.engine.v2.api.DumpSettingsBuilder.setDefaultFlowStyle(org.snakeyaml.engine.v2.common.FlowStyle)
================================================================================

⊙ Skipping test case 56: Already marked as covered in JSON file
  (Third Party Method: org.snakeyaml.engine.v2.api.DumpSettingsBuilder.setDefaultFlowStyle(org.snakeyaml.engine.v2.common.FlowStyle))
  (Direct Caller: org.apache.flink.configuration.YamlParserUtils.<clinit>())

================================================================================
PROCESSING TEST CASE 57/223
================================================================================
Entry Point: org.apache.flink.configuration.Configuration.toFileWritableMap()
Third Party Method: org.snakeyaml.engine.v2.api.DumpSettingsBuilder.setDefaultFlowStyle(org.snakeyaml.engine.v2.common.FlowStyle)
================================================================================

⊙ Skipping test case 57: Already marked as covered in JSON file
  (Third Party Method: org.snakeyaml.engine.v2.api.DumpSettingsBuilder.setDefaultFlowStyle(org.snakeyaml.engine.v2.common.FlowStyle))
  (Direct Caller: org.apache.flink.configuration.YamlParserUtils.<clinit>())

================================================================================
PROCESSING TEST CASE 58/223
================================================================================
Entry Point: org.apache.flink.api.java.typeutils.runtime.ValueComparator.setReference(org.apache.flink.types.Value)
Third Party Method: com.esotericsoftware.kryo.util.DefaultInstantiatorStrategy.setFallbackInstantiatorStrategy(org.objenesis.strategy.InstantiatorStrategy)
================================================================================

[DEBUG-STREAM] Processing node: generate, has iteration_log: True, approved=False
[Generate] produced 1336 chars
/part/01/Tmp/gamageyo/fika/experiments/flink/flink-core
[DEBUG-STREAM] Processing node: write, has iteration_log: True, approved=False
[Write] wrote to /part/01/Tmp/gamageyo/fika/experiments/flink/flink-core/src/test/java/org/apache/flink/api/java/typeutils/runtime/ValueComparatorcheckKryoInitialized_DefaultInstantiatorStrategysetFallbackInstantiatorStrategyFikaTest.java
[DEBUG-STREAM] Processing node: validate_constraints, has iteration_log: True, approved=False
[Validate] FAILED - hard constraints violated
[DEBUG-STREAM] Processing node: decide, has iteration_log: True, approved=False
[Decide] approved=False (hard constraint violation, will retry if iteration<5)
[DEBUG-STREAM] Processing node: generate, has iteration_log: True, approved=False
[Generate] produced 925 chars
/part/01/Tmp/gamageyo/fika/experiments/flink/flink-core
[DEBUG-STREAM] Processing node: write, has iteration_log: True, approved=False
[Write] wrote to /part/01/Tmp/gamageyo/fika/experiments/flink/flink-core/src/test/java/org/apache/flink/api/java/typeutils/runtime/ValueComparatorcheckKryoInitialized_DefaultInstantiatorStrategysetFallbackInstantiatorStrategyFikaTest.java
[DEBUG-STREAM] Processing node: validate_constraints, has iteration_log: True, approved=False
[Validate] PASSED - hard constraints satisfied
[DEBUG-STREAM] Processing node: run, has iteration_log: True, approved=False
[Run] feedback_chars=1058
[DEBUG-STREAM] Processing node: check_coverage, has iteration_log: True, approved=False
[Coverage] target 'com.esotericsoftware.kryo.util.DefaultInstantiatorStrategy.setFallbackInstantiatorStrategy(org.objenesis.strategy.InstantiatorStrategy)' covered=False
[DEBUG-STREAM] Processing node: decide, has iteration_log: True, approved=False
[Decide] approved=False (tests failed, will retry if iteration<5)
[DEBUG-STREAM] Processing node: generate, has iteration_log: True, approved=False
[Generate] produced 907 chars
/part/01/Tmp/gamageyo/fika/experiments/flink/flink-core
[DEBUG-STREAM] Processing node: write, has iteration_log: True, approved=False
[Write] wrote to /part/01/Tmp/gamageyo/fika/experiments/flink/flink-core/src/test/java/org/apache/flink/api/java/typeutils/runtime/ValueComparatorcheckKryoInitialized_DefaultInstantiatorStrategysetFallbackInstantiatorStrategyFikaTest.java
[DEBUG-STREAM] Processing node: validate_constraints, has iteration_log: True, approved=False
[Validate] FAILED - hard constraints violated
[DEBUG-STREAM] Processing node: decide, has iteration_log: True, approved=False
[Decide] approved=False (hard constraint violation, will retry if iteration<5)
[DEBUG-STREAM] Processing node: generate, has iteration_log: True, approved=False
[Generate] produced 994 chars
/part/01/Tmp/gamageyo/fika/experiments/flink/flink-core
[DEBUG-STREAM] Processing node: write, has iteration_log: True, approved=False
[Write] wrote to /part/01/Tmp/gamageyo/fika/experiments/flink/flink-core/src/test/java/org/apache/flink/api/java/typeutils/runtime/ValueComparatorcheckKryoInitialized_DefaultInstantiatorStrategysetFallbackInstantiatorStrategyFikaTest.java
[DEBUG-STREAM] Processing node: validate_constraints, has iteration_log: True, approved=False
[Validate] PASSED - hard constraints satisfied
[DEBUG-STREAM] Processing node: run, has iteration_log: True, approved=False
[Run] feedback_chars=955
[DEBUG-STREAM] Processing node: check_coverage, has iteration_log: True, approved=False
[Coverage] target 'com.esotericsoftware.kryo.util.DefaultInstantiatorStrategy.setFallbackInstantiatorStrategy(org.objenesis.strategy.InstantiatorStrategy)' covered=False
[DEBUG-STREAM] Processing node: decide, has iteration_log: True, approved=False
[Decide] approved=False (tests failed, will retry if iteration<5)
[DEBUG-STREAM] Processing node: generate, has iteration_log: True, approved=False
[Generate] produced 669 chars
/part/01/Tmp/gamageyo/fika/experiments/flink/flink-core
[DEBUG-STREAM] Processing node: write, has iteration_log: True, approved=False
[Write] wrote to /part/01/Tmp/gamageyo/fika/experiments/flink/flink-core/src/test/java/org/apache/flink/api/java/typeutils/runtime/ValueComparatorcheckKryoInitialized_DefaultInstantiatorStrategysetFallbackInstantiatorStrategyFikaTest.java
[DEBUG-STREAM] Processing node: validate_constraints, has iteration_log: True, approved=False
[Validate] PASSED - hard constraints satisfied
[DEBUG-STREAM] Processing node: run, has iteration_log: True, approved=False
[Run] feedback_chars=12195
[DEBUG-STREAM] Processing node: check_coverage, has iteration_log: True, approved=False
[Coverage] target 'com.esotericsoftware.kryo.util.DefaultInstantiatorStrategy.setFallbackInstantiatorStrategy(org.objenesis.strategy.InstantiatorStrategy)' covered=True
[DEBUG-STREAM] Processing node: decide, has iteration_log: True, approved=True
[Decide] approved=True (tests passed AND target method covered)
[DEBUG-STREAM] Processing node: finalize, has iteration_log: True, approved=True
[Finalize] SUCCESS: Test passed and target method covered

[DEBUG] Stream completed. final_state is set
[DEBUG] final_state keys: ['repo_root', 'mvn_cmd', 'max_iterations', 'run_only_generated_test', 'entryPoint', 'thirdPartyMethod', 'directCaller', 'path', 'methodSources', 'constructors', 'setters', 'fieldDeclarations', 'imports', 'testTemplate', 'conditionCount', 'callCount', 'covered', 'test_package', 'test_class_name', 'iteration', 'java_source', 'last_run_output', 'last_exit_code', 'success', 'approved', 'test_rel_path', 'trace', 'target_method_covered', 'coverage_total_lines', 'coverage_error', 'path_coverage_details', 'iteration_log', 'last_prompt']
[DEBUG] approved (after bool()) = True
✓ Test approved at iteration 5
  JSON path: /part/01/Tmp/gamageyo/fika/experiments/flink/flink-core/third_party_apis_full_methods.json
  Looking for thirdPartyMethod: com.esotericsoftware.kryo.util.DefaultInstantiatorStrategy.setFallbackInstantiatorStrategy(org.objenesis.strategy.InstantiatorStrategy)
  Looking for directCaller: org.apache.flink.api.java.typeutils.runtime.ValueComparator.checkKryoInitialized()
[DEBUG]   ✓ MATCH FOUND at path 57
✓ Updated 1 record(s) in JSON file as covered
  Third Party Method: com.esotericsoftware.kryo.util.DefaultInstantiatorStrategy.setFallbackInstantiatorStrategy(org.objenesis.strategy.InstantiatorStrategy)
  Direct Caller: org.apache.flink.api.java.typeutils.runtime.ValueComparator.checkKryoInitialized()

================================================================================
PROCESSING TEST CASE 59/223
================================================================================
Entry Point: org.apache.flink.configuration.YamlParserUtils.toYAMLString(java.lang.Object)
Third Party Method: org.snakeyaml.engine.v2.api.DumpSettingsBuilder.setSchema(org.snakeyaml.engine.v2.schema.Schema)
================================================================================

⊙ Skipping test case 59: Already marked as covered in JSON file
  (Third Party Method: org.snakeyaml.engine.v2.api.DumpSettingsBuilder.setSchema(org.snakeyaml.engine.v2.schema.Schema))
  (Direct Caller: org.apache.flink.configuration.YamlParserUtils.<clinit>())

================================================================================
PROCESSING TEST CASE 60/223
================================================================================
Entry Point: org.apache.flink.configuration.ConfigurationUtils.convertConfigToWritableLines(org.apache.flink.configuration.Configuration, boolean)
Third Party Method: org.snakeyaml.engine.v2.api.DumpSettingsBuilder.setSchema(org.snakeyaml.engine.v2.schema.Schema)
================================================================================

⊙ Skipping test case 60: Already marked as covered in JSON file
  (Third Party Method: org.snakeyaml.engine.v2.api.DumpSettingsBuilder.setSchema(org.snakeyaml.engine.v2.schema.Schema))
  (Direct Caller: org.apache.flink.configuration.YamlParserUtils.<clinit>())

================================================================================
PROCESSING TEST CASE 61/223
================================================================================
Entry Point: org.apache.flink.configuration.Configuration.toFileWritableMap()
Third Party Method: org.snakeyaml.engine.v2.api.DumpSettingsBuilder.setSchema(org.snakeyaml.engine.v2.schema.Schema)
================================================================================

⊙ Skipping test case 61: Already marked as covered in JSON file
  (Third Party Method: org.snakeyaml.engine.v2.api.DumpSettingsBuilder.setSchema(org.snakeyaml.engine.v2.schema.Schema))
  (Direct Caller: org.apache.flink.configuration.YamlParserUtils.<clinit>())

================================================================================
PROCESSING TEST CASE 62/223
================================================================================
Entry Point: org.apache.flink.api.java.typeutils.runtime.ValueComparator.setReference(org.apache.flink.types.Value)
Third Party Method: com.esotericsoftware.kryo.Kryo.setInstantiatorStrategy(org.objenesis.strategy.InstantiatorStrategy)
================================================================================

[DEBUG-STREAM] Processing node: generate, has iteration_log: True, approved=False
[Generate] produced 623 chars
/part/01/Tmp/gamageyo/fika/experiments/flink/flink-core
[DEBUG-STREAM] Processing node: write, has iteration_log: True, approved=False
[Write] wrote to /part/01/Tmp/gamageyo/fika/experiments/flink/flink-core/src/test/java/org/apache/flink/api/java/typeutils/runtime/ValueComparatorcheckKryoInitialized_KryosetInstantiatorStrategyFikaTest.java
[DEBUG-STREAM] Processing node: validate_constraints, has iteration_log: True, approved=False
[Validate] PASSED - hard constraints satisfied
[DEBUG-STREAM] Processing node: run, has iteration_log: True, approved=False
[Run] feedback_chars=864
[DEBUG-STREAM] Processing node: check_coverage, has iteration_log: True, approved=False
[Coverage] target 'com.esotericsoftware.kryo.Kryo.setInstantiatorStrategy(org.objenesis.strategy.InstantiatorStrategy)' covered=False
[DEBUG-STREAM] Processing node: decide, has iteration_log: True, approved=False
[Decide] approved=False (tests failed, will retry if iteration<5)
[DEBUG-STREAM] Processing node: generate, has iteration_log: True, approved=False
[Generate] produced 1177 chars
/part/01/Tmp/gamageyo/fika/experiments/flink/flink-core
[DEBUG-STREAM] Processing node: write, has iteration_log: True, approved=False
[Write] wrote to /part/01/Tmp/gamageyo/fika/experiments/flink/flink-core/src/test/java/org/apache/flink/api/java/typeutils/runtime/ValueComparatorcheckKryoInitialized_KryosetInstantiatorStrategyFikaTest.java
[DEBUG-STREAM] Processing node: validate_constraints, has iteration_log: True, approved=False
[Validate] FAILED - hard constraints violated
[DEBUG-STREAM] Processing node: decide, has iteration_log: True, approved=False
[Decide] approved=False (hard constraint violation, will retry if iteration<5)
[DEBUG-STREAM] Processing node: generate, has iteration_log: True, approved=False
[Generate] produced 1306 chars
/part/01/Tmp/gamageyo/fika/experiments/flink/flink-core
[DEBUG-STREAM] Processing node: write, has iteration_log: True, approved=False
[Write] wrote to /part/01/Tmp/gamageyo/fika/experiments/flink/flink-core/src/test/java/org/apache/flink/api/java/typeutils/runtime/ValueComparatorcheckKryoInitialized_KryosetInstantiatorStrategyFikaTest.java
[DEBUG-STREAM] Processing node: validate_constraints, has iteration_log: True, approved=False
[Validate] PASSED - hard constraints satisfied
[DEBUG-STREAM] Processing node: run, has iteration_log: True, approved=False
[Run] feedback_chars=961
[DEBUG-STREAM] Processing node: check_coverage, has iteration_log: True, approved=False
[Coverage] target 'com.esotericsoftware.kryo.Kryo.setInstantiatorStrategy(org.objenesis.strategy.InstantiatorStrategy)' covered=False
[DEBUG-STREAM] Processing node: decide, has iteration_log: True, approved=False
[Decide] approved=False (tests failed, will retry if iteration<5)
[DEBUG-STREAM] Processing node: generate, has iteration_log: True, approved=False
[Generate] produced 774 chars
/part/01/Tmp/gamageyo/fika/experiments/flink/flink-core
[DEBUG-STREAM] Processing node: write, has iteration_log: True, approved=False
[Write] wrote to /part/01/Tmp/gamageyo/fika/experiments/flink/flink-core/src/test/java/org/apache/flink/api/java/typeutils/runtime/ValueComparatorcheckKryoInitialized_KryosetInstantiatorStrategyFikaTest.java
[DEBUG-STREAM] Processing node: validate_constraints, has iteration_log: True, approved=False
[Validate] FAILED - hard constraints violated
[DEBUG-STREAM] Processing node: decide, has iteration_log: True, approved=False
[Decide] approved=False (hard constraint violation, will retry if iteration<5)
[DEBUG-STREAM] Processing node: generate, has iteration_log: True, approved=False
[Generate] produced 849 chars
/part/01/Tmp/gamageyo/fika/experiments/flink/flink-core
[DEBUG-STREAM] Processing node: write, has iteration_log: True, approved=False
[Write] wrote to /part/01/Tmp/gamageyo/fika/experiments/flink/flink-core/src/test/java/org/apache/flink/api/java/typeutils/runtime/ValueComparatorcheckKryoInitialized_KryosetInstantiatorStrategyFikaTest.java
[DEBUG-STREAM] Processing node: validate_constraints, has iteration_log: True, approved=False
[Validate] PASSED - hard constraints satisfied
[DEBUG-STREAM] Processing node: run, has iteration_log: True, approved=False
[Run] feedback_chars=961
[DEBUG-STREAM] Processing node: check_coverage, has iteration_log: True, approved=False
[Coverage] target 'com.esotericsoftware.kryo.Kryo.setInstantiatorStrategy(org.objenesis.strategy.InstantiatorStrategy)' covered=False
[DEBUG-STREAM] Processing node: decide, has iteration_log: True, approved=False
[Decide] approved=False (tests failed, will retry if iteration<5)
[DEBUG-STREAM] Processing node: finalize, has iteration_log: True, approved=False
[Finalize] Cleaned up unsuccessful test file: /part/01/Tmp/gamageyo/fika/experiments/flink/flink-core/src/test/java/org/apache/flink/api/java/typeutils/runtime/ValueComparatorcheckKryoInitialized_KryosetInstantiatorStrategyFikaTest.java

[DEBUG] Stream completed. final_state is set
[DEBUG] final_state keys: ['repo_root', 'mvn_cmd', 'max_iterations', 'run_only_generated_test', 'entryPoint', 'thirdPartyMethod', 'directCaller', 'path', 'methodSources', 'constructors', 'setters', 'fieldDeclarations', 'imports', 'testTemplate', 'conditionCount', 'callCount', 'covered', 'test_package', 'test_class_name', 'iteration', 'java_source', 'last_run_output', 'last_exit_code', 'success', 'approved', 'test_rel_path', 'trace', 'target_method_covered', 'coverage_total_lines', 'coverage_error', 'path_coverage_details', 'iteration_log', 'last_prompt']
[DEBUG] approved (after bool()) = False

=== FAILURE REASON ===
Tests failed to compile or run successfully


================================================================================
PROCESSING TEST CASE 63/223
================================================================================
Entry Point: org.apache.flink.api.java.typeutils.runtime.ValueSerializer.copy(org.apache.flink.types.Value)
Third Party Method: com.esotericsoftware.kryo.util.DefaultInstantiatorStrategy.setFallbackInstantiatorStrategy(org.objenesis.strategy.InstantiatorStrategy)
================================================================================

[DEBUG-STREAM] Processing node: generate, has iteration_log: True, approved=False
[Generate] produced 1422 chars
/part/01/Tmp/gamageyo/fika/experiments/flink/flink-core
[DEBUG-STREAM] Processing node: write, has iteration_log: True, approved=False
[Write] wrote to /part/01/Tmp/gamageyo/fika/experiments/flink/flink-core/src/test/java/org/apache/flink/api/java/typeutils/runtime/ValueSerializercheckKryoInitialized_DefaultInstantiatorStrategysetFallbackInstantiatorStrategyFikaTest.java
[DEBUG-STREAM] Processing node: validate_constraints, has iteration_log: True, approved=False
[Validate] FAILED - hard constraints violated
[DEBUG-STREAM] Processing node: decide, has iteration_log: True, approved=False
[Decide] approved=False (hard constraint violation, will retry if iteration<5)
[DEBUG-STREAM] Processing node: generate, has iteration_log: True, approved=False
[Generate] produced 909 chars
/part/01/Tmp/gamageyo/fika/experiments/flink/flink-core
[DEBUG-STREAM] Processing node: write, has iteration_log: True, approved=False
[Write] wrote to /part/01/Tmp/gamageyo/fika/experiments/flink/flink-core/src/test/java/org/apache/flink/api/java/typeutils/runtime/ValueSerializercheckKryoInitialized_DefaultInstantiatorStrategysetFallbackInstantiatorStrategyFikaTest.java
[DEBUG-STREAM] Processing node: validate_constraints, has iteration_log: True, approved=False
[Validate] PASSED - hard constraints satisfied
[DEBUG-STREAM] Processing node: run, has iteration_log: True, approved=False
[Run] feedback_chars=12195
[DEBUG-STREAM] Processing node: check_coverage, has iteration_log: True, approved=False
[Coverage] target 'com.esotericsoftware.kryo.util.DefaultInstantiatorStrategy.setFallbackInstantiatorStrategy(org.objenesis.strategy.InstantiatorStrategy)' covered=True
[DEBUG-STREAM] Processing node: decide, has iteration_log: True, approved=True
[Decide] approved=True (tests passed AND target method covered)
[DEBUG-STREAM] Processing node: finalize, has iteration_log: True, approved=True
[Finalize] SUCCESS: Test passed and target method covered

[DEBUG] Stream completed. final_state is set
[DEBUG] final_state keys: ['repo_root', 'mvn_cmd', 'max_iterations', 'run_only_generated_test', 'entryPoint', 'thirdPartyMethod', 'directCaller', 'path', 'methodSources', 'constructors', 'setters', 'fieldDeclarations', 'imports', 'testTemplate', 'conditionCount', 'callCount', 'covered', 'test_package', 'test_class_name', 'iteration', 'java_source', 'last_run_output', 'last_exit_code', 'success', 'approved', 'test_rel_path', 'trace', 'target_method_covered', 'coverage_total_lines', 'coverage_error', 'path_coverage_details', 'iteration_log', 'last_prompt']
[DEBUG] approved (after bool()) = True
✓ Test approved at iteration 2
  JSON path: /part/01/Tmp/gamageyo/fika/experiments/flink/flink-core/third_party_apis_full_methods.json
  Looking for thirdPartyMethod: com.esotericsoftware.kryo.util.DefaultInstantiatorStrategy.setFallbackInstantiatorStrategy(org.objenesis.strategy.InstantiatorStrategy)
  Looking for directCaller: org.apache.flink.api.java.typeutils.runtime.ValueSerializer.checkKryoInitialized()
[DEBUG]   ✓ MATCH FOUND at path 62
[DEBUG]   ✓ MATCH FOUND at path 83
✓ Updated 2 record(s) in JSON file as covered
  Third Party Method: com.esotericsoftware.kryo.util.DefaultInstantiatorStrategy.setFallbackInstantiatorStrategy(org.objenesis.strategy.InstantiatorStrategy)
  Direct Caller: org.apache.flink.api.java.typeutils.runtime.ValueSerializer.checkKryoInitialized()

================================================================================
PROCESSING TEST CASE 64/223
================================================================================
Entry Point: org.apache.flink.configuration.YamlParserUtils.toYAMLString(java.lang.Object)
Third Party Method: org.snakeyaml.engine.v2.api.Dump.<init>(org.snakeyaml.engine.v2.api.DumpSettings, org.snakeyaml.engine.v2.representer.BaseRepresenter)
================================================================================

[DEBUG-STREAM] Processing node: generate, has iteration_log: True, approved=False
[Generate] produced 945 chars
/part/01/Tmp/gamageyo/fika/experiments/flink/flink-core
[DEBUG-STREAM] Processing node: write, has iteration_log: True, approved=False
[Write] wrote to /part/01/Tmp/gamageyo/fika/experiments/flink/flink-core/src/test/java/org/apache/flink/configuration/YamlParserUtilsmethod_DumpmethodFikaTest2.java
[DEBUG-STREAM] Processing node: validate_constraints, has iteration_log: True, approved=False
[Validate] PASSED - hard constraints satisfied
[DEBUG-STREAM] Processing node: run, has iteration_log: True, approved=False
[Run] feedback_chars=12195
[DEBUG-STREAM] Processing node: check_coverage, has iteration_log: True, approved=False
[Coverage] target 'org.snakeyaml.engine.v2.api.Dump.<init>(org.snakeyaml.engine.v2.api.DumpSettings, org.snakeyaml.engine.v2.representer.BaseRepresenter)' covered=False
[DEBUG-STREAM] Processing node: decide, has iteration_log: True, approved=False
[Decide] approved=False (tests passed but target method NOT covered, will retry if iteration<5)
[DEBUG-STREAM] Processing node: generate, has iteration_log: True, approved=False
[Generate] produced 494 chars
/part/01/Tmp/gamageyo/fika/experiments/flink/flink-core
[DEBUG-STREAM] Processing node: write, has iteration_log: True, approved=False
[Write] wrote to /part/01/Tmp/gamageyo/fika/experiments/flink/flink-core/src/test/java/org/apache/flink/configuration/YamlParserUtilsmethod_DumpmethodFikaTest2.java
[DEBUG-STREAM] Processing node: validate_constraints, has iteration_log: True, approved=False
[Validate] PASSED - hard constraints satisfied
[DEBUG-STREAM] Processing node: run, has iteration_log: True, approved=False
[Run] feedback_chars=12195
[DEBUG-STREAM] Processing node: check_coverage, has iteration_log: True, approved=False
[Coverage] target 'org.snakeyaml.engine.v2.api.Dump.<init>(org.snakeyaml.engine.v2.api.DumpSettings, org.snakeyaml.engine.v2.representer.BaseRepresenter)' covered=False
[DEBUG-STREAM] Processing node: decide, has iteration_log: True, approved=False
[Decide] approved=False (tests passed but target method NOT covered, will retry if iteration<5)
[DEBUG-STREAM] Processing node: generate, has iteration_log: True, approved=False
[Generate] produced 494 chars
/part/01/Tmp/gamageyo/fika/experiments/flink/flink-core
[DEBUG-STREAM] Processing node: write, has iteration_log: True, approved=False
[Write] wrote to /part/01/Tmp/gamageyo/fika/experiments/flink/flink-core/src/test/java/org/apache/flink/configuration/YamlParserUtilsmethod_DumpmethodFikaTest2.java
[DEBUG-STREAM] Processing node: validate_constraints, has iteration_log: True, approved=False
[Validate] PASSED - hard constraints satisfied
[DEBUG-STREAM] Processing node: run, has iteration_log: True, approved=False
[Run] feedback_chars=12195
[DEBUG-STREAM] Processing node: check_coverage, has iteration_log: True, approved=False
[Coverage] target 'org.snakeyaml.engine.v2.api.Dump.<init>(org.snakeyaml.engine.v2.api.DumpSettings, org.snakeyaml.engine.v2.representer.BaseRepresenter)' covered=False
[DEBUG-STREAM] Processing node: decide, has iteration_log: True, approved=False
[Decide] approved=False (tests passed but target method NOT covered, will retry if iteration<5)
[DEBUG-STREAM] Processing node: generate, has iteration_log: True, approved=False
[Generate] produced 494 chars
/part/01/Tmp/gamageyo/fika/experiments/flink/flink-core
[DEBUG-STREAM] Processing node: write, has iteration_log: True, approved=False
[Write] wrote to /part/01/Tmp/gamageyo/fika/experiments/flink/flink-core/src/test/java/org/apache/flink/configuration/YamlParserUtilsmethod_DumpmethodFikaTest2.java
[DEBUG-STREAM] Processing node: validate_constraints, has iteration_log: True, approved=False
[Validate] PASSED - hard constraints satisfied
[DEBUG-STREAM] Processing node: run, has iteration_log: True, approved=False
[Run] feedback_chars=12195
[DEBUG-STREAM] Processing node: check_coverage, has iteration_log: True, approved=False
[Coverage] target 'org.snakeyaml.engine.v2.api.Dump.<init>(org.snakeyaml.engine.v2.api.DumpSettings, org.snakeyaml.engine.v2.representer.BaseRepresenter)' covered=False
[DEBUG-STREAM] Processing node: decide, has iteration_log: True, approved=False
[Decide] approved=False (tests passed but target method NOT covered, will retry if iteration<5)
[DEBUG-STREAM] Processing node: generate, has iteration_log: True, approved=False
[Generate] produced 494 chars
/part/01/Tmp/gamageyo/fika/experiments/flink/flink-core
[DEBUG-STREAM] Processing node: write, has iteration_log: True, approved=False
[Write] wrote to /part/01/Tmp/gamageyo/fika/experiments/flink/flink-core/src/test/java/org/apache/flink/configuration/YamlParserUtilsmethod_DumpmethodFikaTest2.java
[DEBUG-STREAM] Processing node: validate_constraints, has iteration_log: True, approved=False
[Validate] PASSED - hard constraints satisfied
[DEBUG-STREAM] Processing node: run, has iteration_log: True, approved=False
[Run] feedback_chars=12195
[DEBUG-STREAM] Processing node: check_coverage, has iteration_log: True, approved=False
[Coverage] target 'org.snakeyaml.engine.v2.api.Dump.<init>(org.snakeyaml.engine.v2.api.DumpSettings, org.snakeyaml.engine.v2.representer.BaseRepresenter)' covered=False
[DEBUG-STREAM] Processing node: decide, has iteration_log: True, approved=False
[Decide] approved=False (tests passed but target method NOT covered, will retry if iteration<5)
[DEBUG-STREAM] Processing node: finalize, has iteration_log: True, approved=False
[Finalize] Cleaned up unsuccessful test file: /part/01/Tmp/gamageyo/fika/experiments/flink/flink-core/src/test/java/org/apache/flink/configuration/YamlParserUtilsmethod_DumpmethodFikaTest2.java

[DEBUG] Stream completed. final_state is set
[DEBUG] final_state keys: ['repo_root', 'mvn_cmd', 'max_iterations', 'run_only_generated_test', 'entryPoint', 'thirdPartyMethod', 'directCaller', 'path', 'methodSources', 'constructors', 'setters', 'fieldDeclarations', 'imports', 'testTemplate', 'conditionCount', 'callCount', 'covered', 'test_package', 'test_class_name', 'iteration', 'java_source', 'last_run_output', 'last_exit_code', 'success', 'approved', 'test_rel_path', 'trace', 'target_method_covered', 'coverage_total_lines', 'coverage_error', 'path_coverage_details', 'iteration_log', 'last_prompt']
[DEBUG] approved (after bool()) = False

=== FAILURE REASON ===
Tests passed but target third-party method was NOT covered
   Target: org.snakeyaml.engine.v2.api.Dump.<init>(org.snakeyaml.engine.v2.api.DumpSettings, org.snakeyaml.engine.v2.representer.BaseRepresenter)


================================================================================
PROCESSING TEST CASE 65/223
================================================================================
Entry Point: org.apache.flink.configuration.ConfigurationUtils.convertConfigToWritableLines(org.apache.flink.configuration.Configuration, boolean)
Third Party Method: org.snakeyaml.engine.v2.api.Dump.<init>(org.snakeyaml.engine.v2.api.DumpSettings, org.snakeyaml.engine.v2.representer.BaseRepresenter)
================================================================================

[DEBUG-STREAM] Processing node: generate, has iteration_log: True, approved=False
[Generate] produced 847 chars
/part/01/Tmp/gamageyo/fika/experiments/flink/flink-core
[DEBUG-STREAM] Processing node: write, has iteration_log: True, approved=False
[Write] wrote to /part/01/Tmp/gamageyo/fika/experiments/flink/flink-core/src/test/java/org/apache/flink/configuration/ConfigurationUtils_YamlParserUtilsmethod_DumpmethodFikaTest.java
[DEBUG-STREAM] Processing node: validate_constraints, has iteration_log: True, approved=False
[Validate] PASSED - hard constraints satisfied
[DEBUG-STREAM] Processing node: run, has iteration_log: True, approved=False
[Run] feedback_chars=593
[DEBUG-STREAM] Processing node: check_coverage, has iteration_log: True, approved=False
[Coverage] target 'org.snakeyaml.engine.v2.api.Dump.<init>(org.snakeyaml.engine.v2.api.DumpSettings, org.snakeyaml.engine.v2.representer.BaseRepresenter)' covered=False
[DEBUG-STREAM] Processing node: decide, has iteration_log: True, approved=False
[Decide] approved=False (tests failed, will retry if iteration<5)
[DEBUG-STREAM] Processing node: generate, has iteration_log: True, approved=False
[Generate] produced 555 chars
/part/01/Tmp/gamageyo/fika/experiments/flink/flink-core
[DEBUG-STREAM] Processing node: write, has iteration_log: True, approved=False
[Write] wrote to /part/01/Tmp/gamageyo/fika/experiments/flink/flink-core/src/test/java/org/apache/flink/configuration/ConfigurationUtils_YamlParserUtilsmethod_DumpmethodFikaTest.java
[DEBUG-STREAM] Processing node: validate_constraints, has iteration_log: True, approved=False
[Validate] PASSED - hard constraints satisfied
[DEBUG-STREAM] Processing node: run, has iteration_log: True, approved=False
[Run] feedback_chars=12195
[DEBUG-STREAM] Processing node: check_coverage, has iteration_log: True, approved=False
[Coverage] target 'org.snakeyaml.engine.v2.api.Dump.<init>(org.snakeyaml.engine.v2.api.DumpSettings, org.snakeyaml.engine.v2.representer.BaseRepresenter)' covered=False
[DEBUG-STREAM] Processing node: decide, has iteration_log: True, approved=False
[Decide] approved=False (tests passed but target method NOT covered, will retry if iteration<5)
[DEBUG-STREAM] Processing node: generate, has iteration_log: True, approved=False
[Generate] produced 990 chars
/part/01/Tmp/gamageyo/fika/experiments/flink/flink-core
[DEBUG-STREAM] Processing node: write, has iteration_log: True, approved=False
[Write] wrote to /part/01/Tmp/gamageyo/fika/experiments/flink/flink-core/src/test/java/org/apache/flink/configuration/ConfigurationUtils_YamlParserUtilsmethod_DumpmethodFikaTest.java
[DEBUG-STREAM] Processing node: validate_constraints, has iteration_log: True, approved=False
[Validate] PASSED - hard constraints satisfied
[DEBUG-STREAM] Processing node: run, has iteration_log: True, approved=False
[Run] feedback_chars=638
[DEBUG-STREAM] Processing node: check_coverage, has iteration_log: True, approved=False
[Coverage] target 'org.snakeyaml.engine.v2.api.Dump.<init>(org.snakeyaml.engine.v2.api.DumpSettings, org.snakeyaml.engine.v2.representer.BaseRepresenter)' covered=False
[DEBUG-STREAM] Processing node: decide, has iteration_log: True, approved=False
[Decide] approved=False (tests failed, will retry if iteration<5)
[DEBUG-STREAM] Processing node: generate, has iteration_log: True, approved=False
[Generate] produced 1338 chars
/part/01/Tmp/gamageyo/fika/experiments/flink/flink-core
[DEBUG-STREAM] Processing node: write, has iteration_log: True, approved=False
[Write] wrote to /part/01/Tmp/gamageyo/fika/experiments/flink/flink-core/src/test/java/org/apache/flink/configuration/ConfigurationUtils_YamlParserUtilsmethod_DumpmethodFikaTest.java
[DEBUG-STREAM] Processing node: validate_constraints, has iteration_log: True, approved=False
[Validate] PASSED - hard constraints satisfied
[DEBUG-STREAM] Processing node: run, has iteration_log: True, approved=False
[Run] feedback_chars=12195
[DEBUG-STREAM] Processing node: check_coverage, has iteration_log: True, approved=False
[Coverage] target 'org.snakeyaml.engine.v2.api.Dump.<init>(org.snakeyaml.engine.v2.api.DumpSettings, org.snakeyaml.engine.v2.representer.BaseRepresenter)' covered=False
[DEBUG-STREAM] Processing node: decide, has iteration_log: True, approved=False
[Decide] approved=False (tests passed but target method NOT covered, will retry if iteration<5)
[DEBUG-STREAM] Processing node: generate, has iteration_log: True, approved=False
[Generate] produced 990 chars
/part/01/Tmp/gamageyo/fika/experiments/flink/flink-core
[DEBUG-STREAM] Processing node: write, has iteration_log: True, approved=False
[Write] wrote to /part/01/Tmp/gamageyo/fika/experiments/flink/flink-core/src/test/java/org/apache/flink/configuration/ConfigurationUtils_YamlParserUtilsmethod_DumpmethodFikaTest.java
[DEBUG-STREAM] Processing node: validate_constraints, has iteration_log: True, approved=False
[Validate] PASSED - hard constraints satisfied
[DEBUG-STREAM] Processing node: run, has iteration_log: True, approved=False
[Run] feedback_chars=638
[DEBUG-STREAM] Processing node: check_coverage, has iteration_log: True, approved=False
[Coverage] target 'org.snakeyaml.engine.v2.api.Dump.<init>(org.snakeyaml.engine.v2.api.DumpSettings, org.snakeyaml.engine.v2.representer.BaseRepresenter)' covered=False
[DEBUG-STREAM] Processing node: decide, has iteration_log: True, approved=False
[Decide] approved=False (tests failed, will retry if iteration<5)
[DEBUG-STREAM] Processing node: finalize, has iteration_log: True, approved=False
[Finalize] Cleaned up unsuccessful test file: /part/01/Tmp/gamageyo/fika/experiments/flink/flink-core/src/test/java/org/apache/flink/configuration/ConfigurationUtils_YamlParserUtilsmethod_DumpmethodFikaTest.java

[DEBUG] Stream completed. final_state is set
[DEBUG] final_state keys: ['repo_root', 'mvn_cmd', 'max_iterations', 'run_only_generated_test', 'entryPoint', 'thirdPartyMethod', 'directCaller', 'path', 'methodSources', 'constructors', 'setters', 'fieldDeclarations', 'imports', 'testTemplate', 'conditionCount', 'callCount', 'covered', 'test_package', 'test_class_name', 'iteration', 'java_source', 'last_run_output', 'last_exit_code', 'success', 'approved', 'test_rel_path', 'trace', 'target_method_covered', 'coverage_total_lines', 'coverage_error', 'path_coverage_details', 'iteration_log', 'last_prompt']
[DEBUG] approved (after bool()) = False

=== FAILURE REASON ===
Tests failed to compile or run successfully


================================================================================
PROCESSING TEST CASE 66/223
================================================================================
Entry Point: org.apache.flink.configuration.Configuration.toFileWritableMap()
Third Party Method: org.snakeyaml.engine.v2.api.Dump.<init>(org.snakeyaml.engine.v2.api.DumpSettings, org.snakeyaml.engine.v2.representer.BaseRepresenter)
================================================================================

[DEBUG-STREAM] Processing node: generate, has iteration_log: True, approved=False
[Generate] produced 745 chars
/part/01/Tmp/gamageyo/fika/experiments/flink/flink-core
[DEBUG-STREAM] Processing node: write, has iteration_log: True, approved=False
[Write] wrote to /part/01/Tmp/gamageyo/fika/experiments/flink/flink-core/src/test/java/org/apache/flink/configuration/Configuration_YamlParserUtilsmethod_DumpmethodFikaTest.java
[DEBUG-STREAM] Processing node: validate_constraints, has iteration_log: True, approved=False
[Validate] PASSED - hard constraints satisfied
[DEBUG-STREAM] Processing node: run, has iteration_log: True, approved=False
[Run] feedback_chars=12195
[DEBUG-STREAM] Processing node: check_coverage, has iteration_log: True, approved=False
[Coverage] target 'org.snakeyaml.engine.v2.api.Dump.<init>(org.snakeyaml.engine.v2.api.DumpSettings, org.snakeyaml.engine.v2.representer.BaseRepresenter)' covered=False
[DEBUG-STREAM] Processing node: decide, has iteration_log: True, approved=False
[Decide] approved=False (tests passed but target method NOT covered, will retry if iteration<5)
[DEBUG-STREAM] Processing node: generate, has iteration_log: True, approved=False
[Generate] produced 647 chars
/part/01/Tmp/gamageyo/fika/experiments/flink/flink-core
[DEBUG-STREAM] Processing node: write, has iteration_log: True, approved=False
[Write] wrote to /part/01/Tmp/gamageyo/fika/experiments/flink/flink-core/src/test/java/org/apache/flink/configuration/Configuration_YamlParserUtilsmethod_DumpmethodFikaTest.java
[DEBUG-STREAM] Processing node: validate_constraints, has iteration_log: True, approved=False
[Validate] PASSED - hard constraints satisfied
[DEBUG-STREAM] Processing node: run, has iteration_log: True, approved=False
[Run] feedback_chars=12195
[DEBUG-STREAM] Processing node: check_coverage, has iteration_log: True, approved=False
[Coverage] target 'org.snakeyaml.engine.v2.api.Dump.<init>(org.snakeyaml.engine.v2.api.DumpSettings, org.snakeyaml.engine.v2.representer.BaseRepresenter)' covered=False
[DEBUG-STREAM] Processing node: decide, has iteration_log: True, approved=False
[Decide] approved=False (tests passed but target method NOT covered, will retry if iteration<5)
[DEBUG-STREAM] Processing node: generate, has iteration_log: True, approved=False
[Generate] produced 647 chars
/part/01/Tmp/gamageyo/fika/experiments/flink/flink-core
[DEBUG-STREAM] Processing node: write, has iteration_log: True, approved=False
[Write] wrote to /part/01/Tmp/gamageyo/fika/experiments/flink/flink-core/src/test/java/org/apache/flink/configuration/Configuration_YamlParserUtilsmethod_DumpmethodFikaTest.java
[DEBUG-STREAM] Processing node: validate_constraints, has iteration_log: True, approved=False
[Validate] PASSED - hard constraints satisfied
[DEBUG-STREAM] Processing node: run, has iteration_log: True, approved=False
[Run] feedback_chars=12195
[DEBUG-STREAM] Processing node: check_coverage, has iteration_log: True, approved=False
[Coverage] target 'org.snakeyaml.engine.v2.api.Dump.<init>(org.snakeyaml.engine.v2.api.DumpSettings, org.snakeyaml.engine.v2.representer.BaseRepresenter)' covered=False
[DEBUG-STREAM] Processing node: decide, has iteration_log: True, approved=False
[Decide] approved=False (tests passed but target method NOT covered, will retry if iteration<5)
[DEBUG-STREAM] Processing node: generate, has iteration_log: True, approved=False
[Generate] produced 647 chars
/part/01/Tmp/gamageyo/fika/experiments/flink/flink-core
[DEBUG-STREAM] Processing node: write, has iteration_log: True, approved=False
[Write] wrote to /part/01/Tmp/gamageyo/fika/experiments/flink/flink-core/src/test/java/org/apache/flink/configuration/Configuration_YamlParserUtilsmethod_DumpmethodFikaTest.java
[DEBUG-STREAM] Processing node: validate_constraints, has iteration_log: True, approved=False
[Validate] PASSED - hard constraints satisfied
[DEBUG-STREAM] Processing node: run, has iteration_log: True, approved=False
[Run] feedback_chars=12195
[DEBUG-STREAM] Processing node: check_coverage, has iteration_log: True, approved=False
[Coverage] target 'org.snakeyaml.engine.v2.api.Dump.<init>(org.snakeyaml.engine.v2.api.DumpSettings, org.snakeyaml.engine.v2.representer.BaseRepresenter)' covered=False
[DEBUG-STREAM] Processing node: decide, has iteration_log: True, approved=False
[Decide] approved=False (tests passed but target method NOT covered, will retry if iteration<5)
[DEBUG-STREAM] Processing node: generate, has iteration_log: True, approved=False
[Generate] produced 647 chars
/part/01/Tmp/gamageyo/fika/experiments/flink/flink-core
[DEBUG-STREAM] Processing node: write, has iteration_log: True, approved=False
[Write] wrote to /part/01/Tmp/gamageyo/fika/experiments/flink/flink-core/src/test/java/org/apache/flink/configuration/Configuration_YamlParserUtilsmethod_DumpmethodFikaTest.java
[DEBUG-STREAM] Processing node: validate_constraints, has iteration_log: True, approved=False
[Validate] PASSED - hard constraints satisfied
[DEBUG-STREAM] Processing node: run, has iteration_log: True, approved=False
[Run] feedback_chars=12195
[DEBUG-STREAM] Processing node: check_coverage, has iteration_log: True, approved=False
[Coverage] target 'org.snakeyaml.engine.v2.api.Dump.<init>(org.snakeyaml.engine.v2.api.DumpSettings, org.snakeyaml.engine.v2.representer.BaseRepresenter)' covered=False
[DEBUG-STREAM] Processing node: decide, has iteration_log: True, approved=False
[Decide] approved=False (tests passed but target method NOT covered, will retry if iteration<5)
[DEBUG-STREAM] Processing node: finalize, has iteration_log: True, approved=False
[Finalize] Cleaned up unsuccessful test file: /part/01/Tmp/gamageyo/fika/experiments/flink/flink-core/src/test/java/org/apache/flink/configuration/Configuration_YamlParserUtilsmethod_DumpmethodFikaTest.java

[DEBUG] Stream completed. final_state is set
[DEBUG] final_state keys: ['repo_root', 'mvn_cmd', 'max_iterations', 'run_only_generated_test', 'entryPoint', 'thirdPartyMethod', 'directCaller', 'path', 'methodSources', 'constructors', 'setters', 'fieldDeclarations', 'imports', 'testTemplate', 'conditionCount', 'callCount', 'covered', 'test_package', 'test_class_name', 'iteration', 'java_source', 'last_run_output', 'last_exit_code', 'success', 'approved', 'test_rel_path', 'trace', 'target_method_covered', 'coverage_total_lines', 'coverage_error', 'path_coverage_details', 'iteration_log', 'last_prompt']
[DEBUG] approved (after bool()) = False

=== FAILURE REASON ===
Tests passed but target third-party method was NOT covered
   Target: org.snakeyaml.engine.v2.api.Dump.<init>(org.snakeyaml.engine.v2.api.DumpSettings, org.snakeyaml.engine.v2.representer.BaseRepresenter)


================================================================================
PROCESSING TEST CASE 67/223
================================================================================
Entry Point: org.apache.flink.configuration.YamlParserUtils.toYAMLString(java.lang.Object)
Third Party Method: org.snakeyaml.engine.v2.api.LoadSettingsBuilder.setSchema(org.snakeyaml.engine.v2.schema.Schema)
================================================================================

⊙ Skipping test case 67: Already marked as covered in JSON file
  (Third Party Method: org.snakeyaml.engine.v2.api.LoadSettingsBuilder.setSchema(org.snakeyaml.engine.v2.schema.Schema))
  (Direct Caller: org.apache.flink.configuration.YamlParserUtils.<clinit>())

================================================================================
PROCESSING TEST CASE 68/223
================================================================================
Entry Point: org.apache.flink.configuration.ConfigurationUtils.convertConfigToWritableLines(org.apache.flink.configuration.Configuration, boolean)
Third Party Method: org.snakeyaml.engine.v2.api.LoadSettingsBuilder.setSchema(org.snakeyaml.engine.v2.schema.Schema)
================================================================================

⊙ Skipping test case 68: Already marked as covered in JSON file
  (Third Party Method: org.snakeyaml.engine.v2.api.LoadSettingsBuilder.setSchema(org.snakeyaml.engine.v2.schema.Schema))
  (Direct Caller: org.apache.flink.configuration.YamlParserUtils.<clinit>())

================================================================================
PROCESSING TEST CASE 69/223
================================================================================
Entry Point: org.apache.flink.configuration.Configuration.toFileWritableMap()
Third Party Method: org.snakeyaml.engine.v2.api.LoadSettingsBuilder.setSchema(org.snakeyaml.engine.v2.schema.Schema)
================================================================================

⊙ Skipping test case 69: Already marked as covered in JSON file
  (Third Party Method: org.snakeyaml.engine.v2.api.LoadSettingsBuilder.setSchema(org.snakeyaml.engine.v2.schema.Schema))
  (Direct Caller: org.apache.flink.configuration.YamlParserUtils.<clinit>())

================================================================================
PROCESSING TEST CASE 70/223
================================================================================
Entry Point: org.apache.flink.api.java.typeutils.runtime.ValueComparator.setReference(org.apache.flink.types.Value)
Third Party Method: com.esotericsoftware.kryo.Kryo.register(java.lang.Class)
================================================================================

[DEBUG-STREAM] Processing node: generate, has iteration_log: True, approved=False
[Generate] produced 898 chars
/part/01/Tmp/gamageyo/fika/experiments/flink/flink-core
[DEBUG-STREAM] Processing node: write, has iteration_log: True, approved=False
[Write] wrote to /part/01/Tmp/gamageyo/fika/experiments/flink/flink-core/src/test/java/org/apache/flink/api/java/typeutils/runtime/ValueComparatorcheckKryoInitialized_KryoregisterFikaTest.java
[DEBUG-STREAM] Processing node: validate_constraints, has iteration_log: True, approved=False
[Validate] PASSED - hard constraints satisfied
[DEBUG-STREAM] Processing node: run, has iteration_log: True, approved=False
[Run] feedback_chars=834
[DEBUG-STREAM] Processing node: check_coverage, has iteration_log: True, approved=False
[Coverage] target 'com.esotericsoftware.kryo.Kryo.register(java.lang.Class)' covered=False
[DEBUG-STREAM] Processing node: decide, has iteration_log: True, approved=False
[Decide] approved=False (tests failed, will retry if iteration<5)
[DEBUG-STREAM] Processing node: generate, has iteration_log: True, approved=False
[Generate] produced 1313 chars
/part/01/Tmp/gamageyo/fika/experiments/flink/flink-core
[DEBUG-STREAM] Processing node: write, has iteration_log: True, approved=False
[Write] wrote to /part/01/Tmp/gamageyo/fika/experiments/flink/flink-core/src/test/java/org/apache/flink/api/java/typeutils/runtime/ValueComparatorcheckKryoInitialized_KryoregisterFikaTest.java
[DEBUG-STREAM] Processing node: validate_constraints, has iteration_log: True, approved=False
[Validate] FAILED - hard constraints violated
[DEBUG-STREAM] Processing node: decide, has iteration_log: True, approved=False
[Decide] approved=False (hard constraint violation, will retry if iteration<5)
[DEBUG-STREAM] Processing node: generate, has iteration_log: True, approved=False
[Generate] produced 1378 chars
/part/01/Tmp/gamageyo/fika/experiments/flink/flink-core
[DEBUG-STREAM] Processing node: write, has iteration_log: True, approved=False
[Write] wrote to /part/01/Tmp/gamageyo/fika/experiments/flink/flink-core/src/test/java/org/apache/flink/api/java/typeutils/runtime/ValueComparatorcheckKryoInitialized_KryoregisterFikaTest.java
[DEBUG-STREAM] Processing node: validate_constraints, has iteration_log: True, approved=False
[Validate] PASSED - hard constraints satisfied
[DEBUG-STREAM] Processing node: run, has iteration_log: True, approved=False
[Run] feedback_chars=834
[DEBUG-STREAM] Processing node: check_coverage, has iteration_log: True, approved=False
[Coverage] target 'com.esotericsoftware.kryo.Kryo.register(java.lang.Class)' covered=False
[DEBUG-STREAM] Processing node: decide, has iteration_log: True, approved=False
[Decide] approved=False (tests failed, will retry if iteration<5)
[DEBUG-STREAM] Processing node: generate, has iteration_log: True, approved=False
[Generate] produced 921 chars
/part/01/Tmp/gamageyo/fika/experiments/flink/flink-core
[DEBUG-STREAM] Processing node: write, has iteration_log: True, approved=False
[Write] wrote to /part/01/Tmp/gamageyo/fika/experiments/flink/flink-core/src/test/java/org/apache/flink/api/java/typeutils/runtime/ValueComparatorcheckKryoInitialized_KryoregisterFikaTest.java
[DEBUG-STREAM] Processing node: validate_constraints, has iteration_log: True, approved=False
[Validate] FAILED - hard constraints violated
[DEBUG-STREAM] Processing node: decide, has iteration_log: True, approved=False
[Decide] approved=False (hard constraint violation, will retry if iteration<5)
[DEBUG-STREAM] Processing node: generate, has iteration_log: True, approved=False
[Generate] produced 812 chars
/part/01/Tmp/gamageyo/fika/experiments/flink/flink-core
[DEBUG-STREAM] Processing node: write, has iteration_log: True, approved=False
[Write] wrote to /part/01/Tmp/gamageyo/fika/experiments/flink/flink-core/src/test/java/org/apache/flink/api/java/typeutils/runtime/ValueComparatorcheckKryoInitialized_KryoregisterFikaTest.java
[DEBUG-STREAM] Processing node: validate_constraints, has iteration_log: True, approved=False
[Validate] PASSED - hard constraints satisfied
[DEBUG-STREAM] Processing node: run, has iteration_log: True, approved=False
[Run] feedback_chars=834
[DEBUG-STREAM] Processing node: check_coverage, has iteration_log: True, approved=False
[Coverage] target 'com.esotericsoftware.kryo.Kryo.register(java.lang.Class)' covered=False
[DEBUG-STREAM] Processing node: decide, has iteration_log: True, approved=False
[Decide] approved=False (tests failed, will retry if iteration<5)
[DEBUG-STREAM] Processing node: finalize, has iteration_log: True, approved=False
[Finalize] Cleaned up unsuccessful test file: /part/01/Tmp/gamageyo/fika/experiments/flink/flink-core/src/test/java/org/apache/flink/api/java/typeutils/runtime/ValueComparatorcheckKryoInitialized_KryoregisterFikaTest.java

[DEBUG] Stream completed. final_state is set
[DEBUG] final_state keys: ['repo_root', 'mvn_cmd', 'max_iterations', 'run_only_generated_test', 'entryPoint', 'thirdPartyMethod', 'directCaller', 'path', 'methodSources', 'constructors', 'setters', 'fieldDeclarations', 'imports', 'testTemplate', 'conditionCount', 'callCount', 'covered', 'test_package', 'test_class_name', 'iteration', 'java_source', 'last_run_output', 'last_exit_code', 'success', 'approved', 'test_rel_path', 'trace', 'target_method_covered', 'coverage_total_lines', 'coverage_error', 'path_coverage_details', 'iteration_log', 'last_prompt']
[DEBUG] approved (after bool()) = False

=== FAILURE REASON ===
Tests failed to compile or run successfully


================================================================================
PROCESSING TEST CASE 71/223
================================================================================
Entry Point: org.apache.flink.api.java.typeutils.runtime.ValueSerializer.copy(org.apache.flink.types.Value)
Third Party Method: com.esotericsoftware.kryo.Kryo.setInstantiatorStrategy(org.objenesis.strategy.InstantiatorStrategy)
================================================================================

[DEBUG-STREAM] Processing node: generate, has iteration_log: True, approved=False
[Generate] produced 1331 chars
/part/01/Tmp/gamageyo/fika/experiments/flink/flink-core
[DEBUG-STREAM] Processing node: write, has iteration_log: True, approved=False
[Write] wrote to /part/01/Tmp/gamageyo/fika/experiments/flink/flink-core/src/test/java/org/apache/flink/api/java/typeutils/runtime/ValueSerializercheckKryoInitialized_KryosetInstantiatorStrategyFikaTest.java
[DEBUG-STREAM] Processing node: validate_constraints, has iteration_log: True, approved=False
[Validate] FAILED - hard constraints violated
[DEBUG-STREAM] Processing node: decide, has iteration_log: True, approved=False
[Decide] approved=False (hard constraint violation, will retry if iteration<5)
[DEBUG-STREAM] Processing node: generate, has iteration_log: True, approved=False
[Generate] produced 912 chars
/part/01/Tmp/gamageyo/fika/experiments/flink/flink-core
[DEBUG-STREAM] Processing node: write, has iteration_log: True, approved=False
[Write] wrote to /part/01/Tmp/gamageyo/fika/experiments/flink/flink-core/src/test/java/org/apache/flink/api/java/typeutils/runtime/ValueSerializercheckKryoInitialized_KryosetInstantiatorStrategyFikaTest.java
[DEBUG-STREAM] Processing node: validate_constraints, has iteration_log: True, approved=False
[Validate] PASSED - hard constraints satisfied
[DEBUG-STREAM] Processing node: run, has iteration_log: True, approved=False
[Run] feedback_chars=12195
[DEBUG-STREAM] Processing node: check_coverage, has iteration_log: True, approved=False
[Coverage] target 'com.esotericsoftware.kryo.Kryo.setInstantiatorStrategy(org.objenesis.strategy.InstantiatorStrategy)' covered=True
[DEBUG-STREAM] Processing node: decide, has iteration_log: True, approved=True
[Decide] approved=True (tests passed AND target method covered)
[DEBUG-STREAM] Processing node: finalize, has iteration_log: True, approved=True
[Finalize] SUCCESS: Test passed and target method covered

[DEBUG] Stream completed. final_state is set
[DEBUG] final_state keys: ['repo_root', 'mvn_cmd', 'max_iterations', 'run_only_generated_test', 'entryPoint', 'thirdPartyMethod', 'directCaller', 'path', 'methodSources', 'constructors', 'setters', 'fieldDeclarations', 'imports', 'testTemplate', 'conditionCount', 'callCount', 'covered', 'test_package', 'test_class_name', 'iteration', 'java_source', 'last_run_output', 'last_exit_code', 'success', 'approved', 'test_rel_path', 'trace', 'target_method_covered', 'coverage_total_lines', 'coverage_error', 'path_coverage_details', 'iteration_log', 'last_prompt']
[DEBUG] approved (after bool()) = True
✓ Test approved at iteration 2
  JSON path: /part/01/Tmp/gamageyo/fika/experiments/flink/flink-core/third_party_apis_full_methods.json
  Looking for thirdPartyMethod: com.esotericsoftware.kryo.Kryo.setInstantiatorStrategy(org.objenesis.strategy.InstantiatorStrategy)
  Looking for directCaller: org.apache.flink.api.java.typeutils.runtime.ValueSerializer.checkKryoInitialized()
[DEBUG]   ✓ MATCH FOUND at path 70
[DEBUG]   ✓ MATCH FOUND at path 92
✓ Updated 2 record(s) in JSON file as covered
  Third Party Method: com.esotericsoftware.kryo.Kryo.setInstantiatorStrategy(org.objenesis.strategy.InstantiatorStrategy)
  Direct Caller: org.apache.flink.api.java.typeutils.runtime.ValueSerializer.checkKryoInitialized()

================================================================================
PROCESSING TEST CASE 72/223
================================================================================
Entry Point: org.apache.flink.configuration.YamlParserUtils.toYAMLString(java.lang.Object)
Third Party Method: org.snakeyaml.engine.v2.api.Load.<init>(org.snakeyaml.engine.v2.api.LoadSettings)
================================================================================

⊙ Skipping test case 72: Already marked as covered in JSON file
  (Third Party Method: org.snakeyaml.engine.v2.api.Load.<init>(org.snakeyaml.engine.v2.api.LoadSettings))
  (Direct Caller: org.apache.flink.configuration.YamlParserUtils.<clinit>())

================================================================================
PROCESSING TEST CASE 73/223
================================================================================
Entry Point: org.apache.flink.configuration.ConfigurationUtils.convertConfigToWritableLines(org.apache.flink.configuration.Configuration, boolean)
Third Party Method: org.snakeyaml.engine.v2.api.Load.<init>(org.snakeyaml.engine.v2.api.LoadSettings)
================================================================================

⊙ Skipping test case 73: Already marked as covered in JSON file
  (Third Party Method: org.snakeyaml.engine.v2.api.Load.<init>(org.snakeyaml.engine.v2.api.LoadSettings))
  (Direct Caller: org.apache.flink.configuration.YamlParserUtils.<clinit>())

================================================================================
PROCESSING TEST CASE 74/223
================================================================================
Entry Point: org.apache.flink.configuration.Configuration.toFileWritableMap()
Third Party Method: org.snakeyaml.engine.v2.api.Load.<init>(org.snakeyaml.engine.v2.api.LoadSettings)
================================================================================

⊙ Skipping test case 74: Already marked as covered in JSON file
  (Third Party Method: org.snakeyaml.engine.v2.api.Load.<init>(org.snakeyaml.engine.v2.api.LoadSettings))
  (Direct Caller: org.apache.flink.configuration.YamlParserUtils.<clinit>())

================================================================================
PROCESSING TEST CASE 75/223
================================================================================
Entry Point: org.apache.flink.configuration.YamlParserUtils.convertAndDumpYamlFromFlatMap(java.util.Map)
Third Party Method: org.snakeyaml.engine.v2.api.DumpSettingsBuilder.setDefaultFlowStyle(org.snakeyaml.engine.v2.common.FlowStyle)
================================================================================

⊙ Skipping test case 75: Already marked as covered in JSON file
  (Third Party Method: org.snakeyaml.engine.v2.api.DumpSettingsBuilder.setDefaultFlowStyle(org.snakeyaml.engine.v2.common.FlowStyle))
  (Direct Caller: org.apache.flink.configuration.YamlParserUtils.<clinit>())

================================================================================
PROCESSING TEST CASE 76/223
================================================================================
Entry Point: org.apache.flink.configuration.DelegatingConfiguration.toFileWritableMap()
Third Party Method: org.snakeyaml.engine.v2.api.DumpSettingsBuilder.setDefaultFlowStyle(org.snakeyaml.engine.v2.common.FlowStyle)
================================================================================

⊙ Skipping test case 76: Already marked as covered in JSON file
  (Third Party Method: org.snakeyaml.engine.v2.api.DumpSettingsBuilder.setDefaultFlowStyle(org.snakeyaml.engine.v2.common.FlowStyle))
  (Direct Caller: org.apache.flink.configuration.YamlParserUtils.<clinit>())

================================================================================
PROCESSING TEST CASE 77/223
================================================================================
Entry Point: org.apache.flink.configuration.YamlParserUtils.loadYamlFile(java.io.File)
Third Party Method: org.snakeyaml.engine.v2.api.DumpSettingsBuilder.setDefaultFlowStyle(org.snakeyaml.engine.v2.common.FlowStyle)
================================================================================

⊙ Skipping test case 77: Already marked as covered in JSON file
  (Third Party Method: org.snakeyaml.engine.v2.api.DumpSettingsBuilder.setDefaultFlowStyle(org.snakeyaml.engine.v2.common.FlowStyle))
  (Direct Caller: org.apache.flink.configuration.YamlParserUtils.<clinit>())

================================================================================
PROCESSING TEST CASE 78/223
================================================================================
Entry Point: org.apache.flink.configuration.ConfigurationUtils.convertToList(java.lang.Object, java.lang.Class)
Third Party Method: org.snakeyaml.engine.v2.api.DumpSettingsBuilder.setDefaultFlowStyle(org.snakeyaml.engine.v2.common.FlowStyle)
================================================================================

⊙ Skipping test case 78: Already marked as covered in JSON file
  (Third Party Method: org.snakeyaml.engine.v2.api.DumpSettingsBuilder.setDefaultFlowStyle(org.snakeyaml.engine.v2.common.FlowStyle))
  (Direct Caller: org.apache.flink.configuration.YamlParserUtils.<clinit>())

================================================================================
PROCESSING TEST CASE 79/223
================================================================================
Entry Point: org.apache.flink.configuration.YamlParserUtils.convertAndDumpYamlFromFlatMap(java.util.Map)
Third Party Method: org.snakeyaml.engine.v2.api.DumpSettingsBuilder.setSchema(org.snakeyaml.engine.v2.schema.Schema)
================================================================================

⊙ Skipping test case 79: Already marked as covered in JSON file
  (Third Party Method: org.snakeyaml.engine.v2.api.DumpSettingsBuilder.setSchema(org.snakeyaml.engine.v2.schema.Schema))
  (Direct Caller: org.apache.flink.configuration.YamlParserUtils.<clinit>())

================================================================================
PROCESSING TEST CASE 80/223
================================================================================
Entry Point: org.apache.flink.configuration.DelegatingConfiguration.toFileWritableMap()
Third Party Method: org.snakeyaml.engine.v2.api.DumpSettingsBuilder.setSchema(org.snakeyaml.engine.v2.schema.Schema)
================================================================================

⊙ Skipping test case 80: Already marked as covered in JSON file
  (Third Party Method: org.snakeyaml.engine.v2.api.DumpSettingsBuilder.setSchema(org.snakeyaml.engine.v2.schema.Schema))
  (Direct Caller: org.apache.flink.configuration.YamlParserUtils.<clinit>())

================================================================================
PROCESSING TEST CASE 81/223
================================================================================
Entry Point: org.apache.flink.configuration.YamlParserUtils.loadYamlFile(java.io.File)
Third Party Method: org.snakeyaml.engine.v2.api.DumpSettingsBuilder.setSchema(org.snakeyaml.engine.v2.schema.Schema)
================================================================================

⊙ Skipping test case 81: Already marked as covered in JSON file
  (Third Party Method: org.snakeyaml.engine.v2.api.DumpSettingsBuilder.setSchema(org.snakeyaml.engine.v2.schema.Schema))
  (Direct Caller: org.apache.flink.configuration.YamlParserUtils.<clinit>())

================================================================================
PROCESSING TEST CASE 82/223
================================================================================
Entry Point: org.apache.flink.configuration.ConfigurationUtils.convertToList(java.lang.Object, java.lang.Class)
Third Party Method: org.snakeyaml.engine.v2.api.DumpSettingsBuilder.setSchema(org.snakeyaml.engine.v2.schema.Schema)
================================================================================

⊙ Skipping test case 82: Already marked as covered in JSON file
  (Third Party Method: org.snakeyaml.engine.v2.api.DumpSettingsBuilder.setSchema(org.snakeyaml.engine.v2.schema.Schema))
  (Direct Caller: org.apache.flink.configuration.YamlParserUtils.<clinit>())

================================================================================
PROCESSING TEST CASE 83/223
================================================================================
Entry Point: org.apache.flink.configuration.RestartStrategyOptions.RestartStrategyType.of(java.lang.String)
Third Party Method: org.apache.commons.compress.utils.Sets.newHashSet(java.lang.Object[])
================================================================================

[DEBUG-STREAM] Processing node: generate, has iteration_log: True, approved=False
[Generate] produced 428 chars
/part/01/Tmp/gamageyo/fika/experiments/flink/flink-core
[DEBUG-STREAM] Processing node: write, has iteration_log: True, approved=False
[Write] wrote to /part/01/Tmp/gamageyo/fika/experiments/flink/flink-core/src/test/java/org/apache/flink/configuration/RestartStrategyTypemethod_SetsnewHashSetFikaTest.java
[DEBUG-STREAM] Processing node: validate_constraints, has iteration_log: True, approved=False
[Validate] PASSED - hard constraints satisfied
[DEBUG-STREAM] Processing node: run, has iteration_log: True, approved=False
[Run] feedback_chars=12195
[DEBUG-STREAM] Processing node: check_coverage, has iteration_log: True, approved=False
[Coverage] target 'org.apache.commons.compress.utils.Sets.newHashSet(java.lang.Object[])' covered=True
[DEBUG-STREAM] Processing node: decide, has iteration_log: True, approved=True
[Decide] approved=True (tests passed AND target method covered)
[DEBUG-STREAM] Processing node: finalize, has iteration_log: True, approved=True
[Finalize] SUCCESS: Test passed and target method covered

[DEBUG] Stream completed. final_state is set
[DEBUG] final_state keys: ['repo_root', 'mvn_cmd', 'max_iterations', 'run_only_generated_test', 'entryPoint', 'thirdPartyMethod', 'directCaller', 'path', 'methodSources', 'constructors', 'setters', 'fieldDeclarations', 'imports', 'testTemplate', 'conditionCount', 'callCount', 'covered', 'test_package', 'test_class_name', 'iteration', 'java_source', 'last_run_output', 'last_exit_code', 'success', 'approved', 'test_rel_path', 'trace', 'target_method_covered', 'coverage_total_lines', 'coverage_error', 'path_coverage_details', 'iteration_log', 'last_prompt']
[DEBUG] approved (after bool()) = True
✓ Test approved at iteration 1
  JSON path: /part/01/Tmp/gamageyo/fika/experiments/flink/flink-core/third_party_apis_full_methods.json
  Looking for thirdPartyMethod: org.apache.commons.compress.utils.Sets.newHashSet(java.lang.Object[])
  Looking for directCaller: org.apache.flink.configuration.RestartStrategyOptions.RestartStrategyType.<clinit>()
[DEBUG]   ✓ MATCH FOUND at path 82
[DEBUG]   ✓ MATCH FOUND at path 127
[DEBUG]   ✓ MATCH FOUND at path 132
✓ Updated 3 record(s) in JSON file as covered
  Third Party Method: org.apache.commons.compress.utils.Sets.newHashSet(java.lang.Object[])
  Direct Caller: org.apache.flink.configuration.RestartStrategyOptions.RestartStrategyType.<clinit>()

================================================================================
PROCESSING TEST CASE 84/223
================================================================================
Entry Point: org.apache.flink.api.java.typeutils.runtime.ValueSerializer.copy(org.apache.flink.types.Value, org.apache.flink.types.Value)
Third Party Method: com.esotericsoftware.kryo.util.DefaultInstantiatorStrategy.setFallbackInstantiatorStrategy(org.objenesis.strategy.InstantiatorStrategy)
================================================================================

⊙ Skipping test case 84: Already marked as covered in JSON file
  (Third Party Method: com.esotericsoftware.kryo.util.DefaultInstantiatorStrategy.setFallbackInstantiatorStrategy(org.objenesis.strategy.InstantiatorStrategy))
  (Direct Caller: org.apache.flink.api.java.typeutils.runtime.ValueSerializer.checkKryoInitialized())

================================================================================
PROCESSING TEST CASE 85/223
================================================================================
Entry Point: org.apache.flink.configuration.YamlParserUtils.convertAndDumpYamlFromFlatMap(java.util.Map)
Third Party Method: org.snakeyaml.engine.v2.api.Dump.<init>(org.snakeyaml.engine.v2.api.DumpSettings, org.snakeyaml.engine.v2.representer.BaseRepresenter)
================================================================================

[DEBUG-STREAM] Processing node: generate, has iteration_log: True, approved=False
[Generate] produced 697 chars
/part/01/Tmp/gamageyo/fika/experiments/flink/flink-core
[DEBUG-STREAM] Processing node: write, has iteration_log: True, approved=False
[Write] wrote to /part/01/Tmp/gamageyo/fika/experiments/flink/flink-core/src/test/java/org/apache/flink/configuration/YamlParserUtilsmethod_DumpmethodFikaTest3.java
[DEBUG-STREAM] Processing node: validate_constraints, has iteration_log: True, approved=False
[Validate] PASSED - hard constraints satisfied
[DEBUG-STREAM] Processing node: run, has iteration_log: True, approved=False
[Run] feedback_chars=12195
[DEBUG-STREAM] Processing node: check_coverage, has iteration_log: True, approved=False
[Coverage] target 'org.snakeyaml.engine.v2.api.Dump.<init>(org.snakeyaml.engine.v2.api.DumpSettings, org.snakeyaml.engine.v2.representer.BaseRepresenter)' covered=False
[DEBUG-STREAM] Processing node: decide, has iteration_log: True, approved=False
[Decide] approved=False (tests passed but target method NOT covered, will retry if iteration<5)
[DEBUG-STREAM] Processing node: generate, has iteration_log: True, approved=False
[Generate] produced 679 chars
/part/01/Tmp/gamageyo/fika/experiments/flink/flink-core
[DEBUG-STREAM] Processing node: write, has iteration_log: True, approved=False
[Write] wrote to /part/01/Tmp/gamageyo/fika/experiments/flink/flink-core/src/test/java/org/apache/flink/configuration/YamlParserUtilsmethod_DumpmethodFikaTest3.java
[DEBUG-STREAM] Processing node: validate_constraints, has iteration_log: True, approved=False
[Validate] PASSED - hard constraints satisfied
[DEBUG-STREAM] Processing node: run, has iteration_log: True, approved=False
[Run] feedback_chars=12195
[DEBUG-STREAM] Processing node: check_coverage, has iteration_log: True, approved=False
[Coverage] target 'org.snakeyaml.engine.v2.api.Dump.<init>(org.snakeyaml.engine.v2.api.DumpSettings, org.snakeyaml.engine.v2.representer.BaseRepresenter)' covered=False
[DEBUG-STREAM] Processing node: decide, has iteration_log: True, approved=False
[Decide] approved=False (tests passed but target method NOT covered, will retry if iteration<5)
[DEBUG-STREAM] Processing node: generate, has iteration_log: True, approved=False
[Generate] produced 1312 chars
/part/01/Tmp/gamageyo/fika/experiments/flink/flink-core
[DEBUG-STREAM] Processing node: write, has iteration_log: True, approved=False
[Write] wrote to /part/01/Tmp/gamageyo/fika/experiments/flink/flink-core/src/test/java/org/apache/flink/configuration/YamlParserUtilsmethod_DumpmethodFikaTest3.java
[DEBUG-STREAM] Processing node: validate_constraints, has iteration_log: True, approved=False
[Validate] PASSED - hard constraints satisfied
[DEBUG-STREAM] Processing node: run, has iteration_log: True, approved=False
[Run] feedback_chars=12195
[DEBUG-STREAM] Processing node: check_coverage, has iteration_log: True, approved=False
[Coverage] target 'org.snakeyaml.engine.v2.api.Dump.<init>(org.snakeyaml.engine.v2.api.DumpSettings, org.snakeyaml.engine.v2.representer.BaseRepresenter)' covered=False
[DEBUG-STREAM] Processing node: decide, has iteration_log: True, approved=False
[Decide] approved=False (tests passed but target method NOT covered, will retry if iteration<5)
[DEBUG-STREAM] Processing node: generate, has iteration_log: True, approved=False
[Generate] produced 1312 chars
/part/01/Tmp/gamageyo/fika/experiments/flink/flink-core
[DEBUG-STREAM] Processing node: write, has iteration_log: True, approved=False
[Write] wrote to /part/01/Tmp/gamageyo/fika/experiments/flink/flink-core/src/test/java/org/apache/flink/configuration/YamlParserUtilsmethod_DumpmethodFikaTest3.java
[DEBUG-STREAM] Processing node: validate_constraints, has iteration_log: True, approved=False
[Validate] PASSED - hard constraints satisfied
[DEBUG-STREAM] Processing node: run, has iteration_log: True, approved=False
[Run] feedback_chars=12195
[DEBUG-STREAM] Processing node: check_coverage, has iteration_log: True, approved=False
[Coverage] target 'org.snakeyaml.engine.v2.api.Dump.<init>(org.snakeyaml.engine.v2.api.DumpSettings, org.snakeyaml.engine.v2.representer.BaseRepresenter)' covered=False
[DEBUG-STREAM] Processing node: decide, has iteration_log: True, approved=False
[Decide] approved=False (tests passed but target method NOT covered, will retry if iteration<5)
[DEBUG-STREAM] Processing node: generate, has iteration_log: True, approved=False
[Generate] produced 1582 chars
/part/01/Tmp/gamageyo/fika/experiments/flink/flink-core
[DEBUG-STREAM] Processing node: write, has iteration_log: True, approved=False
[Write] wrote to /part/01/Tmp/gamageyo/fika/experiments/flink/flink-core/src/test/java/org/apache/flink/configuration/YamlParserUtilsmethod_DumpmethodFikaTest3.java
[DEBUG-STREAM] Processing node: validate_constraints, has iteration_log: True, approved=False
[Validate] PASSED - hard constraints satisfied
[DEBUG-STREAM] Processing node: run, has iteration_log: True, approved=False
[Run] feedback_chars=12195
[DEBUG-STREAM] Processing node: check_coverage, has iteration_log: True, approved=False
[Coverage] target 'org.snakeyaml.engine.v2.api.Dump.<init>(org.snakeyaml.engine.v2.api.DumpSettings, org.snakeyaml.engine.v2.representer.BaseRepresenter)' covered=False
[DEBUG-STREAM] Processing node: decide, has iteration_log: True, approved=False
[Decide] approved=False (tests passed but target method NOT covered, will retry if iteration<5)
[DEBUG-STREAM] Processing node: finalize, has iteration_log: True, approved=False
[Finalize] Cleaned up unsuccessful test file: /part/01/Tmp/gamageyo/fika/experiments/flink/flink-core/src/test/java/org/apache/flink/configuration/YamlParserUtilsmethod_DumpmethodFikaTest3.java

[DEBUG] Stream completed. final_state is set
[DEBUG] final_state keys: ['repo_root', 'mvn_cmd', 'max_iterations', 'run_only_generated_test', 'entryPoint', 'thirdPartyMethod', 'directCaller', 'path', 'methodSources', 'constructors', 'setters', 'fieldDeclarations', 'imports', 'testTemplate', 'conditionCount', 'callCount', 'covered', 'test_package', 'test_class_name', 'iteration', 'java_source', 'last_run_output', 'last_exit_code', 'success', 'approved', 'test_rel_path', 'trace', 'target_method_covered', 'coverage_total_lines', 'coverage_error', 'path_coverage_details', 'iteration_log', 'last_prompt']
[DEBUG] approved (after bool()) = False

=== FAILURE REASON ===
Tests passed but target third-party method was NOT covered
   Target: org.snakeyaml.engine.v2.api.Dump.<init>(org.snakeyaml.engine.v2.api.DumpSettings, org.snakeyaml.engine.v2.representer.BaseRepresenter)


================================================================================
PROCESSING TEST CASE 86/223
================================================================================
Entry Point: org.apache.flink.configuration.DelegatingConfiguration.toFileWritableMap()
Third Party Method: org.snakeyaml.engine.v2.api.Dump.<init>(org.snakeyaml.engine.v2.api.DumpSettings, org.snakeyaml.engine.v2.representer.BaseRepresenter)
================================================================================

[DEBUG-STREAM] Processing node: generate, has iteration_log: True, approved=False
[Generate] produced 822 chars
/part/01/Tmp/gamageyo/fika/experiments/flink/flink-core
[DEBUG-STREAM] Processing node: write, has iteration_log: True, approved=False
[Write] wrote to /part/01/Tmp/gamageyo/fika/experiments/flink/flink-core/src/test/java/org/apache/flink/configuration/DelegatingConfiguration_YamlParserUtilsmethod_DumpmethodFikaTest.java
[DEBUG-STREAM] Processing node: validate_constraints, has iteration_log: True, approved=False
[Validate] PASSED - hard constraints satisfied
[DEBUG-STREAM] Processing node: run, has iteration_log: True, approved=False
[Run] feedback_chars=598
[DEBUG-STREAM] Processing node: check_coverage, has iteration_log: True, approved=False
[Coverage] target 'org.snakeyaml.engine.v2.api.Dump.<init>(org.snakeyaml.engine.v2.api.DumpSettings, org.snakeyaml.engine.v2.representer.BaseRepresenter)' covered=False
[DEBUG-STREAM] Processing node: decide, has iteration_log: True, approved=False
[Decide] approved=False (tests failed, will retry if iteration<5)
[DEBUG-STREAM] Processing node: generate, has iteration_log: True, approved=False
[Generate] produced 799 chars
/part/01/Tmp/gamageyo/fika/experiments/flink/flink-core
[DEBUG-STREAM] Processing node: write, has iteration_log: True, approved=False
[Write] wrote to /part/01/Tmp/gamageyo/fika/experiments/flink/flink-core/src/test/java/org/apache/flink/configuration/DelegatingConfiguration_YamlParserUtilsmethod_DumpmethodFikaTest.java
[DEBUG-STREAM] Processing node: validate_constraints, has iteration_log: True, approved=False
[Validate] PASSED - hard constraints satisfied
[DEBUG-STREAM] Processing node: run, has iteration_log: True, approved=False
[Run] feedback_chars=12195
[DEBUG-STREAM] Processing node: check_coverage, has iteration_log: True, approved=False
[Coverage] target 'org.snakeyaml.engine.v2.api.Dump.<init>(org.snakeyaml.engine.v2.api.DumpSettings, org.snakeyaml.engine.v2.representer.BaseRepresenter)' covered=False
[DEBUG-STREAM] Processing node: decide, has iteration_log: True, approved=False
[Decide] approved=False (tests passed but target method NOT covered, will retry if iteration<5)
[DEBUG-STREAM] Processing node: generate, has iteration_log: True, approved=False
[Generate] produced 863 chars
/part/01/Tmp/gamageyo/fika/experiments/flink/flink-core
[DEBUG-STREAM] Processing node: write, has iteration_log: True, approved=False
[Write] wrote to /part/01/Tmp/gamageyo/fika/experiments/flink/flink-core/src/test/java/org/apache/flink/configuration/DelegatingConfiguration_YamlParserUtilsmethod_DumpmethodFikaTest.java
[DEBUG-STREAM] Processing node: validate_constraints, has iteration_log: True, approved=False
[Validate] PASSED - hard constraints satisfied
[DEBUG-STREAM] Processing node: run, has iteration_log: True, approved=False
[Run] feedback_chars=598
[DEBUG-STREAM] Processing node: check_coverage, has iteration_log: True, approved=False
[Coverage] target 'org.snakeyaml.engine.v2.api.Dump.<init>(org.snakeyaml.engine.v2.api.DumpSettings, org.snakeyaml.engine.v2.representer.BaseRepresenter)' covered=False
[DEBUG-STREAM] Processing node: decide, has iteration_log: True, approved=False
[Decide] approved=False (tests failed, will retry if iteration<5)
[DEBUG-STREAM] Processing node: generate, has iteration_log: True, approved=False
[Generate] produced 799 chars
/part/01/Tmp/gamageyo/fika/experiments/flink/flink-core
[DEBUG-STREAM] Processing node: write, has iteration_log: True, approved=False
[Write] wrote to /part/01/Tmp/gamageyo/fika/experiments/flink/flink-core/src/test/java/org/apache/flink/configuration/DelegatingConfiguration_YamlParserUtilsmethod_DumpmethodFikaTest.java
[DEBUG-STREAM] Processing node: validate_constraints, has iteration_log: True, approved=False
[Validate] PASSED - hard constraints satisfied
[DEBUG-STREAM] Processing node: run, has iteration_log: True, approved=False
[Run] feedback_chars=12195
[DEBUG-STREAM] Processing node: check_coverage, has iteration_log: True, approved=False
[Coverage] target 'org.snakeyaml.engine.v2.api.Dump.<init>(org.snakeyaml.engine.v2.api.DumpSettings, org.snakeyaml.engine.v2.representer.BaseRepresenter)' covered=False
[DEBUG-STREAM] Processing node: decide, has iteration_log: True, approved=False
[Decide] approved=False (tests passed but target method NOT covered, will retry if iteration<5)
[DEBUG-STREAM] Processing node: generate, has iteration_log: True, approved=False
[Generate] produced 863 chars
/part/01/Tmp/gamageyo/fika/experiments/flink/flink-core
[DEBUG-STREAM] Processing node: write, has iteration_log: True, approved=False
[Write] wrote to /part/01/Tmp/gamageyo/fika/experiments/flink/flink-core/src/test/java/org/apache/flink/configuration/DelegatingConfiguration_YamlParserUtilsmethod_DumpmethodFikaTest.java
[DEBUG-STREAM] Processing node: validate_constraints, has iteration_log: True, approved=False
[Validate] PASSED - hard constraints satisfied
[DEBUG-STREAM] Processing node: run, has iteration_log: True, approved=False
[Run] feedback_chars=598
[DEBUG-STREAM] Processing node: check_coverage, has iteration_log: True, approved=False
[Coverage] target 'org.snakeyaml.engine.v2.api.Dump.<init>(org.snakeyaml.engine.v2.api.DumpSettings, org.snakeyaml.engine.v2.representer.BaseRepresenter)' covered=False
[DEBUG-STREAM] Processing node: decide, has iteration_log: True, approved=False
[Decide] approved=False (tests failed, will retry if iteration<5)
[DEBUG-STREAM] Processing node: finalize, has iteration_log: True, approved=False
[Finalize] Cleaned up unsuccessful test file: /part/01/Tmp/gamageyo/fika/experiments/flink/flink-core/src/test/java/org/apache/flink/configuration/DelegatingConfiguration_YamlParserUtilsmethod_DumpmethodFikaTest.java

[DEBUG] Stream completed. final_state is set
[DEBUG] final_state keys: ['repo_root', 'mvn_cmd', 'max_iterations', 'run_only_generated_test', 'entryPoint', 'thirdPartyMethod', 'directCaller', 'path', 'methodSources', 'constructors', 'setters', 'fieldDeclarations', 'imports', 'testTemplate', 'conditionCount', 'callCount', 'covered', 'test_package', 'test_class_name', 'iteration', 'java_source', 'last_run_output', 'last_exit_code', 'success', 'approved', 'test_rel_path', 'trace', 'target_method_covered', 'coverage_total_lines', 'coverage_error', 'path_coverage_details', 'iteration_log', 'last_prompt']
[DEBUG] approved (after bool()) = False

=== FAILURE REASON ===
Tests failed to compile or run successfully


================================================================================
PROCESSING TEST CASE 87/223
================================================================================
Entry Point: org.apache.flink.configuration.YamlParserUtils.loadYamlFile(java.io.File)
Third Party Method: org.snakeyaml.engine.v2.api.Dump.<init>(org.snakeyaml.engine.v2.api.DumpSettings, org.snakeyaml.engine.v2.representer.BaseRepresenter)
================================================================================

[DEBUG-STREAM] Processing node: generate, has iteration_log: True, approved=False
[Generate] produced 1180 chars
/part/01/Tmp/gamageyo/fika/experiments/flink/flink-core
[DEBUG-STREAM] Processing node: write, has iteration_log: True, approved=False
[Write] wrote to /part/01/Tmp/gamageyo/fika/experiments/flink/flink-core/src/test/java/org/apache/flink/configuration/YamlParserUtilsmethod_DumpmethodFikaTest4.java
[DEBUG-STREAM] Processing node: validate_constraints, has iteration_log: True, approved=False
[Validate] PASSED - hard constraints satisfied
[DEBUG-STREAM] Processing node: run, has iteration_log: True, approved=False
[Run] feedback_chars=12195
[DEBUG-STREAM] Processing node: check_coverage, has iteration_log: True, approved=False
[Coverage] target 'org.snakeyaml.engine.v2.api.Dump.<init>(org.snakeyaml.engine.v2.api.DumpSettings, org.snakeyaml.engine.v2.representer.BaseRepresenter)' covered=False
[DEBUG-STREAM] Processing node: decide, has iteration_log: True, approved=False
[Decide] approved=False (tests passed but target method NOT covered, will retry if iteration<5)
[DEBUG-STREAM] Processing node: generate, has iteration_log: True, approved=False
[Generate] produced 658 chars
/part/01/Tmp/gamageyo/fika/experiments/flink/flink-core
[DEBUG-STREAM] Processing node: write, has iteration_log: True, approved=False
[Write] wrote to /part/01/Tmp/gamageyo/fika/experiments/flink/flink-core/src/test/java/org/apache/flink/configuration/YamlParserUtilsmethod_DumpmethodFikaTest4.java
[DEBUG-STREAM] Processing node: validate_constraints, has iteration_log: True, approved=False
[Validate] PASSED - hard constraints satisfied
[DEBUG-STREAM] Processing node: run, has iteration_log: True, approved=False
[Run] feedback_chars=12195
[DEBUG-STREAM] Processing node: check_coverage, has iteration_log: True, approved=False
[Coverage] target 'org.snakeyaml.engine.v2.api.Dump.<init>(org.snakeyaml.engine.v2.api.DumpSettings, org.snakeyaml.engine.v2.representer.BaseRepresenter)' covered=False
[DEBUG-STREAM] Processing node: decide, has iteration_log: True, approved=False
[Decide] approved=False (tests passed but target method NOT covered, will retry if iteration<5)
[DEBUG-STREAM] Processing node: generate, has iteration_log: True, approved=False
[Generate] produced 658 chars
/part/01/Tmp/gamageyo/fika/experiments/flink/flink-core
[DEBUG-STREAM] Processing node: write, has iteration_log: True, approved=False
[Write] wrote to /part/01/Tmp/gamageyo/fika/experiments/flink/flink-core/src/test/java/org/apache/flink/configuration/YamlParserUtilsmethod_DumpmethodFikaTest4.java
[DEBUG-STREAM] Processing node: validate_constraints, has iteration_log: True, approved=False
[Validate] PASSED - hard constraints satisfied
[DEBUG-STREAM] Processing node: run, has iteration_log: True, approved=False
[Run] feedback_chars=12195
[DEBUG-STREAM] Processing node: check_coverage, has iteration_log: True, approved=False
[Coverage] target 'org.snakeyaml.engine.v2.api.Dump.<init>(org.snakeyaml.engine.v2.api.DumpSettings, org.snakeyaml.engine.v2.representer.BaseRepresenter)' covered=False
[DEBUG-STREAM] Processing node: decide, has iteration_log: True, approved=False
[Decide] approved=False (tests passed but target method NOT covered, will retry if iteration<5)
[DEBUG-STREAM] Processing node: generate, has iteration_log: True, approved=False
[Generate] produced 501 chars
/part/01/Tmp/gamageyo/fika/experiments/flink/flink-core
[DEBUG-STREAM] Processing node: write, has iteration_log: True, approved=False
[Write] wrote to /part/01/Tmp/gamageyo/fika/experiments/flink/flink-core/src/test/java/org/apache/flink/configuration/YamlParserUtilsmethod_DumpmethodFikaTest4.java
[DEBUG-STREAM] Processing node: validate_constraints, has iteration_log: True, approved=False
[Validate] PASSED - hard constraints satisfied
[DEBUG-STREAM] Processing node: run, has iteration_log: True, approved=False
[Run] feedback_chars=12195
[DEBUG-STREAM] Processing node: check_coverage, has iteration_log: True, approved=False
[Coverage] target 'org.snakeyaml.engine.v2.api.Dump.<init>(org.snakeyaml.engine.v2.api.DumpSettings, org.snakeyaml.engine.v2.representer.BaseRepresenter)' covered=False
[DEBUG-STREAM] Processing node: decide, has iteration_log: True, approved=False
[Decide] approved=False (tests passed but target method NOT covered, will retry if iteration<5)
[DEBUG-STREAM] Processing node: generate, has iteration_log: True, approved=False
[Generate] produced 658 chars
/part/01/Tmp/gamageyo/fika/experiments/flink/flink-core
[DEBUG-STREAM] Processing node: write, has iteration_log: True, approved=False
[Write] wrote to /part/01/Tmp/gamageyo/fika/experiments/flink/flink-core/src/test/java/org/apache/flink/configuration/YamlParserUtilsmethod_DumpmethodFikaTest4.java
[DEBUG-STREAM] Processing node: validate_constraints, has iteration_log: True, approved=False
[Validate] PASSED - hard constraints satisfied
[DEBUG-STREAM] Processing node: run, has iteration_log: True, approved=False
[Run] feedback_chars=12195
[DEBUG-STREAM] Processing node: check_coverage, has iteration_log: True, approved=False
[Coverage] target 'org.snakeyaml.engine.v2.api.Dump.<init>(org.snakeyaml.engine.v2.api.DumpSettings, org.snakeyaml.engine.v2.representer.BaseRepresenter)' covered=False
[DEBUG-STREAM] Processing node: decide, has iteration_log: True, approved=False
[Decide] approved=False (tests passed but target method NOT covered, will retry if iteration<5)
[DEBUG-STREAM] Processing node: finalize, has iteration_log: True, approved=False
[Finalize] Cleaned up unsuccessful test file: /part/01/Tmp/gamageyo/fika/experiments/flink/flink-core/src/test/java/org/apache/flink/configuration/YamlParserUtilsmethod_DumpmethodFikaTest4.java

[DEBUG] Stream completed. final_state is set
[DEBUG] final_state keys: ['repo_root', 'mvn_cmd', 'max_iterations', 'run_only_generated_test', 'entryPoint', 'thirdPartyMethod', 'directCaller', 'path', 'methodSources', 'constructors', 'setters', 'fieldDeclarations', 'imports', 'testTemplate', 'conditionCount', 'callCount', 'covered', 'test_package', 'test_class_name', 'iteration', 'java_source', 'last_run_output', 'last_exit_code', 'success', 'approved', 'test_rel_path', 'trace', 'target_method_covered', 'coverage_total_lines', 'coverage_error', 'path_coverage_details', 'iteration_log', 'last_prompt']
[DEBUG] approved (after bool()) = False

=== FAILURE REASON ===
Tests passed but target third-party method was NOT covered
   Target: org.snakeyaml.engine.v2.api.Dump.<init>(org.snakeyaml.engine.v2.api.DumpSettings, org.snakeyaml.engine.v2.representer.BaseRepresenter)


================================================================================
PROCESSING TEST CASE 88/223
================================================================================
Entry Point: org.apache.flink.configuration.ConfigurationUtils.convertToList(java.lang.Object, java.lang.Class)
Third Party Method: org.snakeyaml.engine.v2.api.Dump.<init>(org.snakeyaml.engine.v2.api.DumpSettings, org.snakeyaml.engine.v2.representer.BaseRepresenter)
================================================================================

[DEBUG-STREAM] Processing node: generate, has iteration_log: True, approved=False
[Generate] produced 750 chars
/part/01/Tmp/gamageyo/fika/experiments/flink/flink-core
[DEBUG-STREAM] Processing node: write, has iteration_log: True, approved=False
[Write] wrote to /part/01/Tmp/gamageyo/fika/experiments/flink/flink-core/src/test/java/org/apache/flink/configuration/ConfigurationUtils_YamlParserUtilsmethod_DumpmethodFikaTest2.java
[DEBUG-STREAM] Processing node: validate_constraints, has iteration_log: True, approved=False
[Validate] PASSED - hard constraints satisfied
[DEBUG-STREAM] Processing node: run, has iteration_log: True, approved=False
[Run] feedback_chars=594
[DEBUG-STREAM] Processing node: check_coverage, has iteration_log: True, approved=False
[Coverage] target 'org.snakeyaml.engine.v2.api.Dump.<init>(org.snakeyaml.engine.v2.api.DumpSettings, org.snakeyaml.engine.v2.representer.BaseRepresenter)' covered=False
[DEBUG-STREAM] Processing node: decide, has iteration_log: True, approved=False
[Decide] approved=False (tests failed, will retry if iteration<5)
[DEBUG-STREAM] Processing node: generate, has iteration_log: True, approved=False
[Generate] produced 581 chars
/part/01/Tmp/gamageyo/fika/experiments/flink/flink-core
[DEBUG-STREAM] Processing node: write, has iteration_log: True, approved=False
[Write] wrote to /part/01/Tmp/gamageyo/fika/experiments/flink/flink-core/src/test/java/org/apache/flink/configuration/ConfigurationUtils_YamlParserUtilsmethod_DumpmethodFikaTest2.java
[DEBUG-STREAM] Processing node: validate_constraints, has iteration_log: True, approved=False
[Validate] PASSED - hard constraints satisfied
[DEBUG-STREAM] Processing node: run, has iteration_log: True, approved=False
[Run] feedback_chars=12195
[DEBUG-STREAM] Processing node: check_coverage, has iteration_log: True, approved=False
[Coverage] target 'org.snakeyaml.engine.v2.api.Dump.<init>(org.snakeyaml.engine.v2.api.DumpSettings, org.snakeyaml.engine.v2.representer.BaseRepresenter)' covered=False
[DEBUG-STREAM] Processing node: decide, has iteration_log: True, approved=False
[Decide] approved=False (tests passed but target method NOT covered, will retry if iteration<5)
[DEBUG-STREAM] Processing node: generate, has iteration_log: True, approved=False
[Generate] produced 1361 chars
/part/01/Tmp/gamageyo/fika/experiments/flink/flink-core
[DEBUG-STREAM] Processing node: write, has iteration_log: True, approved=False
[Write] wrote to /part/01/Tmp/gamageyo/fika/experiments/flink/flink-core/src/test/java/org/apache/flink/configuration/ConfigurationUtils_YamlParserUtilsmethod_DumpmethodFikaTest2.java
[DEBUG-STREAM] Processing node: validate_constraints, has iteration_log: True, approved=False
[Validate] PASSED - hard constraints satisfied
[DEBUG-STREAM] Processing node: run, has iteration_log: True, approved=False
[Run] feedback_chars=595
[DEBUG-STREAM] Processing node: check_coverage, has iteration_log: True, approved=False
[Coverage] target 'org.snakeyaml.engine.v2.api.Dump.<init>(org.snakeyaml.engine.v2.api.DumpSettings, org.snakeyaml.engine.v2.representer.BaseRepresenter)' covered=False
[DEBUG-STREAM] Processing node: decide, has iteration_log: True, approved=False
[Decide] approved=False (tests failed, will retry if iteration<5)
[DEBUG-STREAM] Processing node: generate, has iteration_log: True, approved=False
[Generate] produced 596 chars
/part/01/Tmp/gamageyo/fika/experiments/flink/flink-core
[DEBUG-STREAM] Processing node: write, has iteration_log: True, approved=False
[Write] wrote to /part/01/Tmp/gamageyo/fika/experiments/flink/flink-core/src/test/java/org/apache/flink/configuration/ConfigurationUtils_YamlParserUtilsmethod_DumpmethodFikaTest2.java
[DEBUG-STREAM] Processing node: validate_constraints, has iteration_log: True, approved=False
[Validate] PASSED - hard constraints satisfied
[DEBUG-STREAM] Processing node: run, has iteration_log: True, approved=False
[Run] feedback_chars=607
[DEBUG-STREAM] Processing node: check_coverage, has iteration_log: True, approved=False
[Coverage] target 'org.snakeyaml.engine.v2.api.Dump.<init>(org.snakeyaml.engine.v2.api.DumpSettings, org.snakeyaml.engine.v2.representer.BaseRepresenter)' covered=False
[DEBUG-STREAM] Processing node: decide, has iteration_log: True, approved=False
[Decide] approved=False (tests failed, will retry if iteration<5)
[DEBUG-STREAM] Processing node: generate, has iteration_log: True, approved=False
[Generate] produced 1072 chars
/part/01/Tmp/gamageyo/fika/experiments/flink/flink-core
[DEBUG-STREAM] Processing node: write, has iteration_log: True, approved=False
[Write] wrote to /part/01/Tmp/gamageyo/fika/experiments/flink/flink-core/src/test/java/org/apache/flink/configuration/ConfigurationUtils_YamlParserUtilsmethod_DumpmethodFikaTest2.java
[DEBUG-STREAM] Processing node: validate_constraints, has iteration_log: True, approved=False
[Validate] PASSED - hard constraints satisfied
[DEBUG-STREAM] Processing node: run, has iteration_log: True, approved=False
[Run] feedback_chars=594
[DEBUG-STREAM] Processing node: check_coverage, has iteration_log: True, approved=False
[Coverage] target 'org.snakeyaml.engine.v2.api.Dump.<init>(org.snakeyaml.engine.v2.api.DumpSettings, org.snakeyaml.engine.v2.representer.BaseRepresenter)' covered=False
[DEBUG-STREAM] Processing node: decide, has iteration_log: True, approved=False
[Decide] approved=False (tests failed, will retry if iteration<5)
[DEBUG-STREAM] Processing node: finalize, has iteration_log: True, approved=False
[Finalize] Cleaned up unsuccessful test file: /part/01/Tmp/gamageyo/fika/experiments/flink/flink-core/src/test/java/org/apache/flink/configuration/ConfigurationUtils_YamlParserUtilsmethod_DumpmethodFikaTest2.java

[DEBUG] Stream completed. final_state is set
[DEBUG] final_state keys: ['repo_root', 'mvn_cmd', 'max_iterations', 'run_only_generated_test', 'entryPoint', 'thirdPartyMethod', 'directCaller', 'path', 'methodSources', 'constructors', 'setters', 'fieldDeclarations', 'imports', 'testTemplate', 'conditionCount', 'callCount', 'covered', 'test_package', 'test_class_name', 'iteration', 'java_source', 'last_run_output', 'last_exit_code', 'success', 'approved', 'test_rel_path', 'trace', 'target_method_covered', 'coverage_total_lines', 'coverage_error', 'path_coverage_details', 'iteration_log', 'last_prompt']
[DEBUG] approved (after bool()) = False

=== FAILURE REASON ===
Tests failed to compile or run successfully


================================================================================
PROCESSING TEST CASE 89/223
================================================================================
Entry Point: org.apache.flink.configuration.YamlParserUtils.convertAndDumpYamlFromFlatMap(java.util.Map)
Third Party Method: org.snakeyaml.engine.v2.api.LoadSettingsBuilder.setSchema(org.snakeyaml.engine.v2.schema.Schema)
================================================================================

⊙ Skipping test case 89: Already marked as covered in JSON file
  (Third Party Method: org.snakeyaml.engine.v2.api.LoadSettingsBuilder.setSchema(org.snakeyaml.engine.v2.schema.Schema))
  (Direct Caller: org.apache.flink.configuration.YamlParserUtils.<clinit>())

================================================================================
PROCESSING TEST CASE 90/223
================================================================================
Entry Point: org.apache.flink.configuration.DelegatingConfiguration.toFileWritableMap()
Third Party Method: org.snakeyaml.engine.v2.api.LoadSettingsBuilder.setSchema(org.snakeyaml.engine.v2.schema.Schema)
================================================================================

⊙ Skipping test case 90: Already marked as covered in JSON file
  (Third Party Method: org.snakeyaml.engine.v2.api.LoadSettingsBuilder.setSchema(org.snakeyaml.engine.v2.schema.Schema))
  (Direct Caller: org.apache.flink.configuration.YamlParserUtils.<clinit>())

================================================================================
PROCESSING TEST CASE 91/223
================================================================================
Entry Point: org.apache.flink.configuration.YamlParserUtils.loadYamlFile(java.io.File)
Third Party Method: org.snakeyaml.engine.v2.api.LoadSettingsBuilder.setSchema(org.snakeyaml.engine.v2.schema.Schema)
================================================================================

⊙ Skipping test case 91: Already marked as covered in JSON file
  (Third Party Method: org.snakeyaml.engine.v2.api.LoadSettingsBuilder.setSchema(org.snakeyaml.engine.v2.schema.Schema))
  (Direct Caller: org.apache.flink.configuration.YamlParserUtils.<clinit>())

================================================================================
PROCESSING TEST CASE 92/223
================================================================================
Entry Point: org.apache.flink.configuration.ConfigurationUtils.convertToList(java.lang.Object, java.lang.Class)
Third Party Method: org.snakeyaml.engine.v2.api.LoadSettingsBuilder.setSchema(org.snakeyaml.engine.v2.schema.Schema)
================================================================================

⊙ Skipping test case 92: Already marked as covered in JSON file
  (Third Party Method: org.snakeyaml.engine.v2.api.LoadSettingsBuilder.setSchema(org.snakeyaml.engine.v2.schema.Schema))
  (Direct Caller: org.apache.flink.configuration.YamlParserUtils.<clinit>())

================================================================================
PROCESSING TEST CASE 93/223
================================================================================
Entry Point: org.apache.flink.api.java.typeutils.runtime.ValueSerializer.copy(org.apache.flink.types.Value, org.apache.flink.types.Value)
Third Party Method: com.esotericsoftware.kryo.Kryo.setInstantiatorStrategy(org.objenesis.strategy.InstantiatorStrategy)
================================================================================

⊙ Skipping test case 93: Already marked as covered in JSON file
  (Third Party Method: com.esotericsoftware.kryo.Kryo.setInstantiatorStrategy(org.objenesis.strategy.InstantiatorStrategy))
  (Direct Caller: org.apache.flink.api.java.typeutils.runtime.ValueSerializer.checkKryoInitialized())

================================================================================
PROCESSING TEST CASE 94/223
================================================================================
Entry Point: org.apache.flink.configuration.YamlParserUtils.convertAndDumpYamlFromFlatMap(java.util.Map)
Third Party Method: org.snakeyaml.engine.v2.api.Load.<init>(org.snakeyaml.engine.v2.api.LoadSettings)
================================================================================

⊙ Skipping test case 94: Already marked as covered in JSON file
  (Third Party Method: org.snakeyaml.engine.v2.api.Load.<init>(org.snakeyaml.engine.v2.api.LoadSettings))
  (Direct Caller: org.apache.flink.configuration.YamlParserUtils.<clinit>())

================================================================================
PROCESSING TEST CASE 95/223
================================================================================
Entry Point: org.apache.flink.configuration.DelegatingConfiguration.toFileWritableMap()
Third Party Method: org.snakeyaml.engine.v2.api.Load.<init>(org.snakeyaml.engine.v2.api.LoadSettings)
================================================================================

⊙ Skipping test case 95: Already marked as covered in JSON file
  (Third Party Method: org.snakeyaml.engine.v2.api.Load.<init>(org.snakeyaml.engine.v2.api.LoadSettings))
  (Direct Caller: org.apache.flink.configuration.YamlParserUtils.<clinit>())

================================================================================
PROCESSING TEST CASE 96/223
================================================================================
Entry Point: org.apache.flink.configuration.YamlParserUtils.loadYamlFile(java.io.File)
Third Party Method: org.snakeyaml.engine.v2.api.Load.<init>(org.snakeyaml.engine.v2.api.LoadSettings)
================================================================================

⊙ Skipping test case 96: Already marked as covered in JSON file
  (Third Party Method: org.snakeyaml.engine.v2.api.Load.<init>(org.snakeyaml.engine.v2.api.LoadSettings))
  (Direct Caller: org.apache.flink.configuration.YamlParserUtils.<clinit>())

================================================================================
PROCESSING TEST CASE 97/223
================================================================================
Entry Point: org.apache.flink.configuration.ConfigurationUtils.convertToList(java.lang.Object, java.lang.Class)
Third Party Method: org.snakeyaml.engine.v2.api.Load.<init>(org.snakeyaml.engine.v2.api.LoadSettings)
================================================================================

⊙ Skipping test case 97: Already marked as covered in JSON file
  (Third Party Method: org.snakeyaml.engine.v2.api.Load.<init>(org.snakeyaml.engine.v2.api.LoadSettings))
  (Direct Caller: org.apache.flink.configuration.YamlParserUtils.<clinit>())

================================================================================
PROCESSING TEST CASE 98/223
================================================================================
Entry Point: org.apache.flink.util.Utils.getSerializerTree(org.apache.flink.api.common.typeinfo.TypeInformation)
Third Party Method: org.apache.commons.lang3.StringUtils.repeat(char, int)
================================================================================

[DEBUG-STREAM] Processing node: generate, has iteration_log: True, approved=False
[Generate] produced 2489 chars
/part/01/Tmp/gamageyo/fika/experiments/flink/flink-core
[DEBUG-STREAM] Processing node: write, has iteration_log: True, approved=False
[Write] wrote to /part/01/Tmp/gamageyo/fika/experiments/flink/flink-core/src/test/java/org/apache/flink/util/UtilsgetSerializerTree_StringUtilsrepeatFikaTest.java
[DEBUG-STREAM] Processing node: validate_constraints, has iteration_log: True, approved=False
[Validate] FAILED - hard constraints violated
[DEBUG-STREAM] Processing node: decide, has iteration_log: True, approved=False
[Decide] approved=False (hard constraint violation, will retry if iteration<5)
[DEBUG-STREAM] Processing node: generate, has iteration_log: True, approved=False
[Generate] produced 2217 chars
/part/01/Tmp/gamageyo/fika/experiments/flink/flink-core
[DEBUG-STREAM] Processing node: write, has iteration_log: True, approved=False
[Write] wrote to /part/01/Tmp/gamageyo/fika/experiments/flink/flink-core/src/test/java/org/apache/flink/util/UtilsgetSerializerTree_StringUtilsrepeatFikaTest.java
[DEBUG-STREAM] Processing node: validate_constraints, has iteration_log: True, approved=False
[Validate] FAILED - hard constraints violated
[DEBUG-STREAM] Processing node: decide, has iteration_log: True, approved=False
[Decide] approved=False (hard constraint violation, will retry if iteration<5)
[DEBUG-STREAM] Processing node: generate, has iteration_log: True, approved=False
[Generate] produced 2755 chars
/part/01/Tmp/gamageyo/fika/experiments/flink/flink-core
[DEBUG-STREAM] Processing node: write, has iteration_log: True, approved=False
[Write] wrote to /part/01/Tmp/gamageyo/fika/experiments/flink/flink-core/src/test/java/org/apache/flink/util/UtilsgetSerializerTree_StringUtilsrepeatFikaTest.java
[DEBUG-STREAM] Processing node: validate_constraints, has iteration_log: True, approved=False
[Validate] FAILED - hard constraints violated
[DEBUG-STREAM] Processing node: decide, has iteration_log: True, approved=False
[Decide] approved=False (hard constraint violation, will retry if iteration<5)
[DEBUG-STREAM] Processing node: generate, has iteration_log: True, approved=False
[Generate] produced 2941 chars
/part/01/Tmp/gamageyo/fika/experiments/flink/flink-core
[DEBUG-STREAM] Processing node: write, has iteration_log: True, approved=False
[Write] wrote to /part/01/Tmp/gamageyo/fika/experiments/flink/flink-core/src/test/java/org/apache/flink/util/UtilsgetSerializerTree_StringUtilsrepeatFikaTest.java
[DEBUG-STREAM] Processing node: validate_constraints, has iteration_log: True, approved=False
[Validate] FAILED - hard constraints violated
[DEBUG-STREAM] Processing node: decide, has iteration_log: True, approved=False
[Decide] approved=False (hard constraint violation, will retry if iteration<5)
[DEBUG-STREAM] Processing node: generate, has iteration_log: True, approved=False
[Generate] produced 4061 chars
/part/01/Tmp/gamageyo/fika/experiments/flink/flink-core
[DEBUG-STREAM] Processing node: write, has iteration_log: True, approved=False
[Write] wrote to /part/01/Tmp/gamageyo/fika/experiments/flink/flink-core/src/test/java/org/apache/flink/util/UtilsgetSerializerTree_StringUtilsrepeatFikaTest.java
[DEBUG-STREAM] Processing node: validate_constraints, has iteration_log: True, approved=False
[Validate] PASSED - hard constraints satisfied
[DEBUG-STREAM] Processing node: run, has iteration_log: True, approved=False
[Run] feedback_chars=1581
[DEBUG-STREAM] Processing node: check_coverage, has iteration_log: True, approved=False
[Coverage] target 'org.apache.commons.lang3.StringUtils.repeat(char, int)' covered=False
[DEBUG-STREAM] Processing node: decide, has iteration_log: True, approved=False
[Decide] approved=False (tests failed, will retry if iteration<5)
[DEBUG-STREAM] Processing node: finalize, has iteration_log: True, approved=False
[Finalize] Cleaned up unsuccessful test file: /part/01/Tmp/gamageyo/fika/experiments/flink/flink-core/src/test/java/org/apache/flink/util/UtilsgetSerializerTree_StringUtilsrepeatFikaTest.java

[DEBUG] Stream completed. final_state is set
[DEBUG] final_state keys: ['repo_root', 'mvn_cmd', 'max_iterations', 'run_only_generated_test', 'entryPoint', 'thirdPartyMethod', 'directCaller', 'path', 'methodSources', 'constructors', 'setters', 'fieldDeclarations', 'imports', 'testTemplate', 'conditionCount', 'callCount', 'covered', 'test_package', 'test_class_name', 'iteration', 'java_source', 'last_run_output', 'last_exit_code', 'success', 'approved', 'test_rel_path', 'trace', 'target_method_covered', 'coverage_total_lines', 'coverage_error', 'path_coverage_details', 'iteration_log', 'last_prompt']
[DEBUG] approved (after bool()) = False

=== FAILURE REASON ===
Tests failed to compile or run successfully


================================================================================
PROCESSING TEST CASE 99/223
================================================================================
Entry Point: org.apache.flink.api.java.typeutils.runtime.kryo.KryoSerializer.getKryo()
Third Party Method: com.esotericsoftware.kryo.Kryo.setClassLoader(java.lang.ClassLoader)
================================================================================

[DEBUG-STREAM] Processing node: generate, has iteration_log: True, approved=False
[Generate] produced 1467 chars
/part/01/Tmp/gamageyo/fika/experiments/flink/flink-core
[DEBUG-STREAM] Processing node: write, has iteration_log: True, approved=False
[Write] wrote to /part/01/Tmp/gamageyo/fika/experiments/flink/flink-core/src/test/java/org/apache/flink/api/java/typeutils/runtime/kryo/KryoSerializercheckKryoInitialized_KryosetClassLoaderFikaTest.java
[DEBUG-STREAM] Processing node: validate_constraints, has iteration_log: True, approved=False
[Validate] PASSED - hard constraints satisfied
[DEBUG-STREAM] Processing node: run, has iteration_log: True, approved=False
[Run] feedback_chars=12195
[DEBUG-STREAM] Processing node: check_coverage, has iteration_log: True, approved=False
[Coverage] target 'com.esotericsoftware.kryo.Kryo.setClassLoader(java.lang.ClassLoader)' covered=True
[DEBUG-STREAM] Processing node: decide, has iteration_log: True, approved=True
[Decide] approved=True (tests passed AND target method covered)
[DEBUG-STREAM] Processing node: finalize, has iteration_log: True, approved=True
[Finalize] SUCCESS: Test passed and target method covered

[DEBUG] Stream completed. final_state is set
[DEBUG] final_state keys: ['repo_root', 'mvn_cmd', 'max_iterations', 'run_only_generated_test', 'entryPoint', 'thirdPartyMethod', 'directCaller', 'path', 'methodSources', 'constructors', 'setters', 'fieldDeclarations', 'imports', 'testTemplate', 'conditionCount', 'callCount', 'covered', 'test_package', 'test_class_name', 'iteration', 'java_source', 'last_run_output', 'last_exit_code', 'success', 'approved', 'test_rel_path', 'trace', 'target_method_covered', 'coverage_total_lines', 'coverage_error', 'path_coverage_details', 'iteration_log', 'last_prompt']
[DEBUG] approved (after bool()) = True
✓ Test approved at iteration 1
  JSON path: /part/01/Tmp/gamageyo/fika/experiments/flink/flink-core/third_party_apis_full_methods.json
  Looking for thirdPartyMethod: com.esotericsoftware.kryo.Kryo.setClassLoader(java.lang.ClassLoader)
  Looking for directCaller: org.apache.flink.api.java.typeutils.runtime.kryo.KryoSerializer.checkKryoInitialized()
[DEBUG]   ✓ MATCH FOUND at path 98
[DEBUG]   ✓ MATCH FOUND at path 106
[DEBUG]   ✓ MATCH FOUND at path 122
[DEBUG]   ✓ MATCH FOUND at path 123
[DEBUG]   ✓ MATCH FOUND at path 124
[DEBUG]   ✓ MATCH FOUND at path 125
✓ Updated 6 record(s) in JSON file as covered
  Third Party Method: com.esotericsoftware.kryo.Kryo.setClassLoader(java.lang.ClassLoader)
  Direct Caller: org.apache.flink.api.java.typeutils.runtime.kryo.KryoSerializer.checkKryoInitialized()

================================================================================
PROCESSING TEST CASE 100/223
================================================================================
Entry Point: org.apache.flink.util.CompressionUtils.extractTarFile(java.lang.String, java.lang.String)
Third Party Method: org.apache.commons.compress.archivers.tar.TarArchiveInputStream.getNextTarEntry()
================================================================================

[DEBUG-STREAM] Processing node: generate, has iteration_log: True, approved=False
[Generate] produced 1480 chars
/part/01/Tmp/gamageyo/fika/experiments/flink/flink-core
[DEBUG-STREAM] Processing node: write, has iteration_log: True, approved=False
[Write] wrote to /part/01/Tmp/gamageyo/fika/experiments/flink/flink-core/src/test/java/org/apache/flink/util/CompressionUtilsextractTarFileUsingJava_TarArchiveInputStreamgetNextTarEntryFikaTest.java
[DEBUG-STREAM] Processing node: validate_constraints, has iteration_log: True, approved=False
[Validate] PASSED - hard constraints satisfied
[DEBUG-STREAM] Processing node: run, has iteration_log: True, approved=False
[Run] feedback_chars=12195
[DEBUG-STREAM] Processing node: check_coverage, has iteration_log: True, approved=False
[Coverage] target 'org.apache.commons.compress.archivers.tar.TarArchiveInputStream.getNextTarEntry()' covered=False
[DEBUG-STREAM] Processing node: decide, has iteration_log: True, approved=False
[Decide] approved=False (tests passed but target method NOT covered, will retry if iteration<5)
[DEBUG-STREAM] Processing node: generate, has iteration_log: True, approved=False
[Generate] produced 2292 chars
/part/01/Tmp/gamageyo/fika/experiments/flink/flink-core
[DEBUG-STREAM] Processing node: write, has iteration_log: True, approved=False
[Write] wrote to /part/01/Tmp/gamageyo/fika/experiments/flink/flink-core/src/test/java/org/apache/flink/util/CompressionUtilsextractTarFileUsingJava_TarArchiveInputStreamgetNextTarEntryFikaTest.java
[DEBUG-STREAM] Processing node: validate_constraints, has iteration_log: True, approved=False
[Validate] PASSED - hard constraints satisfied
[DEBUG-STREAM] Processing node: run, has iteration_log: True, approved=False
[Run] feedback_chars=2632
[DEBUG-STREAM] Processing node: check_coverage, has iteration_log: True, approved=False
[Coverage] target 'org.apache.commons.compress.archivers.tar.TarArchiveInputStream.getNextTarEntry()' covered=False
[DEBUG-STREAM] Processing node: decide, has iteration_log: True, approved=False
[Decide] approved=False (tests failed, will retry if iteration<5)
[DEBUG-STREAM] Processing node: generate, has iteration_log: True, approved=False
[Generate] produced 2194 chars
/part/01/Tmp/gamageyo/fika/experiments/flink/flink-core
[DEBUG-STREAM] Processing node: write, has iteration_log: True, approved=False
[Write] wrote to /part/01/Tmp/gamageyo/fika/experiments/flink/flink-core/src/test/java/org/apache/flink/util/CompressionUtilsextractTarFileUsingJava_TarArchiveInputStreamgetNextTarEntryFikaTest.java
[DEBUG-STREAM] Processing node: validate_constraints, has iteration_log: True, approved=False
[Validate] PASSED - hard constraints satisfied
[DEBUG-STREAM] Processing node: run, has iteration_log: True, approved=False
[Run] feedback_chars=2632
[DEBUG-STREAM] Processing node: check_coverage, has iteration_log: True, approved=False
[Coverage] target 'org.apache.commons.compress.archivers.tar.TarArchiveInputStream.getNextTarEntry()' covered=False
[DEBUG-STREAM] Processing node: decide, has iteration_log: True, approved=False
[Decide] approved=False (tests failed, will retry if iteration<5)
[DEBUG-STREAM] Processing node: generate, has iteration_log: True, approved=False
[Generate] produced 2462 chars
/part/01/Tmp/gamageyo/fika/experiments/flink/flink-core
[DEBUG-STREAM] Processing node: write, has iteration_log: True, approved=False
[Write] wrote to /part/01/Tmp/gamageyo/fika/experiments/flink/flink-core/src/test/java/org/apache/flink/util/CompressionUtilsextractTarFileUsingJava_TarArchiveInputStreamgetNextTarEntryFikaTest.java
[DEBUG-STREAM] Processing node: validate_constraints, has iteration_log: True, approved=False
[Validate] PASSED - hard constraints satisfied
[DEBUG-STREAM] Processing node: run, has iteration_log: True, approved=False
[Run] feedback_chars=2632
[DEBUG-STREAM] Processing node: check_coverage, has iteration_log: True, approved=False
[Coverage] target 'org.apache.commons.compress.archivers.tar.TarArchiveInputStream.getNextTarEntry()' covered=False
[DEBUG-STREAM] Processing node: decide, has iteration_log: True, approved=False
[Decide] approved=False (tests failed, will retry if iteration<5)
[DEBUG-STREAM] Processing node: generate, has iteration_log: True, approved=False
[Generate] produced 1491 chars
/part/01/Tmp/gamageyo/fika/experiments/flink/flink-core
[DEBUG-STREAM] Processing node: write, has iteration_log: True, approved=False
[Write] wrote to /part/01/Tmp/gamageyo/fika/experiments/flink/flink-core/src/test/java/org/apache/flink/util/CompressionUtilsextractTarFileUsingJava_TarArchiveInputStreamgetNextTarEntryFikaTest.java
[DEBUG-STREAM] Processing node: validate_constraints, has iteration_log: True, approved=False
[Validate] PASSED - hard constraints satisfied
[DEBUG-STREAM] Processing node: run, has iteration_log: True, approved=False
[Run] feedback_chars=519
[DEBUG-STREAM] Processing node: check_coverage, has iteration_log: True, approved=False
[Coverage] target 'org.apache.commons.compress.archivers.tar.TarArchiveInputStream.getNextTarEntry()' covered=False
[DEBUG-STREAM] Processing node: decide, has iteration_log: True, approved=False
[Decide] approved=False (tests failed, will retry if iteration<5)
[DEBUG-STREAM] Processing node: finalize, has iteration_log: True, approved=False
[Finalize] Cleaned up unsuccessful test file: /part/01/Tmp/gamageyo/fika/experiments/flink/flink-core/src/test/java/org/apache/flink/util/CompressionUtilsextractTarFileUsingJava_TarArchiveInputStreamgetNextTarEntryFikaTest.java

[DEBUG] Stream completed. final_state is set
[DEBUG] final_state keys: ['repo_root', 'mvn_cmd', 'max_iterations', 'run_only_generated_test', 'entryPoint', 'thirdPartyMethod', 'directCaller', 'path', 'methodSources', 'constructors', 'setters', 'fieldDeclarations', 'imports', 'testTemplate', 'conditionCount', 'callCount', 'covered', 'test_package', 'test_class_name', 'iteration', 'java_source', 'last_run_output', 'last_exit_code', 'success', 'approved', 'test_rel_path', 'trace', 'target_method_covered', 'coverage_total_lines', 'coverage_error', 'path_coverage_details', 'iteration_log', 'last_prompt']
[DEBUG] approved (after bool()) = False

=== FAILURE REASON ===
Tests failed to compile or run successfully


================================================================================
PROCESSING TEST CASE 101/223
================================================================================
Entry Point: org.apache.flink.configuration.YamlParserUtils.convertToObject(java.lang.String, java.lang.Class)
Third Party Method: org.snakeyaml.engine.v2.exceptions.YamlEngineException.setStackTrace(java.lang.StackTraceElement[])
================================================================================

[DEBUG-STREAM] Processing node: generate, has iteration_log: True, approved=False
[Generate] produced 2112 chars
/part/01/Tmp/gamageyo/fika/experiments/flink/flink-core
[DEBUG-STREAM] Processing node: write, has iteration_log: True, approved=False
[Write] wrote to /part/01/Tmp/gamageyo/fika/experiments/flink/flink-core/src/test/java/org/apache/flink/configuration/YamlParserUtilswrapExceptionToHiddenSensitiveData_YamlEngineExceptionsetStackTraceFikaTest.java
[DEBUG-STREAM] Processing node: validate_constraints, has iteration_log: True, approved=False
[Validate] PASSED - hard constraints satisfied
[DEBUG-STREAM] Processing node: run, has iteration_log: True, approved=False
[Run] feedback_chars=628
[DEBUG-STREAM] Processing node: check_coverage, has iteration_log: True, approved=False
[Coverage] target 'org.snakeyaml.engine.v2.exceptions.YamlEngineException.setStackTrace(java.lang.StackTraceElement[])' covered=False
[DEBUG-STREAM] Processing node: decide, has iteration_log: True, approved=False
[Decide] approved=False (tests failed, will retry if iteration<5)
[DEBUG-STREAM] Processing node: generate, has iteration_log: True, approved=False
[Generate] produced 756 chars
/part/01/Tmp/gamageyo/fika/experiments/flink/flink-core
[DEBUG-STREAM] Processing node: write, has iteration_log: True, approved=False
[Write] wrote to /part/01/Tmp/gamageyo/fika/experiments/flink/flink-core/src/test/java/org/apache/flink/configuration/YamlParserUtilswrapExceptionToHiddenSensitiveData_YamlEngineExceptionsetStackTraceFikaTest.java
[DEBUG-STREAM] Processing node: validate_constraints, has iteration_log: True, approved=False
[Validate] PASSED - hard constraints satisfied
[DEBUG-STREAM] Processing node: run, has iteration_log: True, approved=False
[Run] feedback_chars=12195
[DEBUG-STREAM] Processing node: check_coverage, has iteration_log: True, approved=False
[Coverage] target 'org.snakeyaml.engine.v2.exceptions.YamlEngineException.setStackTrace(java.lang.StackTraceElement[])' covered=True
[DEBUG-STREAM] Processing node: decide, has iteration_log: True, approved=True
[Decide] approved=True (tests passed AND target method covered)
[DEBUG-STREAM] Processing node: finalize, has iteration_log: True, approved=True
[Finalize] SUCCESS: Test passed and target method covered

[DEBUG] Stream completed. final_state is set
[DEBUG] final_state keys: ['repo_root', 'mvn_cmd', 'max_iterations', 'run_only_generated_test', 'entryPoint', 'thirdPartyMethod', 'directCaller', 'path', 'methodSources', 'constructors', 'setters', 'fieldDeclarations', 'imports', 'testTemplate', 'conditionCount', 'callCount', 'covered', 'test_package', 'test_class_name', 'iteration', 'java_source', 'last_run_output', 'last_exit_code', 'success', 'approved', 'test_rel_path', 'trace', 'target_method_covered', 'coverage_total_lines', 'coverage_error', 'path_coverage_details', 'iteration_log', 'last_prompt']
[DEBUG] approved (after bool()) = True
✓ Test approved at iteration 2
  JSON path: /part/01/Tmp/gamageyo/fika/experiments/flink/flink-core/third_party_apis_full_methods.json
  Looking for thirdPartyMethod: org.snakeyaml.engine.v2.exceptions.YamlEngineException.setStackTrace(java.lang.StackTraceElement[])
  Looking for directCaller: org.apache.flink.configuration.YamlParserUtils.wrapExceptionToHiddenSensitiveData(org.snakeyaml.engine.v2.exceptions.MarkedYamlEngineException)
[DEBUG]   ✓ MATCH FOUND at path 100
[DEBUG]   ✓ MATCH FOUND at path 108
[DEBUG]   ✓ MATCH FOUND at path 112
[DEBUG]   ✓ MATCH FOUND at path 113
✓ Updated 4 record(s) in JSON file as covered
  Third Party Method: org.snakeyaml.engine.v2.exceptions.YamlEngineException.setStackTrace(java.lang.StackTraceElement[])
  Direct Caller: org.apache.flink.configuration.YamlParserUtils.wrapExceptionToHiddenSensitiveData(org.snakeyaml.engine.v2.exceptions.MarkedYamlEngineException)

================================================================================
PROCESSING TEST CASE 102/223
================================================================================
Entry Point: org.apache.flink.configuration.YamlParserUtils.convertToObject(java.lang.String, java.lang.Class)
Third Party Method: org.snakeyaml.engine.v2.exceptions.Mark.getColumn()
================================================================================

[DEBUG-STREAM] Processing node: generate, has iteration_log: True, approved=False
[Generate] produced 1242 chars
/part/01/Tmp/gamageyo/fika/experiments/flink/flink-core
[DEBUG-STREAM] Processing node: write, has iteration_log: True, approved=False
[Write] wrote to /part/01/Tmp/gamageyo/fika/experiments/flink/flink-core/src/test/java/org/apache/flink/configuration/YamlParserUtilswrapExceptionToHiddenSensitiveData_MarkgetColumnFikaTest.java
[DEBUG-STREAM] Processing node: validate_constraints, has iteration_log: True, approved=False
[Validate] PASSED - hard constraints satisfied
[DEBUG-STREAM] Processing node: run, has iteration_log: True, approved=False
[Run] feedback_chars=609
[DEBUG-STREAM] Processing node: check_coverage, has iteration_log: True, approved=False
[Coverage] target 'org.snakeyaml.engine.v2.exceptions.Mark.getColumn()' covered=False
[DEBUG-STREAM] Processing node: decide, has iteration_log: True, approved=False
[Decide] approved=False (tests failed, will retry if iteration<5)
[DEBUG-STREAM] Processing node: generate, has iteration_log: True, approved=False
[Generate] produced 1361 chars
/part/01/Tmp/gamageyo/fika/experiments/flink/flink-core
[DEBUG-STREAM] Processing node: write, has iteration_log: True, approved=False
[Write] wrote to /part/01/Tmp/gamageyo/fika/experiments/flink/flink-core/src/test/java/org/apache/flink/configuration/YamlParserUtilswrapExceptionToHiddenSensitiveData_MarkgetColumnFikaTest.java
[DEBUG-STREAM] Processing node: validate_constraints, has iteration_log: True, approved=False
[Validate] PASSED - hard constraints satisfied
[DEBUG-STREAM] Processing node: run, has iteration_log: True, approved=False
[Run] feedback_chars=609
[DEBUG-STREAM] Processing node: check_coverage, has iteration_log: True, approved=False
[Coverage] target 'org.snakeyaml.engine.v2.exceptions.Mark.getColumn()' covered=False
[DEBUG-STREAM] Processing node: decide, has iteration_log: True, approved=False
[Decide] approved=False (tests failed, will retry if iteration<5)
[DEBUG-STREAM] Processing node: generate, has iteration_log: True, approved=False
[Generate] produced 2037 chars
/part/01/Tmp/gamageyo/fika/experiments/flink/flink-core
[DEBUG-STREAM] Processing node: write, has iteration_log: True, approved=False
[Write] wrote to /part/01/Tmp/gamageyo/fika/experiments/flink/flink-core/src/test/java/org/apache/flink/configuration/YamlParserUtilswrapExceptionToHiddenSensitiveData_MarkgetColumnFikaTest.java
[DEBUG-STREAM] Processing node: validate_constraints, has iteration_log: True, approved=False
[Validate] FAILED - hard constraints violated
[DEBUG-STREAM] Processing node: decide, has iteration_log: True, approved=False
[Decide] approved=False (hard constraint violation, will retry if iteration<5)
[DEBUG-STREAM] Processing node: generate, has iteration_log: True, approved=False
[Generate] produced 2203 chars
/part/01/Tmp/gamageyo/fika/experiments/flink/flink-core
[DEBUG-STREAM] Processing node: write, has iteration_log: True, approved=False
[Write] wrote to /part/01/Tmp/gamageyo/fika/experiments/flink/flink-core/src/test/java/org/apache/flink/configuration/YamlParserUtilswrapExceptionToHiddenSensitiveData_MarkgetColumnFikaTest.java
[DEBUG-STREAM] Processing node: validate_constraints, has iteration_log: True, approved=False
[Validate] PASSED - hard constraints satisfied
[DEBUG-STREAM] Processing node: run, has iteration_log: True, approved=False
[Run] feedback_chars=609
[DEBUG-STREAM] Processing node: check_coverage, has iteration_log: True, approved=False
[Coverage] target 'org.snakeyaml.engine.v2.exceptions.Mark.getColumn()' covered=False
[DEBUG-STREAM] Processing node: decide, has iteration_log: True, approved=False
[Decide] approved=False (tests failed, will retry if iteration<5)
[DEBUG-STREAM] Processing node: generate, has iteration_log: True, approved=False
[Generate] produced 736 chars
/part/01/Tmp/gamageyo/fika/experiments/flink/flink-core
[DEBUG-STREAM] Processing node: write, has iteration_log: True, approved=False
[Write] wrote to /part/01/Tmp/gamageyo/fika/experiments/flink/flink-core/src/test/java/org/apache/flink/configuration/YamlParserUtilswrapExceptionToHiddenSensitiveData_MarkgetColumnFikaTest.java
[DEBUG-STREAM] Processing node: validate_constraints, has iteration_log: True, approved=False
[Validate] PASSED - hard constraints satisfied
[DEBUG-STREAM] Processing node: run, has iteration_log: True, approved=False
[Run] feedback_chars=12195
[DEBUG-STREAM] Processing node: check_coverage, has iteration_log: True, approved=False
[Coverage] target 'org.snakeyaml.engine.v2.exceptions.Mark.getColumn()' covered=True
[DEBUG-STREAM] Processing node: decide, has iteration_log: True, approved=True
[Decide] approved=True (tests passed AND target method covered)
[DEBUG-STREAM] Processing node: finalize, has iteration_log: True, approved=True
[Finalize] SUCCESS: Test passed and target method covered

[DEBUG] Stream completed. final_state is set
[DEBUG] final_state keys: ['repo_root', 'mvn_cmd', 'max_iterations', 'run_only_generated_test', 'entryPoint', 'thirdPartyMethod', 'directCaller', 'path', 'methodSources', 'constructors', 'setters', 'fieldDeclarations', 'imports', 'testTemplate', 'conditionCount', 'callCount', 'covered', 'test_package', 'test_class_name', 'iteration', 'java_source', 'last_run_output', 'last_exit_code', 'success', 'approved', 'test_rel_path', 'trace', 'target_method_covered', 'coverage_total_lines', 'coverage_error', 'path_coverage_details', 'iteration_log', 'last_prompt']
[DEBUG] approved (after bool()) = True
✓ Test approved at iteration 5
  JSON path: /part/01/Tmp/gamageyo/fika/experiments/flink/flink-core/third_party_apis_full_methods.json
  Looking for thirdPartyMethod: org.snakeyaml.engine.v2.exceptions.Mark.getColumn()
  Looking for directCaller: org.apache.flink.configuration.YamlParserUtils.wrapExceptionToHiddenSensitiveData(org.snakeyaml.engine.v2.exceptions.MarkedYamlEngineException)
[DEBUG]   ✓ MATCH FOUND at path 101
[DEBUG]   ✓ MATCH FOUND at path 109
[DEBUG]   ✓ MATCH FOUND at path 114
[DEBUG]   ✓ MATCH FOUND at path 115
✓ Updated 4 record(s) in JSON file as covered
  Third Party Method: org.snakeyaml.engine.v2.exceptions.Mark.getColumn()
  Direct Caller: org.apache.flink.configuration.YamlParserUtils.wrapExceptionToHiddenSensitiveData(org.snakeyaml.engine.v2.exceptions.MarkedYamlEngineException)

================================================================================
PROCESSING TEST CASE 103/223
================================================================================
Entry Point: org.apache.flink.configuration.YamlParserUtils.convertToObject(java.lang.String, java.lang.Class)
Third Party Method: org.snakeyaml.engine.v2.exceptions.YamlEngineException.<init>(java.lang.String, java.lang.Throwable)
================================================================================

[DEBUG-STREAM] Processing node: generate, has iteration_log: True, approved=False
[Generate] produced 2341 chars
/part/01/Tmp/gamageyo/fika/experiments/flink/flink-core
[DEBUG-STREAM] Processing node: write, has iteration_log: True, approved=False
[Write] wrote to /part/01/Tmp/gamageyo/fika/experiments/flink/flink-core/src/test/java/org/apache/flink/configuration/YamlParserUtilswrapExceptionToHiddenSensitiveData_YamlEngineExceptionmethodFikaTest.java
[DEBUG-STREAM] Processing node: validate_constraints, has iteration_log: True, approved=False
[Validate] PASSED - hard constraints satisfied
[DEBUG-STREAM] Processing node: run, has iteration_log: True, approved=False
[Run] feedback_chars=2124
[DEBUG-STREAM] Processing node: check_coverage, has iteration_log: True, approved=False
[Coverage] target 'org.snakeyaml.engine.v2.exceptions.YamlEngineException.<init>(java.lang.String, java.lang.Throwable)' covered=False
[DEBUG-STREAM] Processing node: decide, has iteration_log: True, approved=False
[Decide] approved=False (tests failed, will retry if iteration<5)
[DEBUG-STREAM] Processing node: generate, has iteration_log: True, approved=False
[Generate] produced 2391 chars
/part/01/Tmp/gamageyo/fika/experiments/flink/flink-core
[DEBUG-STREAM] Processing node: write, has iteration_log: True, approved=False
[Write] wrote to /part/01/Tmp/gamageyo/fika/experiments/flink/flink-core/src/test/java/org/apache/flink/configuration/YamlParserUtilswrapExceptionToHiddenSensitiveData_YamlEngineExceptionmethodFikaTest.java
[DEBUG-STREAM] Processing node: validate_constraints, has iteration_log: True, approved=False
[Validate] FAILED - hard constraints violated
[DEBUG-STREAM] Processing node: decide, has iteration_log: True, approved=False
[Decide] approved=False (hard constraint violation, will retry if iteration<5)
[DEBUG-STREAM] Processing node: generate, has iteration_log: True, approved=False
[Generate] produced 2092 chars
/part/01/Tmp/gamageyo/fika/experiments/flink/flink-core
[DEBUG-STREAM] Processing node: write, has iteration_log: True, approved=False
[Write] wrote to /part/01/Tmp/gamageyo/fika/experiments/flink/flink-core/src/test/java/org/apache/flink/configuration/YamlParserUtilswrapExceptionToHiddenSensitiveData_YamlEngineExceptionmethodFikaTest.java
[DEBUG-STREAM] Processing node: validate_constraints, has iteration_log: True, approved=False
[Validate] PASSED - hard constraints satisfied
[DEBUG-STREAM] Processing node: run, has iteration_log: True, approved=False
[Run] feedback_chars=599
[DEBUG-STREAM] Processing node: check_coverage, has iteration_log: True, approved=False
[Coverage] target 'org.snakeyaml.engine.v2.exceptions.YamlEngineException.<init>(java.lang.String, java.lang.Throwable)' covered=False
[DEBUG-STREAM] Processing node: decide, has iteration_log: True, approved=False
[Decide] approved=False (tests failed, will retry if iteration<5)
[DEBUG-STREAM] Processing node: generate, has iteration_log: True, approved=False
[Generate] produced 1493 chars
/part/01/Tmp/gamageyo/fika/experiments/flink/flink-core
[DEBUG-STREAM] Processing node: write, has iteration_log: True, approved=False
[Write] wrote to /part/01/Tmp/gamageyo/fika/experiments/flink/flink-core/src/test/java/org/apache/flink/configuration/YamlParserUtilswrapExceptionToHiddenSensitiveData_YamlEngineExceptionmethodFikaTest.java
[DEBUG-STREAM] Processing node: validate_constraints, has iteration_log: True, approved=False
[Validate] PASSED - hard constraints satisfied
[DEBUG-STREAM] Processing node: run, has iteration_log: True, approved=False
[Run] feedback_chars=621
[DEBUG-STREAM] Processing node: check_coverage, has iteration_log: True, approved=False
[Coverage] target 'org.snakeyaml.engine.v2.exceptions.YamlEngineException.<init>(java.lang.String, java.lang.Throwable)' covered=False
[DEBUG-STREAM] Processing node: decide, has iteration_log: True, approved=False
[Decide] approved=False (tests failed, will retry if iteration<5)
[DEBUG-STREAM] Processing node: generate, has iteration_log: True, approved=False
[Generate] produced 1437 chars
/part/01/Tmp/gamageyo/fika/experiments/flink/flink-core
[DEBUG-STREAM] Processing node: write, has iteration_log: True, approved=False
[Write] wrote to /part/01/Tmp/gamageyo/fika/experiments/flink/flink-core/src/test/java/org/apache/flink/configuration/YamlParserUtilswrapExceptionToHiddenSensitiveData_YamlEngineExceptionmethodFikaTest.java
[DEBUG-STREAM] Processing node: validate_constraints, has iteration_log: True, approved=False
[Validate] PASSED - hard constraints satisfied
[DEBUG-STREAM] Processing node: run, has iteration_log: True, approved=False
[Run] feedback_chars=618
[DEBUG-STREAM] Processing node: check_coverage, has iteration_log: True, approved=False
[Coverage] target 'org.snakeyaml.engine.v2.exceptions.YamlEngineException.<init>(java.lang.String, java.lang.Throwable)' covered=False
[DEBUG-STREAM] Processing node: decide, has iteration_log: True, approved=False
[Decide] approved=False (tests failed, will retry if iteration<5)
[DEBUG-STREAM] Processing node: finalize, has iteration_log: True, approved=False
[Finalize] Cleaned up unsuccessful test file: /part/01/Tmp/gamageyo/fika/experiments/flink/flink-core/src/test/java/org/apache/flink/configuration/YamlParserUtilswrapExceptionToHiddenSensitiveData_YamlEngineExceptionmethodFikaTest.java

[DEBUG] Stream completed. final_state is set
[DEBUG] final_state keys: ['repo_root', 'mvn_cmd', 'max_iterations', 'run_only_generated_test', 'entryPoint', 'thirdPartyMethod', 'directCaller', 'path', 'methodSources', 'constructors', 'setters', 'fieldDeclarations', 'imports', 'testTemplate', 'conditionCount', 'callCount', 'covered', 'test_package', 'test_class_name', 'iteration', 'java_source', 'last_run_output', 'last_exit_code', 'success', 'approved', 'test_rel_path', 'trace', 'target_method_covered', 'coverage_total_lines', 'coverage_error', 'path_coverage_details', 'iteration_log', 'last_prompt']
[DEBUG] approved (after bool()) = False

=== FAILURE REASON ===
Tests failed to compile or run successfully


================================================================================
PROCESSING TEST CASE 104/223
================================================================================
Entry Point: org.apache.flink.util.CompressionUtils.extractTarFile(java.lang.String, java.lang.String)
Third Party Method: org.apache.commons.compress.compressors.gzip.GzipCompressorInputStream.<init>(java.io.InputStream)
================================================================================

[DEBUG-STREAM] Processing node: generate, has iteration_log: True, approved=False
[Generate] produced 971 chars
/part/01/Tmp/gamageyo/fika/experiments/flink/flink-core
[DEBUG-STREAM] Processing node: write, has iteration_log: True, approved=False
[Write] wrote to /part/01/Tmp/gamageyo/fika/experiments/flink/flink-core/src/test/java/org/apache/flink/util/CompressionUtilsextractTarFileUsingJava_GzipCompressorInputStreammethodFikaTest.java
[DEBUG-STREAM] Processing node: validate_constraints, has iteration_log: True, approved=False
[Validate] PASSED - hard constraints satisfied
[DEBUG-STREAM] Processing node: run, has iteration_log: True, approved=False
[Run] feedback_chars=2034
[DEBUG-STREAM] Processing node: check_coverage, has iteration_log: True, approved=False
[Coverage] target 'org.apache.commons.compress.compressors.gzip.GzipCompressorInputStream.<init>(java.io.InputStream)' covered=False
[DEBUG-STREAM] Processing node: decide, has iteration_log: True, approved=False
[Decide] approved=False (tests failed, will retry if iteration<5)
[DEBUG-STREAM] Processing node: generate, has iteration_log: True, approved=False
[Generate] produced 1929 chars
/part/01/Tmp/gamageyo/fika/experiments/flink/flink-core
[DEBUG-STREAM] Processing node: write, has iteration_log: True, approved=False
[Write] wrote to /part/01/Tmp/gamageyo/fika/experiments/flink/flink-core/src/test/java/org/apache/flink/util/CompressionUtilsextractTarFileUsingJava_GzipCompressorInputStreammethodFikaTest.java
[DEBUG-STREAM] Processing node: validate_constraints, has iteration_log: True, approved=False
[Validate] PASSED - hard constraints satisfied
[DEBUG-STREAM] Processing node: run, has iteration_log: True, approved=False
[Run] feedback_chars=1879
[DEBUG-STREAM] Processing node: check_coverage, has iteration_log: True, approved=False
[Coverage] target 'org.apache.commons.compress.compressors.gzip.GzipCompressorInputStream.<init>(java.io.InputStream)' covered=False
[DEBUG-STREAM] Processing node: decide, has iteration_log: True, approved=False
[Decide] approved=False (tests failed, will retry if iteration<5)
[DEBUG-STREAM] Processing node: generate, has iteration_log: True, approved=False
[Generate] produced 1610 chars
/part/01/Tmp/gamageyo/fika/experiments/flink/flink-core
[DEBUG-STREAM] Processing node: write, has iteration_log: True, approved=False
[Write] wrote to /part/01/Tmp/gamageyo/fika/experiments/flink/flink-core/src/test/java/org/apache/flink/util/CompressionUtilsextractTarFileUsingJava_GzipCompressorInputStreammethodFikaTest.java
[DEBUG-STREAM] Processing node: validate_constraints, has iteration_log: True, approved=False
[Validate] PASSED - hard constraints satisfied
[DEBUG-STREAM] Processing node: run, has iteration_log: True, approved=False
[Run] feedback_chars=1879
[DEBUG-STREAM] Processing node: check_coverage, has iteration_log: True, approved=False
[Coverage] target 'org.apache.commons.compress.compressors.gzip.GzipCompressorInputStream.<init>(java.io.InputStream)' covered=False
[DEBUG-STREAM] Processing node: decide, has iteration_log: True, approved=False
[Decide] approved=False (tests failed, will retry if iteration<5)
[DEBUG-STREAM] Processing node: generate, has iteration_log: True, approved=False
[Generate] produced 1578 chars
/part/01/Tmp/gamageyo/fika/experiments/flink/flink-core
[DEBUG-STREAM] Processing node: write, has iteration_log: True, approved=False
[Write] wrote to /part/01/Tmp/gamageyo/fika/experiments/flink/flink-core/src/test/java/org/apache/flink/util/CompressionUtilsextractTarFileUsingJava_GzipCompressorInputStreammethodFikaTest.java
[DEBUG-STREAM] Processing node: validate_constraints, has iteration_log: True, approved=False
[Validate] PASSED - hard constraints satisfied
[DEBUG-STREAM] Processing node: run, has iteration_log: True, approved=False
[Run] feedback_chars=1867
[DEBUG-STREAM] Processing node: check_coverage, has iteration_log: True, approved=False
[Coverage] target 'org.apache.commons.compress.compressors.gzip.GzipCompressorInputStream.<init>(java.io.InputStream)' covered=False
[DEBUG-STREAM] Processing node: decide, has iteration_log: True, approved=False
[Decide] approved=False (tests failed, will retry if iteration<5)
[DEBUG-STREAM] Processing node: generate, has iteration_log: True, approved=False
[Generate] produced 1835 chars
/part/01/Tmp/gamageyo/fika/experiments/flink/flink-core
[DEBUG-STREAM] Processing node: write, has iteration_log: True, approved=False
[Write] wrote to /part/01/Tmp/gamageyo/fika/experiments/flink/flink-core/src/test/java/org/apache/flink/util/CompressionUtilsextractTarFileUsingJava_GzipCompressorInputStreammethodFikaTest.java
[DEBUG-STREAM] Processing node: validate_constraints, has iteration_log: True, approved=False
[Validate] PASSED - hard constraints satisfied
[DEBUG-STREAM] Processing node: run, has iteration_log: True, approved=False
[Run] feedback_chars=1867
[DEBUG-STREAM] Processing node: check_coverage, has iteration_log: True, approved=False
[Coverage] target 'org.apache.commons.compress.compressors.gzip.GzipCompressorInputStream.<init>(java.io.InputStream)' covered=False
[DEBUG-STREAM] Processing node: decide, has iteration_log: True, approved=False
[Decide] approved=False (tests failed, will retry if iteration<5)
[DEBUG-STREAM] Processing node: finalize, has iteration_log: True, approved=False
[Finalize] Cleaned up unsuccessful test file: /part/01/Tmp/gamageyo/fika/experiments/flink/flink-core/src/test/java/org/apache/flink/util/CompressionUtilsextractTarFileUsingJava_GzipCompressorInputStreammethodFikaTest.java

[DEBUG] Stream completed. final_state is set
[DEBUG] final_state keys: ['repo_root', 'mvn_cmd', 'max_iterations', 'run_only_generated_test', 'entryPoint', 'thirdPartyMethod', 'directCaller', 'path', 'methodSources', 'constructors', 'setters', 'fieldDeclarations', 'imports', 'testTemplate', 'conditionCount', 'callCount', 'covered', 'test_package', 'test_class_name', 'iteration', 'java_source', 'last_run_output', 'last_exit_code', 'success', 'approved', 'test_rel_path', 'trace', 'target_method_covered', 'coverage_total_lines', 'coverage_error', 'path_coverage_details', 'iteration_log', 'last_prompt']
[DEBUG] approved (after bool()) = False

=== FAILURE REASON ===
Tests failed to compile or run successfully


================================================================================
PROCESSING TEST CASE 105/223
================================================================================
Entry Point: org.apache.flink.configuration.YamlParserUtils.convertToObject(java.lang.String, java.lang.Class)
Third Party Method: org.snakeyaml.engine.v2.exceptions.Mark.getLine()
================================================================================

[DEBUG-STREAM] Processing node: generate, has iteration_log: True, approved=False
[Generate] produced 2037 chars
/part/01/Tmp/gamageyo/fika/experiments/flink/flink-core
[DEBUG-STREAM] Processing node: write, has iteration_log: True, approved=False
[Write] wrote to /part/01/Tmp/gamageyo/fika/experiments/flink/flink-core/src/test/java/org/apache/flink/configuration/YamlParserUtilswrapExceptionToHiddenSensitiveData_MarkgetLineFikaTest.java
[DEBUG-STREAM] Processing node: validate_constraints, has iteration_log: True, approved=False
[Validate] PASSED - hard constraints satisfied
[DEBUG-STREAM] Processing node: run, has iteration_log: True, approved=False
[Run] feedback_chars=607
[DEBUG-STREAM] Processing node: check_coverage, has iteration_log: True, approved=False
[Coverage] target 'org.snakeyaml.engine.v2.exceptions.Mark.getLine()' covered=False
[DEBUG-STREAM] Processing node: decide, has iteration_log: True, approved=False
[Decide] approved=False (tests failed, will retry if iteration<5)
[DEBUG-STREAM] Processing node: generate, has iteration_log: True, approved=False
[Generate] produced 1303 chars
/part/01/Tmp/gamageyo/fika/experiments/flink/flink-core
[DEBUG-STREAM] Processing node: write, has iteration_log: True, approved=False
[Write] wrote to /part/01/Tmp/gamageyo/fika/experiments/flink/flink-core/src/test/java/org/apache/flink/configuration/YamlParserUtilswrapExceptionToHiddenSensitiveData_MarkgetLineFikaTest.java
[DEBUG-STREAM] Processing node: validate_constraints, has iteration_log: True, approved=False
[Validate] PASSED - hard constraints satisfied
[DEBUG-STREAM] Processing node: run, has iteration_log: True, approved=False
[Run] feedback_chars=12195
[DEBUG-STREAM] Processing node: check_coverage, has iteration_log: True, approved=False
[Coverage] target 'org.snakeyaml.engine.v2.exceptions.Mark.getLine()' covered=True
[DEBUG-STREAM] Processing node: decide, has iteration_log: True, approved=True
[Decide] approved=True (tests passed AND target method covered)
[DEBUG-STREAM] Processing node: finalize, has iteration_log: True, approved=True
[Finalize] SUCCESS: Test passed and target method covered

[DEBUG] Stream completed. final_state is set
[DEBUG] final_state keys: ['repo_root', 'mvn_cmd', 'max_iterations', 'run_only_generated_test', 'entryPoint', 'thirdPartyMethod', 'directCaller', 'path', 'methodSources', 'constructors', 'setters', 'fieldDeclarations', 'imports', 'testTemplate', 'conditionCount', 'callCount', 'covered', 'test_package', 'test_class_name', 'iteration', 'java_source', 'last_run_output', 'last_exit_code', 'success', 'approved', 'test_rel_path', 'trace', 'target_method_covered', 'coverage_total_lines', 'coverage_error', 'path_coverage_details', 'iteration_log', 'last_prompt']
[DEBUG] approved (after bool()) = True
✓ Test approved at iteration 2
  JSON path: /part/01/Tmp/gamageyo/fika/experiments/flink/flink-core/third_party_apis_full_methods.json
  Looking for thirdPartyMethod: org.snakeyaml.engine.v2.exceptions.Mark.getLine()
  Looking for directCaller: org.apache.flink.configuration.YamlParserUtils.wrapExceptionToHiddenSensitiveData(org.snakeyaml.engine.v2.exceptions.MarkedYamlEngineException)
[DEBUG]   ✓ MATCH FOUND at path 104
[DEBUG]   ✓ MATCH FOUND at path 111
[DEBUG]   ✓ MATCH FOUND at path 118
[DEBUG]   ✓ MATCH FOUND at path 119
✓ Updated 4 record(s) in JSON file as covered
  Third Party Method: org.snakeyaml.engine.v2.exceptions.Mark.getLine()
  Direct Caller: org.apache.flink.configuration.YamlParserUtils.wrapExceptionToHiddenSensitiveData(org.snakeyaml.engine.v2.exceptions.MarkedYamlEngineException)

================================================================================
PROCESSING TEST CASE 106/223
================================================================================
Entry Point: org.apache.flink.util.CompressionUtils.extractTarFile(java.lang.String, java.lang.String)
Third Party Method: org.apache.commons.compress.archivers.tar.TarArchiveInputStream.<init>(java.io.InputStream)
================================================================================

[DEBUG-STREAM] Processing node: generate, has iteration_log: True, approved=False
[Generate] produced 987 chars
/part/01/Tmp/gamageyo/fika/experiments/flink/flink-core
[DEBUG-STREAM] Processing node: write, has iteration_log: True, approved=False
[Write] wrote to /part/01/Tmp/gamageyo/fika/experiments/flink/flink-core/src/test/java/org/apache/flink/util/CompressionUtilsextractTarFileUsingJava_TarArchiveInputStreammethodFikaTest.java
[DEBUG-STREAM] Processing node: validate_constraints, has iteration_log: True, approved=False
[Validate] PASSED - hard constraints satisfied
[DEBUG-STREAM] Processing node: run, has iteration_log: True, approved=False
[Run] feedback_chars=2014
[DEBUG-STREAM] Processing node: check_coverage, has iteration_log: True, approved=False
[Coverage] target 'org.apache.commons.compress.archivers.tar.TarArchiveInputStream.<init>(java.io.InputStream)' covered=False
[DEBUG-STREAM] Processing node: decide, has iteration_log: True, approved=False
[Decide] approved=False (tests failed, will retry if iteration<5)
[DEBUG-STREAM] Processing node: generate, has iteration_log: True, approved=False
[Generate] produced 6527 chars
/part/01/Tmp/gamageyo/fika/experiments/flink/flink-core
[DEBUG-STREAM] Processing node: write, has iteration_log: True, approved=False
[Write] wrote to /part/01/Tmp/gamageyo/fika/experiments/flink/flink-core/src/test/java/org/apache/flink/util/CompressionUtilsextractTarFileUsingJava_TarArchiveInputStreammethodFikaTest.java
[DEBUG-STREAM] Processing node: validate_constraints, has iteration_log: True, approved=False
[Validate] PASSED - hard constraints satisfied
[DEBUG-STREAM] Processing node: run, has iteration_log: True, approved=False
[Run] feedback_chars=1348
[DEBUG-STREAM] Processing node: check_coverage, has iteration_log: True, approved=False
[Coverage] target 'org.apache.commons.compress.archivers.tar.TarArchiveInputStream.<init>(java.io.InputStream)' covered=False
[DEBUG-STREAM] Processing node: decide, has iteration_log: True, approved=False
[Decide] approved=False (tests failed, will retry if iteration<5)
[DEBUG-STREAM] Processing node: generate, has iteration_log: True, approved=False
[Generate] produced 947 chars
/part/01/Tmp/gamageyo/fika/experiments/flink/flink-core
[DEBUG-STREAM] Processing node: write, has iteration_log: True, approved=False
[Write] wrote to /part/01/Tmp/gamageyo/fika/experiments/flink/flink-core/src/test/java/org/apache/flink/util/CompressionUtilsextractTarFileUsingJava_TarArchiveInputStreammethodFikaTest.java
[DEBUG-STREAM] Processing node: validate_constraints, has iteration_log: True, approved=False
[Validate] PASSED - hard constraints satisfied
[DEBUG-STREAM] Processing node: run, has iteration_log: True, approved=False
[Run] feedback_chars=1856
[DEBUG-STREAM] Processing node: check_coverage, has iteration_log: True, approved=False
[Coverage] target 'org.apache.commons.compress.archivers.tar.TarArchiveInputStream.<init>(java.io.InputStream)' covered=False
[DEBUG-STREAM] Processing node: decide, has iteration_log: True, approved=False
[Decide] approved=False (tests failed, will retry if iteration<5)
[DEBUG-STREAM] Processing node: generate, has iteration_log: True, approved=False
[Generate] produced 6605 chars
/part/01/Tmp/gamageyo/fika/experiments/flink/flink-core
[DEBUG-STREAM] Processing node: write, has iteration_log: True, approved=False
[Write] wrote to /part/01/Tmp/gamageyo/fika/experiments/flink/flink-core/src/test/java/org/apache/flink/util/CompressionUtilsextractTarFileUsingJava_TarArchiveInputStreammethodFikaTest.java
[DEBUG-STREAM] Processing node: validate_constraints, has iteration_log: True, approved=False
[Validate] PASSED - hard constraints satisfied
[DEBUG-STREAM] Processing node: run, has iteration_log: True, approved=False
[Run] feedback_chars=1603
[DEBUG-STREAM] Processing node: check_coverage, has iteration_log: True, approved=False
[Coverage] target 'org.apache.commons.compress.archivers.tar.TarArchiveInputStream.<init>(java.io.InputStream)' covered=False
[DEBUG-STREAM] Processing node: decide, has iteration_log: True, approved=False
[Decide] approved=False (tests failed, will retry if iteration<5)
[DEBUG-STREAM] Processing node: generate, has iteration_log: True, approved=False
[Generate] produced 927 chars
/part/01/Tmp/gamageyo/fika/experiments/flink/flink-core
[DEBUG-STREAM] Processing node: write, has iteration_log: True, approved=False
[Write] wrote to /part/01/Tmp/gamageyo/fika/experiments/flink/flink-core/src/test/java/org/apache/flink/util/CompressionUtilsextractTarFileUsingJava_TarArchiveInputStreammethodFikaTest.java
[DEBUG-STREAM] Processing node: validate_constraints, has iteration_log: True, approved=False
[Validate] PASSED - hard constraints satisfied
[DEBUG-STREAM] Processing node: run, has iteration_log: True, approved=False
[Run] feedback_chars=520
[DEBUG-STREAM] Processing node: check_coverage, has iteration_log: True, approved=False
[Coverage] target 'org.apache.commons.compress.archivers.tar.TarArchiveInputStream.<init>(java.io.InputStream)' covered=False
[DEBUG-STREAM] Processing node: decide, has iteration_log: True, approved=False
[Decide] approved=False (tests failed, will retry if iteration<5)
[DEBUG-STREAM] Processing node: finalize, has iteration_log: True, approved=False
[Finalize] Cleaned up unsuccessful test file: /part/01/Tmp/gamageyo/fika/experiments/flink/flink-core/src/test/java/org/apache/flink/util/CompressionUtilsextractTarFileUsingJava_TarArchiveInputStreammethodFikaTest.java

[DEBUG] Stream completed. final_state is set
[DEBUG] final_state keys: ['repo_root', 'mvn_cmd', 'max_iterations', 'run_only_generated_test', 'entryPoint', 'thirdPartyMethod', 'directCaller', 'path', 'methodSources', 'constructors', 'setters', 'fieldDeclarations', 'imports', 'testTemplate', 'conditionCount', 'callCount', 'covered', 'test_package', 'test_class_name', 'iteration', 'java_source', 'last_run_output', 'last_exit_code', 'success', 'approved', 'test_rel_path', 'trace', 'target_method_covered', 'coverage_total_lines', 'coverage_error', 'path_coverage_details', 'iteration_log', 'last_prompt']
[DEBUG] approved (after bool()) = False

=== FAILURE REASON ===
Tests failed to compile or run successfully


================================================================================
PROCESSING TEST CASE 107/223
================================================================================
Entry Point: org.apache.flink.api.java.typeutils.runtime.kryo.KryoSerializer.createInstance()
Third Party Method: com.esotericsoftware.kryo.Kryo.setClassLoader(java.lang.ClassLoader)
================================================================================

⊙ Skipping test case 107: Already marked as covered in JSON file
  (Third Party Method: com.esotericsoftware.kryo.Kryo.setClassLoader(java.lang.ClassLoader))
  (Direct Caller: org.apache.flink.api.java.typeutils.runtime.kryo.KryoSerializer.checkKryoInitialized())

================================================================================
PROCESSING TEST CASE 108/223
================================================================================
Entry Point: org.apache.flink.util.CompressionUtils.extractTarFile(java.lang.String, java.lang.String)
Third Party Method: org.apache.commons.compress.archivers.tar.TarArchiveInputStream.close()
================================================================================

[DEBUG-STREAM] Processing node: generate, has iteration_log: True, approved=False
[Generate] produced 980 chars
/part/01/Tmp/gamageyo/fika/experiments/flink/flink-core
[DEBUG-STREAM] Processing node: write, has iteration_log: True, approved=False
[Write] wrote to /part/01/Tmp/gamageyo/fika/experiments/flink/flink-core/src/test/java/org/apache/flink/util/CompressionUtilsextractTarFileUsingJava_TarArchiveInputStreamcloseFikaTest.java
[DEBUG-STREAM] Processing node: validate_constraints, has iteration_log: True, approved=False
[Validate] PASSED - hard constraints satisfied
[DEBUG-STREAM] Processing node: run, has iteration_log: True, approved=False
[Run] feedback_chars=1985
[DEBUG-STREAM] Processing node: check_coverage, has iteration_log: True, approved=False
[Coverage] target 'org.apache.commons.compress.archivers.tar.TarArchiveInputStream.close()' covered=False
[DEBUG-STREAM] Processing node: decide, has iteration_log: True, approved=False
[Decide] approved=False (tests failed, will retry if iteration<5)
[DEBUG-STREAM] Processing node: generate, has iteration_log: True, approved=False
[Generate] produced 1314 chars
/part/01/Tmp/gamageyo/fika/experiments/flink/flink-core
[DEBUG-STREAM] Processing node: write, has iteration_log: True, approved=False
[Write] wrote to /part/01/Tmp/gamageyo/fika/experiments/flink/flink-core/src/test/java/org/apache/flink/util/CompressionUtilsextractTarFileUsingJava_TarArchiveInputStreamcloseFikaTest.java
[DEBUG-STREAM] Processing node: validate_constraints, has iteration_log: True, approved=False
[Validate] PASSED - hard constraints satisfied
[DEBUG-STREAM] Processing node: run, has iteration_log: True, approved=False
[Run] feedback_chars=1888
[DEBUG-STREAM] Processing node: check_coverage, has iteration_log: True, approved=False
[Coverage] target 'org.apache.commons.compress.archivers.tar.TarArchiveInputStream.close()' covered=False
[DEBUG-STREAM] Processing node: decide, has iteration_log: True, approved=False
[Decide] approved=False (tests failed, will retry if iteration<5)
[DEBUG-STREAM] Processing node: generate, has iteration_log: True, approved=False
[Generate] produced 1331 chars
/part/01/Tmp/gamageyo/fika/experiments/flink/flink-core
[DEBUG-STREAM] Processing node: write, has iteration_log: True, approved=False
[Write] wrote to /part/01/Tmp/gamageyo/fika/experiments/flink/flink-core/src/test/java/org/apache/flink/util/CompressionUtilsextractTarFileUsingJava_TarArchiveInputStreamcloseFikaTest.java
[DEBUG-STREAM] Processing node: validate_constraints, has iteration_log: True, approved=False
[Validate] PASSED - hard constraints satisfied
[DEBUG-STREAM] Processing node: run, has iteration_log: True, approved=False
[Run] feedback_chars=1888
[DEBUG-STREAM] Processing node: check_coverage, has iteration_log: True, approved=False
[Coverage] target 'org.apache.commons.compress.archivers.tar.TarArchiveInputStream.close()' covered=False
[DEBUG-STREAM] Processing node: decide, has iteration_log: True, approved=False
[Decide] approved=False (tests failed, will retry if iteration<5)
[DEBUG-STREAM] Processing node: generate, has iteration_log: True, approved=False
[Generate] produced 1404 chars
/part/01/Tmp/gamageyo/fika/experiments/flink/flink-core
[DEBUG-STREAM] Processing node: write, has iteration_log: True, approved=False
[Write] wrote to /part/01/Tmp/gamageyo/fika/experiments/flink/flink-core/src/test/java/org/apache/flink/util/CompressionUtilsextractTarFileUsingJava_TarArchiveInputStreamcloseFikaTest.java
[DEBUG-STREAM] Processing node: validate_constraints, has iteration_log: True, approved=False
[Validate] PASSED - hard constraints satisfied
[DEBUG-STREAM] Processing node: run, has iteration_log: True, approved=False
[Run] feedback_chars=1876
[DEBUG-STREAM] Processing node: check_coverage, has iteration_log: True, approved=False
[Coverage] target 'org.apache.commons.compress.archivers.tar.TarArchiveInputStream.close()' covered=False
[DEBUG-STREAM] Processing node: decide, has iteration_log: True, approved=False
[Decide] approved=False (tests failed, will retry if iteration<5)
[DEBUG-STREAM] Processing node: generate, has iteration_log: True, approved=False
[Generate] produced 1498 chars
/part/01/Tmp/gamageyo/fika/experiments/flink/flink-core
[DEBUG-STREAM] Processing node: write, has iteration_log: True, approved=False
[Write] wrote to /part/01/Tmp/gamageyo/fika/experiments/flink/flink-core/src/test/java/org/apache/flink/util/CompressionUtilsextractTarFileUsingJava_TarArchiveInputStreamcloseFikaTest.java
[DEBUG-STREAM] Processing node: validate_constraints, has iteration_log: True, approved=False
[Validate] PASSED - hard constraints satisfied
[DEBUG-STREAM] Processing node: run, has iteration_log: True, approved=False
[Run] feedback_chars=1841
[DEBUG-STREAM] Processing node: check_coverage, has iteration_log: True, approved=False
[Coverage] target 'org.apache.commons.compress.archivers.tar.TarArchiveInputStream.close()' covered=False
[DEBUG-STREAM] Processing node: decide, has iteration_log: True, approved=False
[Decide] approved=False (tests failed, will retry if iteration<5)
[DEBUG-STREAM] Processing node: finalize, has iteration_log: True, approved=False
[Finalize] Cleaned up unsuccessful test file: /part/01/Tmp/gamageyo/fika/experiments/flink/flink-core/src/test/java/org/apache/flink/util/CompressionUtilsextractTarFileUsingJava_TarArchiveInputStreamcloseFikaTest.java

[DEBUG] Stream completed. final_state is set
[DEBUG] final_state keys: ['repo_root', 'mvn_cmd', 'max_iterations', 'run_only_generated_test', 'entryPoint', 'thirdPartyMethod', 'directCaller', 'path', 'methodSources', 'constructors', 'setters', 'fieldDeclarations', 'imports', 'testTemplate', 'conditionCount', 'callCount', 'covered', 'test_package', 'test_class_name', 'iteration', 'java_source', 'last_run_output', 'last_exit_code', 'success', 'approved', 'test_rel_path', 'trace', 'target_method_covered', 'coverage_total_lines', 'coverage_error', 'path_coverage_details', 'iteration_log', 'last_prompt']
[DEBUG] approved (after bool()) = False

=== FAILURE REASON ===
Tests failed to compile or run successfully


================================================================================
PROCESSING TEST CASE 109/223
================================================================================
Entry Point: org.apache.flink.configuration.YamlParserUtils.toYAMLString(java.lang.Object)
Third Party Method: org.snakeyaml.engine.v2.exceptions.YamlEngineException.setStackTrace(java.lang.StackTraceElement[])
================================================================================

⊙ Skipping test case 109: Already marked as covered in JSON file
  (Third Party Method: org.snakeyaml.engine.v2.exceptions.YamlEngineException.setStackTrace(java.lang.StackTraceElement[]))
  (Direct Caller: org.apache.flink.configuration.YamlParserUtils.wrapExceptionToHiddenSensitiveData(org.snakeyaml.engine.v2.exceptions.MarkedYamlEngineException))

================================================================================
PROCESSING TEST CASE 110/223
================================================================================
Entry Point: org.apache.flink.configuration.YamlParserUtils.toYAMLString(java.lang.Object)
Third Party Method: org.snakeyaml.engine.v2.exceptions.Mark.getColumn()
================================================================================

⊙ Skipping test case 110: Already marked as covered in JSON file
  (Third Party Method: org.snakeyaml.engine.v2.exceptions.Mark.getColumn())
  (Direct Caller: org.apache.flink.configuration.YamlParserUtils.wrapExceptionToHiddenSensitiveData(org.snakeyaml.engine.v2.exceptions.MarkedYamlEngineException))

================================================================================
PROCESSING TEST CASE 111/223
================================================================================
Entry Point: org.apache.flink.configuration.YamlParserUtils.toYAMLString(java.lang.Object)
Third Party Method: org.snakeyaml.engine.v2.exceptions.YamlEngineException.<init>(java.lang.String, java.lang.Throwable)
================================================================================

[DEBUG-STREAM] Processing node: generate, has iteration_log: True, approved=False
[Generate] produced 3502 chars
/part/01/Tmp/gamageyo/fika/experiments/flink/flink-core
[DEBUG-STREAM] Processing node: write, has iteration_log: True, approved=False
[Write] wrote to /part/01/Tmp/gamageyo/fika/experiments/flink/flink-core/src/test/java/org/apache/flink/configuration/YamlParserUtilswrapExceptionToHiddenSensitiveData_YamlEngineExceptionmethodFikaTest2.java
[DEBUG-STREAM] Processing node: validate_constraints, has iteration_log: True, approved=False
[Validate] FAILED - hard constraints violated
[DEBUG-STREAM] Processing node: decide, has iteration_log: True, approved=False
[Decide] approved=False (hard constraint violation, will retry if iteration<5)
[DEBUG-STREAM] Processing node: generate, has iteration_log: True, approved=False
[Generate] produced 3577 chars
/part/01/Tmp/gamageyo/fika/experiments/flink/flink-core
[DEBUG-STREAM] Processing node: write, has iteration_log: True, approved=False
[Write] wrote to /part/01/Tmp/gamageyo/fika/experiments/flink/flink-core/src/test/java/org/apache/flink/configuration/YamlParserUtilswrapExceptionToHiddenSensitiveData_YamlEngineExceptionmethodFikaTest2.java
[DEBUG-STREAM] Processing node: validate_constraints, has iteration_log: True, approved=False
[Validate] FAILED - hard constraints violated
[DEBUG-STREAM] Processing node: decide, has iteration_log: True, approved=False
[Decide] approved=False (hard constraint violation, will retry if iteration<5)
[DEBUG-STREAM] Processing node: generate, has iteration_log: True, approved=False
[Generate] produced 3237 chars
/part/01/Tmp/gamageyo/fika/experiments/flink/flink-core
[DEBUG-STREAM] Processing node: write, has iteration_log: True, approved=False
[Write] wrote to /part/01/Tmp/gamageyo/fika/experiments/flink/flink-core/src/test/java/org/apache/flink/configuration/YamlParserUtilswrapExceptionToHiddenSensitiveData_YamlEngineExceptionmethodFikaTest2.java
[DEBUG-STREAM] Processing node: validate_constraints, has iteration_log: True, approved=False
[Validate] FAILED - hard constraints violated
[DEBUG-STREAM] Processing node: decide, has iteration_log: True, approved=False
[Decide] approved=False (hard constraint violation, will retry if iteration<5)
[DEBUG-STREAM] Processing node: generate, has iteration_log: True, approved=False
[Generate] produced 3244 chars
/part/01/Tmp/gamageyo/fika/experiments/flink/flink-core
[DEBUG-STREAM] Processing node: write, has iteration_log: True, approved=False
[Write] wrote to /part/01/Tmp/gamageyo/fika/experiments/flink/flink-core/src/test/java/org/apache/flink/configuration/YamlParserUtilswrapExceptionToHiddenSensitiveData_YamlEngineExceptionmethodFikaTest2.java
[DEBUG-STREAM] Processing node: validate_constraints, has iteration_log: True, approved=False
[Validate] FAILED - hard constraints violated
[DEBUG-STREAM] Processing node: decide, has iteration_log: True, approved=False
[Decide] approved=False (hard constraint violation, will retry if iteration<5)
[DEBUG-STREAM] Processing node: generate, has iteration_log: True, approved=False
[Generate] produced 3495 chars
/part/01/Tmp/gamageyo/fika/experiments/flink/flink-core
[DEBUG-STREAM] Processing node: write, has iteration_log: True, approved=False
[Write] wrote to /part/01/Tmp/gamageyo/fika/experiments/flink/flink-core/src/test/java/org/apache/flink/configuration/YamlParserUtilswrapExceptionToHiddenSensitiveData_YamlEngineExceptionmethodFikaTest2.java
[DEBUG-STREAM] Processing node: validate_constraints, has iteration_log: True, approved=False
[Validate] FAILED - hard constraints violated
[DEBUG-STREAM] Processing node: decide, has iteration_log: True, approved=False
[Decide] approved=False (hard constraint violation, will retry if iteration<5)
[DEBUG-STREAM] Processing node: finalize, has iteration_log: True, approved=False
[Finalize] Cleaned up unsuccessful test file: /part/01/Tmp/gamageyo/fika/experiments/flink/flink-core/src/test/java/org/apache/flink/configuration/YamlParserUtilswrapExceptionToHiddenSensitiveData_YamlEngineExceptionmethodFikaTest2.java

[DEBUG] Stream completed. final_state is set
[DEBUG] final_state keys: ['repo_root', 'mvn_cmd', 'max_iterations', 'run_only_generated_test', 'entryPoint', 'thirdPartyMethod', 'directCaller', 'path', 'methodSources', 'constructors', 'setters', 'fieldDeclarations', 'imports', 'testTemplate', 'conditionCount', 'callCount', 'covered', 'test_package', 'test_class_name', 'iteration', 'java_source', 'last_run_output', 'last_exit_code', 'success', 'approved', 'test_rel_path', 'trace', 'target_method_covered', 'coverage_total_lines', 'coverage_error', 'path_coverage_details', 'iteration_log', 'last_prompt']
[DEBUG] approved (after bool()) = False

=== FAILURE REASON ===
Tests failed to compile or run successfully


================================================================================
PROCESSING TEST CASE 112/223
================================================================================
Entry Point: org.apache.flink.configuration.YamlParserUtils.toYAMLString(java.lang.Object)
Third Party Method: org.snakeyaml.engine.v2.exceptions.Mark.getLine()
================================================================================

⊙ Skipping test case 112: Already marked as covered in JSON file
  (Third Party Method: org.snakeyaml.engine.v2.exceptions.Mark.getLine())
  (Direct Caller: org.apache.flink.configuration.YamlParserUtils.wrapExceptionToHiddenSensitiveData(org.snakeyaml.engine.v2.exceptions.MarkedYamlEngineException))

================================================================================
PROCESSING TEST CASE 113/223
================================================================================
Entry Point: org.apache.flink.configuration.YamlParserUtils.convertAndDumpYamlFromFlatMap(java.util.Map)
Third Party Method: org.snakeyaml.engine.v2.exceptions.YamlEngineException.setStackTrace(java.lang.StackTraceElement[])
================================================================================

⊙ Skipping test case 113: Already marked as covered in JSON file
  (Third Party Method: org.snakeyaml.engine.v2.exceptions.YamlEngineException.setStackTrace(java.lang.StackTraceElement[]))
  (Direct Caller: org.apache.flink.configuration.YamlParserUtils.wrapExceptionToHiddenSensitiveData(org.snakeyaml.engine.v2.exceptions.MarkedYamlEngineException))

================================================================================
PROCESSING TEST CASE 114/223
================================================================================
Entry Point: org.apache.flink.configuration.YamlParserUtils.loadYamlFile(java.io.File)
Third Party Method: org.snakeyaml.engine.v2.exceptions.YamlEngineException.setStackTrace(java.lang.StackTraceElement[])
================================================================================

⊙ Skipping test case 114: Already marked as covered in JSON file
  (Third Party Method: org.snakeyaml.engine.v2.exceptions.YamlEngineException.setStackTrace(java.lang.StackTraceElement[]))
  (Direct Caller: org.apache.flink.configuration.YamlParserUtils.wrapExceptionToHiddenSensitiveData(org.snakeyaml.engine.v2.exceptions.MarkedYamlEngineException))

================================================================================
PROCESSING TEST CASE 115/223
================================================================================
Entry Point: org.apache.flink.configuration.YamlParserUtils.convertAndDumpYamlFromFlatMap(java.util.Map)
Third Party Method: org.snakeyaml.engine.v2.exceptions.Mark.getColumn()
================================================================================

⊙ Skipping test case 115: Already marked as covered in JSON file
  (Third Party Method: org.snakeyaml.engine.v2.exceptions.Mark.getColumn())
  (Direct Caller: org.apache.flink.configuration.YamlParserUtils.wrapExceptionToHiddenSensitiveData(org.snakeyaml.engine.v2.exceptions.MarkedYamlEngineException))

================================================================================
PROCESSING TEST CASE 116/223
================================================================================
Entry Point: org.apache.flink.configuration.YamlParserUtils.loadYamlFile(java.io.File)
Third Party Method: org.snakeyaml.engine.v2.exceptions.Mark.getColumn()
================================================================================

⊙ Skipping test case 116: Already marked as covered in JSON file
  (Third Party Method: org.snakeyaml.engine.v2.exceptions.Mark.getColumn())
  (Direct Caller: org.apache.flink.configuration.YamlParserUtils.wrapExceptionToHiddenSensitiveData(org.snakeyaml.engine.v2.exceptions.MarkedYamlEngineException))

================================================================================
PROCESSING TEST CASE 117/223
================================================================================
Entry Point: org.apache.flink.configuration.YamlParserUtils.convertAndDumpYamlFromFlatMap(java.util.Map)
Third Party Method: org.snakeyaml.engine.v2.exceptions.YamlEngineException.<init>(java.lang.String, java.lang.Throwable)
================================================================================

[DEBUG-STREAM] Processing node: generate, has iteration_log: True, approved=False
[Generate] produced 1087 chars
/part/01/Tmp/gamageyo/fika/experiments/flink/flink-core
[DEBUG-STREAM] Processing node: write, has iteration_log: True, approved=False
[Write] wrote to /part/01/Tmp/gamageyo/fika/experiments/flink/flink-core/src/test/java/org/apache/flink/configuration/YamlParserUtilswrapExceptionToHiddenSensitiveData_YamlEngineExceptionmethodFikaTest3.java
[DEBUG-STREAM] Processing node: validate_constraints, has iteration_log: True, approved=False
[Validate] PASSED - hard constraints satisfied
[DEBUG-STREAM] Processing node: run, has iteration_log: True, approved=False
[Run] feedback_chars=12195
[DEBUG-STREAM] Processing node: check_coverage, has iteration_log: True, approved=False
[Coverage] target 'org.snakeyaml.engine.v2.exceptions.YamlEngineException.<init>(java.lang.String, java.lang.Throwable)' covered=False
[DEBUG-STREAM] Processing node: decide, has iteration_log: True, approved=False
[Decide] approved=False (tests passed but target method NOT covered, will retry if iteration<5)
[DEBUG-STREAM] Processing node: generate, has iteration_log: True, approved=False
[Generate] produced 864 chars
/part/01/Tmp/gamageyo/fika/experiments/flink/flink-core
[DEBUG-STREAM] Processing node: write, has iteration_log: True, approved=False
[Write] wrote to /part/01/Tmp/gamageyo/fika/experiments/flink/flink-core/src/test/java/org/apache/flink/configuration/YamlParserUtilswrapExceptionToHiddenSensitiveData_YamlEngineExceptionmethodFikaTest3.java
[DEBUG-STREAM] Processing node: validate_constraints, has iteration_log: True, approved=False
[Validate] FAILED - hard constraints violated
[DEBUG-STREAM] Processing node: decide, has iteration_log: True, approved=False
[Decide] approved=False (hard constraint violation, will retry if iteration<5)
[DEBUG-STREAM] Processing node: generate, has iteration_log: True, approved=False
[Generate] produced 1904 chars
/part/01/Tmp/gamageyo/fika/experiments/flink/flink-core
[DEBUG-STREAM] Processing node: write, has iteration_log: True, approved=False
[Write] wrote to /part/01/Tmp/gamageyo/fika/experiments/flink/flink-core/src/test/java/org/apache/flink/configuration/YamlParserUtilswrapExceptionToHiddenSensitiveData_YamlEngineExceptionmethodFikaTest3.java
[DEBUG-STREAM] Processing node: validate_constraints, has iteration_log: True, approved=False
[Validate] FAILED - hard constraints violated
[DEBUG-STREAM] Processing node: decide, has iteration_log: True, approved=False
[Decide] approved=False (hard constraint violation, will retry if iteration<5)
[DEBUG-STREAM] Processing node: generate, has iteration_log: True, approved=False
[Generate] produced 825 chars
/part/01/Tmp/gamageyo/fika/experiments/flink/flink-core
[DEBUG-STREAM] Processing node: write, has iteration_log: True, approved=False
[Write] wrote to /part/01/Tmp/gamageyo/fika/experiments/flink/flink-core/src/test/java/org/apache/flink/configuration/YamlParserUtilswrapExceptionToHiddenSensitiveData_YamlEngineExceptionmethodFikaTest3.java
[DEBUG-STREAM] Processing node: validate_constraints, has iteration_log: True, approved=False
[Validate] PASSED - hard constraints satisfied
[DEBUG-STREAM] Processing node: run, has iteration_log: True, approved=False
[Run] feedback_chars=12195
[DEBUG-STREAM] Processing node: check_coverage, has iteration_log: True, approved=False
[Coverage] target 'org.snakeyaml.engine.v2.exceptions.YamlEngineException.<init>(java.lang.String, java.lang.Throwable)' covered=False
[DEBUG-STREAM] Processing node: decide, has iteration_log: True, approved=False
[Decide] approved=False (tests passed but target method NOT covered, will retry if iteration<5)
[DEBUG-STREAM] Processing node: generate, has iteration_log: True, approved=False
[Generate] produced 1330 chars
/part/01/Tmp/gamageyo/fika/experiments/flink/flink-core
[DEBUG-STREAM] Processing node: write, has iteration_log: True, approved=False
[Write] wrote to /part/01/Tmp/gamageyo/fika/experiments/flink/flink-core/src/test/java/org/apache/flink/configuration/YamlParserUtilswrapExceptionToHiddenSensitiveData_YamlEngineExceptionmethodFikaTest3.java
[DEBUG-STREAM] Processing node: validate_constraints, has iteration_log: True, approved=False
[Validate] PASSED - hard constraints satisfied
[DEBUG-STREAM] Processing node: run, has iteration_log: True, approved=False
[Run] feedback_chars=12195
[DEBUG-STREAM] Processing node: check_coverage, has iteration_log: True, approved=False
[Coverage] target 'org.snakeyaml.engine.v2.exceptions.YamlEngineException.<init>(java.lang.String, java.lang.Throwable)' covered=False
[DEBUG-STREAM] Processing node: decide, has iteration_log: True, approved=False
[Decide] approved=False (tests passed but target method NOT covered, will retry if iteration<5)
[DEBUG-STREAM] Processing node: finalize, has iteration_log: True, approved=False
[Finalize] Cleaned up unsuccessful test file: /part/01/Tmp/gamageyo/fika/experiments/flink/flink-core/src/test/java/org/apache/flink/configuration/YamlParserUtilswrapExceptionToHiddenSensitiveData_YamlEngineExceptionmethodFikaTest3.java

[DEBUG] Stream completed. final_state is set
[DEBUG] final_state keys: ['repo_root', 'mvn_cmd', 'max_iterations', 'run_only_generated_test', 'entryPoint', 'thirdPartyMethod', 'directCaller', 'path', 'methodSources', 'constructors', 'setters', 'fieldDeclarations', 'imports', 'testTemplate', 'conditionCount', 'callCount', 'covered', 'test_package', 'test_class_name', 'iteration', 'java_source', 'last_run_output', 'last_exit_code', 'success', 'approved', 'test_rel_path', 'trace', 'target_method_covered', 'coverage_total_lines', 'coverage_error', 'path_coverage_details', 'iteration_log', 'last_prompt']
[DEBUG] approved (after bool()) = False

=== FAILURE REASON ===
Tests passed but target third-party method was NOT covered
   Target: org.snakeyaml.engine.v2.exceptions.YamlEngineException.<init>(java.lang.String, java.lang.Throwable)


================================================================================
PROCESSING TEST CASE 118/223
================================================================================
Entry Point: org.apache.flink.configuration.YamlParserUtils.loadYamlFile(java.io.File)
Third Party Method: org.snakeyaml.engine.v2.exceptions.YamlEngineException.<init>(java.lang.String, java.lang.Throwable)
================================================================================

[DEBUG-STREAM] Processing node: generate, has iteration_log: True, approved=False
[Generate] produced 1600 chars
/part/01/Tmp/gamageyo/fika/experiments/flink/flink-core
[DEBUG-STREAM] Processing node: write, has iteration_log: True, approved=False
[Write] wrote to /part/01/Tmp/gamageyo/fika/experiments/flink/flink-core/src/test/java/org/apache/flink/configuration/YamlParserUtilswrapExceptionToHiddenSensitiveData_YamlEngineExceptionmethodFikaTest4.java
[DEBUG-STREAM] Processing node: validate_constraints, has iteration_log: True, approved=False
[Validate] PASSED - hard constraints satisfied
[DEBUG-STREAM] Processing node: run, has iteration_log: True, approved=False
[Run] feedback_chars=12195
[DEBUG-STREAM] Processing node: check_coverage, has iteration_log: True, approved=False
[Coverage] target 'org.snakeyaml.engine.v2.exceptions.YamlEngineException.<init>(java.lang.String, java.lang.Throwable)' covered=True
[DEBUG-STREAM] Processing node: decide, has iteration_log: True, approved=True
[Decide] approved=True (tests passed AND target method covered)
[DEBUG-STREAM] Processing node: finalize, has iteration_log: True, approved=True
[Finalize] SUCCESS: Test passed and target method covered

[DEBUG] Stream completed. final_state is set
[DEBUG] final_state keys: ['repo_root', 'mvn_cmd', 'max_iterations', 'run_only_generated_test', 'entryPoint', 'thirdPartyMethod', 'directCaller', 'path', 'methodSources', 'constructors', 'setters', 'fieldDeclarations', 'imports', 'testTemplate', 'conditionCount', 'callCount', 'covered', 'test_package', 'test_class_name', 'iteration', 'java_source', 'last_run_output', 'last_exit_code', 'success', 'approved', 'test_rel_path', 'trace', 'target_method_covered', 'coverage_total_lines', 'coverage_error', 'path_coverage_details', 'iteration_log', 'last_prompt']
[DEBUG] approved (after bool()) = True
✓ Test approved at iteration 1
  JSON path: /part/01/Tmp/gamageyo/fika/experiments/flink/flink-core/third_party_apis_full_methods.json
  Looking for thirdPartyMethod: org.snakeyaml.engine.v2.exceptions.YamlEngineException.<init>(java.lang.String, java.lang.Throwable)
  Looking for directCaller: org.apache.flink.configuration.YamlParserUtils.wrapExceptionToHiddenSensitiveData(org.snakeyaml.engine.v2.exceptions.MarkedYamlEngineException)
[DEBUG]   ✓ MATCH FOUND at path 102
[DEBUG]   ✓ MATCH FOUND at path 110
[DEBUG]   ✓ MATCH FOUND at path 116
[DEBUG]   ✓ MATCH FOUND at path 117
✓ Updated 4 record(s) in JSON file as covered
  Third Party Method: org.snakeyaml.engine.v2.exceptions.YamlEngineException.<init>(java.lang.String, java.lang.Throwable)
  Direct Caller: org.apache.flink.configuration.YamlParserUtils.wrapExceptionToHiddenSensitiveData(org.snakeyaml.engine.v2.exceptions.MarkedYamlEngineException)

================================================================================
PROCESSING TEST CASE 119/223
================================================================================
Entry Point: org.apache.flink.configuration.YamlParserUtils.convertAndDumpYamlFromFlatMap(java.util.Map)
Third Party Method: org.snakeyaml.engine.v2.exceptions.Mark.getLine()
================================================================================

⊙ Skipping test case 119: Already marked as covered in JSON file
  (Third Party Method: org.snakeyaml.engine.v2.exceptions.Mark.getLine())
  (Direct Caller: org.apache.flink.configuration.YamlParserUtils.wrapExceptionToHiddenSensitiveData(org.snakeyaml.engine.v2.exceptions.MarkedYamlEngineException))

================================================================================
PROCESSING TEST CASE 120/223
================================================================================
Entry Point: org.apache.flink.configuration.YamlParserUtils.loadYamlFile(java.io.File)
Third Party Method: org.snakeyaml.engine.v2.exceptions.Mark.getLine()
================================================================================

⊙ Skipping test case 120: Already marked as covered in JSON file
  (Third Party Method: org.snakeyaml.engine.v2.exceptions.Mark.getLine())
  (Direct Caller: org.apache.flink.configuration.YamlParserUtils.wrapExceptionToHiddenSensitiveData(org.snakeyaml.engine.v2.exceptions.MarkedYamlEngineException))

================================================================================
PROCESSING TEST CASE 121/223
================================================================================
Entry Point: org.apache.flink.api.java.typeutils.runtime.NoFetchingInput.read()
Third Party Method: com.esotericsoftware.kryo.io.KryoBufferUnderflowException.<init>(java.lang.String)
================================================================================

[DEBUG-STREAM] Processing node: generate, has iteration_log: True, approved=False
[Generate] produced 1176 chars
/part/01/Tmp/gamageyo/fika/experiments/flink/flink-core
[DEBUG-STREAM] Processing node: write, has iteration_log: True, approved=False
[Write] wrote to /part/01/Tmp/gamageyo/fika/experiments/flink/flink-core/src/test/java/org/apache/flink/api/java/typeutils/runtime/NoFetchingInputrequire_KryoBufferUnderflowExceptionmethodFikaTest.java
[DEBUG-STREAM] Processing node: validate_constraints, has iteration_log: True, approved=False
[Validate] FAILED - hard constraints violated
[DEBUG-STREAM] Processing node: decide, has iteration_log: True, approved=False
[Decide] approved=False (hard constraint violation, will retry if iteration<5)
[DEBUG-STREAM] Processing node: generate, has iteration_log: True, approved=False
[Generate] produced 1108 chars
/part/01/Tmp/gamageyo/fika/experiments/flink/flink-core
[DEBUG-STREAM] Processing node: write, has iteration_log: True, approved=False
[Write] wrote to /part/01/Tmp/gamageyo/fika/experiments/flink/flink-core/src/test/java/org/apache/flink/api/java/typeutils/runtime/NoFetchingInputrequire_KryoBufferUnderflowExceptionmethodFikaTest.java
[DEBUG-STREAM] Processing node: validate_constraints, has iteration_log: True, approved=False
[Validate] FAILED - hard constraints violated
[DEBUG-STREAM] Processing node: decide, has iteration_log: True, approved=False
[Decide] approved=False (hard constraint violation, will retry if iteration<5)
[DEBUG-STREAM] Processing node: generate, has iteration_log: True, approved=False
[Generate] produced 1178 chars
/part/01/Tmp/gamageyo/fika/experiments/flink/flink-core
[DEBUG-STREAM] Processing node: write, has iteration_log: True, approved=False
[Write] wrote to /part/01/Tmp/gamageyo/fika/experiments/flink/flink-core/src/test/java/org/apache/flink/api/java/typeutils/runtime/NoFetchingInputrequire_KryoBufferUnderflowExceptionmethodFikaTest.java
[DEBUG-STREAM] Processing node: validate_constraints, has iteration_log: True, approved=False
[Validate] FAILED - hard constraints violated
[DEBUG-STREAM] Processing node: decide, has iteration_log: True, approved=False
[Decide] approved=False (hard constraint violation, will retry if iteration<5)
[DEBUG-STREAM] Processing node: generate, has iteration_log: True, approved=False
[Generate] produced 852 chars
/part/01/Tmp/gamageyo/fika/experiments/flink/flink-core
[DEBUG-STREAM] Processing node: write, has iteration_log: True, approved=False
[Write] wrote to /part/01/Tmp/gamageyo/fika/experiments/flink/flink-core/src/test/java/org/apache/flink/api/java/typeutils/runtime/NoFetchingInputrequire_KryoBufferUnderflowExceptionmethodFikaTest.java
[DEBUG-STREAM] Processing node: validate_constraints, has iteration_log: True, approved=False
[Validate] PASSED - hard constraints satisfied
[DEBUG-STREAM] Processing node: run, has iteration_log: True, approved=False
[Run] feedback_chars=12195
[DEBUG-STREAM] Processing node: check_coverage, has iteration_log: True, approved=False
[Coverage] target 'com.esotericsoftware.kryo.io.KryoBufferUnderflowException.<init>(java.lang.String)' covered=True
[DEBUG-STREAM] Processing node: decide, has iteration_log: True, approved=True
[Decide] approved=True (tests passed AND target method covered)
[DEBUG-STREAM] Processing node: finalize, has iteration_log: True, approved=True
[Finalize] SUCCESS: Test passed and target method covered

[DEBUG] Stream completed. final_state is set
[DEBUG] final_state keys: ['repo_root', 'mvn_cmd', 'max_iterations', 'run_only_generated_test', 'entryPoint', 'thirdPartyMethod', 'directCaller', 'path', 'methodSources', 'constructors', 'setters', 'fieldDeclarations', 'imports', 'testTemplate', 'conditionCount', 'callCount', 'covered', 'test_package', 'test_class_name', 'iteration', 'java_source', 'last_run_output', 'last_exit_code', 'success', 'approved', 'test_rel_path', 'trace', 'target_method_covered', 'coverage_total_lines', 'coverage_error', 'path_coverage_details', 'iteration_log', 'last_prompt']
[DEBUG] approved (after bool()) = True
✓ Test approved at iteration 4
  JSON path: /part/01/Tmp/gamageyo/fika/experiments/flink/flink-core/third_party_apis_full_methods.json
  Looking for thirdPartyMethod: com.esotericsoftware.kryo.io.KryoBufferUnderflowException.<init>(java.lang.String)
  Looking for directCaller: org.apache.flink.api.java.typeutils.runtime.NoFetchingInput.require(int)
[DEBUG]   ✓ MATCH FOUND at path 120
✓ Updated 1 record(s) in JSON file as covered
  Third Party Method: com.esotericsoftware.kryo.io.KryoBufferUnderflowException.<init>(java.lang.String)
  Direct Caller: org.apache.flink.api.java.typeutils.runtime.NoFetchingInput.require(int)

================================================================================
PROCESSING TEST CASE 122/223
================================================================================
Entry Point: org.apache.flink.api.java.typeutils.runtime.NoFetchingInput.read()
Third Party Method: com.esotericsoftware.kryo.KryoException.<init>(java.lang.String)
================================================================================

[DEBUG-STREAM] Processing node: generate, has iteration_log: True, approved=False
[Generate] produced 1156 chars
/part/01/Tmp/gamageyo/fika/experiments/flink/flink-core
[DEBUG-STREAM] Processing node: write, has iteration_log: True, approved=False
[Write] wrote to /part/01/Tmp/gamageyo/fika/experiments/flink/flink-core/src/test/java/org/apache/flink/api/java/typeutils/runtime/NoFetchingInputrequire_KryoExceptionmethodFikaTest.java
[DEBUG-STREAM] Processing node: validate_constraints, has iteration_log: True, approved=False
[Validate] FAILED - hard constraints violated
[DEBUG-STREAM] Processing node: decide, has iteration_log: True, approved=False
[Decide] approved=False (hard constraint violation, will retry if iteration<5)
[DEBUG-STREAM] Processing node: generate, has iteration_log: True, approved=False
[Generate] produced 1107 chars
/part/01/Tmp/gamageyo/fika/experiments/flink/flink-core
[DEBUG-STREAM] Processing node: write, has iteration_log: True, approved=False
[Write] wrote to /part/01/Tmp/gamageyo/fika/experiments/flink/flink-core/src/test/java/org/apache/flink/api/java/typeutils/runtime/NoFetchingInputrequire_KryoExceptionmethodFikaTest.java
[DEBUG-STREAM] Processing node: validate_constraints, has iteration_log: True, approved=False
[Validate] FAILED - hard constraints violated
[DEBUG-STREAM] Processing node: decide, has iteration_log: True, approved=False
[Decide] approved=False (hard constraint violation, will retry if iteration<5)
[DEBUG-STREAM] Processing node: generate, has iteration_log: True, approved=False
[Generate] produced 1043 chars
/part/01/Tmp/gamageyo/fika/experiments/flink/flink-core
[DEBUG-STREAM] Processing node: write, has iteration_log: True, approved=False
[Write] wrote to /part/01/Tmp/gamageyo/fika/experiments/flink/flink-core/src/test/java/org/apache/flink/api/java/typeutils/runtime/NoFetchingInputrequire_KryoExceptionmethodFikaTest.java
[DEBUG-STREAM] Processing node: validate_constraints, has iteration_log: True, approved=False
[Validate] FAILED - hard constraints violated
[DEBUG-STREAM] Processing node: decide, has iteration_log: True, approved=False
[Decide] approved=False (hard constraint violation, will retry if iteration<5)
[DEBUG-STREAM] Processing node: generate, has iteration_log: True, approved=False
[Generate] produced 1135 chars
/part/01/Tmp/gamageyo/fika/experiments/flink/flink-core
[DEBUG-STREAM] Processing node: write, has iteration_log: True, approved=False
[Write] wrote to /part/01/Tmp/gamageyo/fika/experiments/flink/flink-core/src/test/java/org/apache/flink/api/java/typeutils/runtime/NoFetchingInputrequire_KryoExceptionmethodFikaTest.java
[DEBUG-STREAM] Processing node: validate_constraints, has iteration_log: True, approved=False
[Validate] FAILED - hard constraints violated
[DEBUG-STREAM] Processing node: decide, has iteration_log: True, approved=False
[Decide] approved=False (hard constraint violation, will retry if iteration<5)
[DEBUG-STREAM] Processing node: generate, has iteration_log: True, approved=False
[Generate] produced 1018 chars
/part/01/Tmp/gamageyo/fika/experiments/flink/flink-core
[DEBUG-STREAM] Processing node: write, has iteration_log: True, approved=False
[Write] wrote to /part/01/Tmp/gamageyo/fika/experiments/flink/flink-core/src/test/java/org/apache/flink/api/java/typeutils/runtime/NoFetchingInputrequire_KryoExceptionmethodFikaTest.java
[DEBUG-STREAM] Processing node: validate_constraints, has iteration_log: True, approved=False
[Validate] FAILED - hard constraints violated
[DEBUG-STREAM] Processing node: decide, has iteration_log: True, approved=False
[Decide] approved=False (hard constraint violation, will retry if iteration<5)
[DEBUG-STREAM] Processing node: finalize, has iteration_log: True, approved=False
[Finalize] Cleaned up unsuccessful test file: /part/01/Tmp/gamageyo/fika/experiments/flink/flink-core/src/test/java/org/apache/flink/api/java/typeutils/runtime/NoFetchingInputrequire_KryoExceptionmethodFikaTest.java

[DEBUG] Stream completed. final_state is set
[DEBUG] final_state keys: ['repo_root', 'mvn_cmd', 'max_iterations', 'run_only_generated_test', 'entryPoint', 'thirdPartyMethod', 'directCaller', 'path', 'methodSources', 'constructors', 'setters', 'fieldDeclarations', 'imports', 'testTemplate', 'conditionCount', 'callCount', 'covered', 'test_package', 'test_class_name', 'iteration', 'java_source', 'last_run_output', 'last_exit_code', 'success', 'approved', 'test_rel_path', 'trace', 'target_method_covered', 'coverage_total_lines', 'coverage_error', 'path_coverage_details', 'iteration_log', 'last_prompt']
[DEBUG] approved (after bool()) = False

=== FAILURE REASON ===
Tests failed to compile or run successfully


================================================================================
PROCESSING TEST CASE 123/223
================================================================================
Entry Point: org.apache.flink.api.java.typeutils.runtime.kryo.KryoSerializer.copy(java.lang.Object)
Third Party Method: com.esotericsoftware.kryo.Kryo.setClassLoader(java.lang.ClassLoader)
================================================================================

⊙ Skipping test case 123: Already marked as covered in JSON file
  (Third Party Method: com.esotericsoftware.kryo.Kryo.setClassLoader(java.lang.ClassLoader))
  (Direct Caller: org.apache.flink.api.java.typeutils.runtime.kryo.KryoSerializer.checkKryoInitialized())

================================================================================
PROCESSING TEST CASE 124/223
================================================================================
Entry Point: org.apache.flink.api.java.typeutils.runtime.kryo.KryoSerializer.copy(org.apache.flink.core.memory.DataInputView, org.apache.flink.core.memory.DataOutputView)
Third Party Method: com.esotericsoftware.kryo.Kryo.setClassLoader(java.lang.ClassLoader)
================================================================================

⊙ Skipping test case 124: Already marked as covered in JSON file
  (Third Party Method: com.esotericsoftware.kryo.Kryo.setClassLoader(java.lang.ClassLoader))
  (Direct Caller: org.apache.flink.api.java.typeutils.runtime.kryo.KryoSerializer.checkKryoInitialized())

================================================================================
PROCESSING TEST CASE 125/223
================================================================================
Entry Point: org.apache.flink.api.java.typeutils.runtime.kryo.KryoSerializer.deserialize(org.apache.flink.core.memory.DataInputView)
Third Party Method: com.esotericsoftware.kryo.Kryo.setClassLoader(java.lang.ClassLoader)
================================================================================

⊙ Skipping test case 125: Already marked as covered in JSON file
  (Third Party Method: com.esotericsoftware.kryo.Kryo.setClassLoader(java.lang.ClassLoader))
  (Direct Caller: org.apache.flink.api.java.typeutils.runtime.kryo.KryoSerializer.checkKryoInitialized())

================================================================================
PROCESSING TEST CASE 126/223
================================================================================
Entry Point: org.apache.flink.api.java.typeutils.runtime.kryo.KryoSerializer.serialize(java.lang.Object, org.apache.flink.core.memory.DataOutputView)
Third Party Method: com.esotericsoftware.kryo.Kryo.setClassLoader(java.lang.ClassLoader)
================================================================================

⊙ Skipping test case 126: Already marked as covered in JSON file
  (Third Party Method: com.esotericsoftware.kryo.Kryo.setClassLoader(java.lang.ClassLoader))
  (Direct Caller: org.apache.flink.api.java.typeutils.runtime.kryo.KryoSerializer.checkKryoInitialized())

================================================================================
PROCESSING TEST CASE 127/223
================================================================================
Entry Point: org.apache.flink.api.java.ClosureCleaner.clean(java.lang.Object, org.apache.flink.api.common.ExecutionConfig.ClosureCleanerLevel, boolean)
Third Party Method: org.apache.commons.lang3.ClassUtils.isPrimitiveOrWrapper(java.lang.Class)
================================================================================

[DEBUG-STREAM] Processing node: generate, has iteration_log: True, approved=False
[Generate] produced 638 chars
/part/01/Tmp/gamageyo/fika/experiments/flink/flink-core
[DEBUG-STREAM] Processing node: write, has iteration_log: True, approved=False
[Write] wrote to /part/01/Tmp/gamageyo/fika/experiments/flink/flink-core/src/test/java/org/apache/flink/api/java/ClosureCleanerclean_ClassUtilsisPrimitiveOrWrapperFikaTest.java
[DEBUG-STREAM] Processing node: validate_constraints, has iteration_log: True, approved=False
[Validate] PASSED - hard constraints satisfied
[DEBUG-STREAM] Processing node: run, has iteration_log: True, approved=False
[Run] feedback_chars=12195
[DEBUG-STREAM] Processing node: check_coverage, has iteration_log: True, approved=False
[Coverage] target 'org.apache.commons.lang3.ClassUtils.isPrimitiveOrWrapper(java.lang.Class)' covered=True
[DEBUG-STREAM] Processing node: decide, has iteration_log: True, approved=True
[Decide] approved=True (tests passed AND target method covered)
[DEBUG-STREAM] Processing node: finalize, has iteration_log: True, approved=True
[Finalize] SUCCESS: Test passed and target method covered

[DEBUG] Stream completed. final_state is set
[DEBUG] final_state keys: ['repo_root', 'mvn_cmd', 'max_iterations', 'run_only_generated_test', 'entryPoint', 'thirdPartyMethod', 'directCaller', 'path', 'methodSources', 'constructors', 'setters', 'fieldDeclarations', 'imports', 'testTemplate', 'conditionCount', 'callCount', 'covered', 'test_package', 'test_class_name', 'iteration', 'java_source', 'last_run_output', 'last_exit_code', 'success', 'approved', 'test_rel_path', 'trace', 'target_method_covered', 'coverage_total_lines', 'coverage_error', 'path_coverage_details', 'iteration_log', 'last_prompt']
[DEBUG] approved (after bool()) = True
✓ Test approved at iteration 1
  JSON path: /part/01/Tmp/gamageyo/fika/experiments/flink/flink-core/third_party_apis_full_methods.json
  Looking for thirdPartyMethod: org.apache.commons.lang3.ClassUtils.isPrimitiveOrWrapper(java.lang.Class)
  Looking for directCaller: org.apache.flink.api.java.ClosureCleaner.clean(java.lang.Object, org.apache.flink.api.common.ExecutionConfig.ClosureCleanerLevel, boolean, java.util.Set)
[DEBUG]   ✓ MATCH FOUND at path 126
✓ Updated 1 record(s) in JSON file as covered
  Third Party Method: org.apache.commons.lang3.ClassUtils.isPrimitiveOrWrapper(java.lang.Class)
  Direct Caller: org.apache.flink.api.java.ClosureCleaner.clean(java.lang.Object, org.apache.flink.api.common.ExecutionConfig.ClosureCleanerLevel, boolean, java.util.Set)

================================================================================
PROCESSING TEST CASE 128/223
================================================================================
Entry Point: org.apache.flink.api.common.ExecutionConfig.configure(org.apache.flink.configuration.ReadableConfig, java.lang.ClassLoader)
Third Party Method: org.apache.commons.compress.utils.Sets.newHashSet(java.lang.Object[])
================================================================================

⊙ Skipping test case 128: Already marked as covered in JSON file
  (Third Party Method: org.apache.commons.compress.utils.Sets.newHashSet(java.lang.Object[]))
  (Direct Caller: org.apache.flink.configuration.RestartStrategyOptions.RestartStrategyType.<clinit>())

================================================================================
PROCESSING TEST CASE 129/223
================================================================================
Entry Point: org.apache.flink.configuration.ConfigurationUtils.parseMapToString(java.util.Map)
Third Party Method: org.snakeyaml.engine.v2.api.DumpSettingsBuilder.setDefaultFlowStyle(org.snakeyaml.engine.v2.common.FlowStyle)
================================================================================

⊙ Skipping test case 129: Already marked as covered in JSON file
  (Third Party Method: org.snakeyaml.engine.v2.api.DumpSettingsBuilder.setDefaultFlowStyle(org.snakeyaml.engine.v2.common.FlowStyle))
  (Direct Caller: org.apache.flink.configuration.YamlParserUtils.<clinit>())

================================================================================
PROCESSING TEST CASE 130/223
================================================================================
Entry Point: org.apache.flink.configuration.ConfigurationUtils.parseStringToMap(java.lang.String)
Third Party Method: org.snakeyaml.engine.v2.api.DumpSettingsBuilder.setDefaultFlowStyle(org.snakeyaml.engine.v2.common.FlowStyle)
================================================================================

⊙ Skipping test case 130: Already marked as covered in JSON file
  (Third Party Method: org.snakeyaml.engine.v2.api.DumpSettingsBuilder.setDefaultFlowStyle(org.snakeyaml.engine.v2.common.FlowStyle))
  (Direct Caller: org.apache.flink.configuration.YamlParserUtils.<clinit>())

================================================================================
PROCESSING TEST CASE 131/223
================================================================================
Entry Point: org.apache.flink.configuration.ConfigurationUtils.parseMapToString(java.util.Map)
Third Party Method: org.snakeyaml.engine.v2.api.DumpSettingsBuilder.setSchema(org.snakeyaml.engine.v2.schema.Schema)
================================================================================

⊙ Skipping test case 131: Already marked as covered in JSON file
  (Third Party Method: org.snakeyaml.engine.v2.api.DumpSettingsBuilder.setSchema(org.snakeyaml.engine.v2.schema.Schema))
  (Direct Caller: org.apache.flink.configuration.YamlParserUtils.<clinit>())

================================================================================
PROCESSING TEST CASE 132/223
================================================================================
Entry Point: org.apache.flink.configuration.ConfigurationUtils.parseStringToMap(java.lang.String)
Third Party Method: org.snakeyaml.engine.v2.api.DumpSettingsBuilder.setSchema(org.snakeyaml.engine.v2.schema.Schema)
================================================================================

⊙ Skipping test case 132: Already marked as covered in JSON file
  (Third Party Method: org.snakeyaml.engine.v2.api.DumpSettingsBuilder.setSchema(org.snakeyaml.engine.v2.schema.Schema))
  (Direct Caller: org.apache.flink.configuration.YamlParserUtils.<clinit>())

================================================================================
PROCESSING TEST CASE 133/223
================================================================================
Entry Point: org.apache.flink.api.common.RestartStrategyDescriptionUtils.getRestartStrategyDescription(org.apache.flink.configuration.Configuration)
Third Party Method: org.apache.commons.compress.utils.Sets.newHashSet(java.lang.Object[])
================================================================================

⊙ Skipping test case 133: Already marked as covered in JSON file
  (Third Party Method: org.apache.commons.compress.utils.Sets.newHashSet(java.lang.Object[]))
  (Direct Caller: org.apache.flink.configuration.RestartStrategyOptions.RestartStrategyType.<clinit>())

================================================================================
PROCESSING TEST CASE 134/223
================================================================================
Entry Point: org.apache.flink.configuration.ConfigurationUtils.parseMapToString(java.util.Map)
Third Party Method: org.snakeyaml.engine.v2.api.Dump.<init>(org.snakeyaml.engine.v2.api.DumpSettings, org.snakeyaml.engine.v2.representer.BaseRepresenter)
================================================================================

[DEBUG-STREAM] Processing node: generate, has iteration_log: True, approved=False
[Generate] produced 1089 chars
/part/01/Tmp/gamageyo/fika/experiments/flink/flink-core
[DEBUG-STREAM] Processing node: write, has iteration_log: True, approved=False
[Write] wrote to /part/01/Tmp/gamageyo/fika/experiments/flink/flink-core/src/test/java/org/apache/flink/configuration/ConfigurationUtils_YamlParserUtilsmethod_DumpmethodFikaTest3.java
[DEBUG-STREAM] Processing node: validate_constraints, has iteration_log: True, approved=False
[Validate] PASSED - hard constraints satisfied
[DEBUG-STREAM] Processing node: run, has iteration_log: True, approved=False
[Run] feedback_chars=594
[DEBUG-STREAM] Processing node: check_coverage, has iteration_log: True, approved=False
[Coverage] target 'org.snakeyaml.engine.v2.api.Dump.<init>(org.snakeyaml.engine.v2.api.DumpSettings, org.snakeyaml.engine.v2.representer.BaseRepresenter)' covered=False
[DEBUG-STREAM] Processing node: decide, has iteration_log: True, approved=False
[Decide] approved=False (tests failed, will retry if iteration<5)
[DEBUG-STREAM] Processing node: generate, has iteration_log: True, approved=False
[Generate] produced 890 chars
/part/01/Tmp/gamageyo/fika/experiments/flink/flink-core
[DEBUG-STREAM] Processing node: write, has iteration_log: True, approved=False
[Write] wrote to /part/01/Tmp/gamageyo/fika/experiments/flink/flink-core/src/test/java/org/apache/flink/configuration/ConfigurationUtils_YamlParserUtilsmethod_DumpmethodFikaTest3.java
[DEBUG-STREAM] Processing node: validate_constraints, has iteration_log: True, approved=False
[Validate] PASSED - hard constraints satisfied
[DEBUG-STREAM] Processing node: run, has iteration_log: True, approved=False
[Run] feedback_chars=12195
[DEBUG-STREAM] Processing node: check_coverage, has iteration_log: True, approved=False
[Coverage] target 'org.snakeyaml.engine.v2.api.Dump.<init>(org.snakeyaml.engine.v2.api.DumpSettings, org.snakeyaml.engine.v2.representer.BaseRepresenter)' covered=False
[DEBUG-STREAM] Processing node: decide, has iteration_log: True, approved=False
[Decide] approved=False (tests passed but target method NOT covered, will retry if iteration<5)
[DEBUG-STREAM] Processing node: generate, has iteration_log: True, approved=False
[Generate] produced 1291 chars
/part/01/Tmp/gamageyo/fika/experiments/flink/flink-core
[DEBUG-STREAM] Processing node: write, has iteration_log: True, approved=False
[Write] wrote to /part/01/Tmp/gamageyo/fika/experiments/flink/flink-core/src/test/java/org/apache/flink/configuration/ConfigurationUtils_YamlParserUtilsmethod_DumpmethodFikaTest3.java
[DEBUG-STREAM] Processing node: validate_constraints, has iteration_log: True, approved=False
[Validate] PASSED - hard constraints satisfied
[DEBUG-STREAM] Processing node: run, has iteration_log: True, approved=False
[Run] feedback_chars=594
[DEBUG-STREAM] Processing node: check_coverage, has iteration_log: True, approved=False
[Coverage] target 'org.snakeyaml.engine.v2.api.Dump.<init>(org.snakeyaml.engine.v2.api.DumpSettings, org.snakeyaml.engine.v2.representer.BaseRepresenter)' covered=False
[DEBUG-STREAM] Processing node: decide, has iteration_log: True, approved=False
[Decide] approved=False (tests failed, will retry if iteration<5)
[DEBUG-STREAM] Processing node: generate, has iteration_log: True, approved=False
[Generate] produced 890 chars
/part/01/Tmp/gamageyo/fika/experiments/flink/flink-core
[DEBUG-STREAM] Processing node: write, has iteration_log: True, approved=False
[Write] wrote to /part/01/Tmp/gamageyo/fika/experiments/flink/flink-core/src/test/java/org/apache/flink/configuration/ConfigurationUtils_YamlParserUtilsmethod_DumpmethodFikaTest3.java
[DEBUG-STREAM] Processing node: validate_constraints, has iteration_log: True, approved=False
[Validate] PASSED - hard constraints satisfied
[DEBUG-STREAM] Processing node: run, has iteration_log: True, approved=False
[Run] feedback_chars=12195
[DEBUG-STREAM] Processing node: check_coverage, has iteration_log: True, approved=False
[Coverage] target 'org.snakeyaml.engine.v2.api.Dump.<init>(org.snakeyaml.engine.v2.api.DumpSettings, org.snakeyaml.engine.v2.representer.BaseRepresenter)' covered=False
[DEBUG-STREAM] Processing node: decide, has iteration_log: True, approved=False
[Decide] approved=False (tests passed but target method NOT covered, will retry if iteration<5)
[DEBUG-STREAM] Processing node: generate, has iteration_log: True, approved=False
[Generate] produced 1553 chars
/part/01/Tmp/gamageyo/fika/experiments/flink/flink-core
[DEBUG-STREAM] Processing node: write, has iteration_log: True, approved=False
[Write] wrote to /part/01/Tmp/gamageyo/fika/experiments/flink/flink-core/src/test/java/org/apache/flink/configuration/ConfigurationUtils_YamlParserUtilsmethod_DumpmethodFikaTest3.java
[DEBUG-STREAM] Processing node: validate_constraints, has iteration_log: True, approved=False
[Validate] PASSED - hard constraints satisfied
[DEBUG-STREAM] Processing node: run, has iteration_log: True, approved=False
[Run] feedback_chars=595
[DEBUG-STREAM] Processing node: check_coverage, has iteration_log: True, approved=False
[Coverage] target 'org.snakeyaml.engine.v2.api.Dump.<init>(org.snakeyaml.engine.v2.api.DumpSettings, org.snakeyaml.engine.v2.representer.BaseRepresenter)' covered=False
[DEBUG-STREAM] Processing node: decide, has iteration_log: True, approved=False
[Decide] approved=False (tests failed, will retry if iteration<5)
[DEBUG-STREAM] Processing node: finalize, has iteration_log: True, approved=False
[Finalize] Cleaned up unsuccessful test file: /part/01/Tmp/gamageyo/fika/experiments/flink/flink-core/src/test/java/org/apache/flink/configuration/ConfigurationUtils_YamlParserUtilsmethod_DumpmethodFikaTest3.java

[DEBUG] Stream completed. final_state is set
[DEBUG] final_state keys: ['repo_root', 'mvn_cmd', 'max_iterations', 'run_only_generated_test', 'entryPoint', 'thirdPartyMethod', 'directCaller', 'path', 'methodSources', 'constructors', 'setters', 'fieldDeclarations', 'imports', 'testTemplate', 'conditionCount', 'callCount', 'covered', 'test_package', 'test_class_name', 'iteration', 'java_source', 'last_run_output', 'last_exit_code', 'success', 'approved', 'test_rel_path', 'trace', 'target_method_covered', 'coverage_total_lines', 'coverage_error', 'path_coverage_details', 'iteration_log', 'last_prompt']
[DEBUG] approved (after bool()) = False

=== FAILURE REASON ===
Tests failed to compile or run successfully


================================================================================
PROCESSING TEST CASE 135/223
================================================================================
Entry Point: org.apache.flink.configuration.ConfigurationUtils.parseStringToMap(java.lang.String)
Third Party Method: org.snakeyaml.engine.v2.api.Dump.<init>(org.snakeyaml.engine.v2.api.DumpSettings, org.snakeyaml.engine.v2.representer.BaseRepresenter)
================================================================================

[DEBUG-STREAM] Processing node: generate, has iteration_log: True, approved=False
[Generate] produced 1148 chars
/part/01/Tmp/gamageyo/fika/experiments/flink/flink-core
[DEBUG-STREAM] Processing node: write, has iteration_log: True, approved=False
[Write] wrote to /part/01/Tmp/gamageyo/fika/experiments/flink/flink-core/src/test/java/org/apache/flink/configuration/ConfigurationUtils_YamlParserUtilsmethod_DumpmethodFikaTest4.java
[DEBUG-STREAM] Processing node: validate_constraints, has iteration_log: True, approved=False
[Validate] PASSED - hard constraints satisfied
[DEBUG-STREAM] Processing node: run, has iteration_log: True, approved=False
[Run] feedback_chars=12195
[DEBUG-STREAM] Processing node: check_coverage, has iteration_log: True, approved=False
[Coverage] target 'org.snakeyaml.engine.v2.api.Dump.<init>(org.snakeyaml.engine.v2.api.DumpSettings, org.snakeyaml.engine.v2.representer.BaseRepresenter)' covered=False
[DEBUG-STREAM] Processing node: decide, has iteration_log: True, approved=False
[Decide] approved=False (tests passed but target method NOT covered, will retry if iteration<5)
[DEBUG-STREAM] Processing node: generate, has iteration_log: True, approved=False
[Generate] produced 815 chars
/part/01/Tmp/gamageyo/fika/experiments/flink/flink-core
[DEBUG-STREAM] Processing node: write, has iteration_log: True, approved=False
[Write] wrote to /part/01/Tmp/gamageyo/fika/experiments/flink/flink-core/src/test/java/org/apache/flink/configuration/ConfigurationUtils_YamlParserUtilsmethod_DumpmethodFikaTest4.java
[DEBUG-STREAM] Processing node: validate_constraints, has iteration_log: True, approved=False
[Validate] PASSED - hard constraints satisfied
[DEBUG-STREAM] Processing node: run, has iteration_log: True, approved=False
[Run] feedback_chars=12195
[DEBUG-STREAM] Processing node: check_coverage, has iteration_log: True, approved=False
[Coverage] target 'org.snakeyaml.engine.v2.api.Dump.<init>(org.snakeyaml.engine.v2.api.DumpSettings, org.snakeyaml.engine.v2.representer.BaseRepresenter)' covered=False
[DEBUG-STREAM] Processing node: decide, has iteration_log: True, approved=False
[Decide] approved=False (tests passed but target method NOT covered, will retry if iteration<5)
[DEBUG-STREAM] Processing node: generate, has iteration_log: True, approved=False
[Generate] produced 1578 chars
/part/01/Tmp/gamageyo/fika/experiments/flink/flink-core
[DEBUG-STREAM] Processing node: write, has iteration_log: True, approved=False
[Write] wrote to /part/01/Tmp/gamageyo/fika/experiments/flink/flink-core/src/test/java/org/apache/flink/configuration/ConfigurationUtils_YamlParserUtilsmethod_DumpmethodFikaTest4.java
[DEBUG-STREAM] Processing node: validate_constraints, has iteration_log: True, approved=False
[Validate] PASSED - hard constraints satisfied
[DEBUG-STREAM] Processing node: run, has iteration_log: True, approved=False
[Run] feedback_chars=12195
[DEBUG-STREAM] Processing node: check_coverage, has iteration_log: True, approved=False
[Coverage] target 'org.snakeyaml.engine.v2.api.Dump.<init>(org.snakeyaml.engine.v2.api.DumpSettings, org.snakeyaml.engine.v2.representer.BaseRepresenter)' covered=False
[DEBUG-STREAM] Processing node: decide, has iteration_log: True, approved=False
[Decide] approved=False (tests passed but target method NOT covered, will retry if iteration<5)
[DEBUG-STREAM] Processing node: generate, has iteration_log: True, approved=False
[Generate] produced 1016 chars
/part/01/Tmp/gamageyo/fika/experiments/flink/flink-core
[DEBUG-STREAM] Processing node: write, has iteration_log: True, approved=False
[Write] wrote to /part/01/Tmp/gamageyo/fika/experiments/flink/flink-core/src/test/java/org/apache/flink/configuration/ConfigurationUtils_YamlParserUtilsmethod_DumpmethodFikaTest4.java
[DEBUG-STREAM] Processing node: validate_constraints, has iteration_log: True, approved=False
[Validate] PASSED - hard constraints satisfied
[DEBUG-STREAM] Processing node: run, has iteration_log: True, approved=False
[Run] feedback_chars=12195
[DEBUG-STREAM] Processing node: check_coverage, has iteration_log: True, approved=False
[Coverage] target 'org.snakeyaml.engine.v2.api.Dump.<init>(org.snakeyaml.engine.v2.api.DumpSettings, org.snakeyaml.engine.v2.representer.BaseRepresenter)' covered=False
[DEBUG-STREAM] Processing node: decide, has iteration_log: True, approved=False
[Decide] approved=False (tests passed but target method NOT covered, will retry if iteration<5)
[DEBUG-STREAM] Processing node: generate, has iteration_log: True, approved=False
[Generate] produced 1178 chars
/part/01/Tmp/gamageyo/fika/experiments/flink/flink-core
[DEBUG-STREAM] Processing node: write, has iteration_log: True, approved=False
[Write] wrote to /part/01/Tmp/gamageyo/fika/experiments/flink/flink-core/src/test/java/org/apache/flink/configuration/ConfigurationUtils_YamlParserUtilsmethod_DumpmethodFikaTest4.java
[DEBUG-STREAM] Processing node: validate_constraints, has iteration_log: True, approved=False
[Validate] PASSED - hard constraints satisfied
[DEBUG-STREAM] Processing node: run, has iteration_log: True, approved=False
[Run] feedback_chars=12195
[DEBUG-STREAM] Processing node: check_coverage, has iteration_log: True, approved=False
[Coverage] target 'org.snakeyaml.engine.v2.api.Dump.<init>(org.snakeyaml.engine.v2.api.DumpSettings, org.snakeyaml.engine.v2.representer.BaseRepresenter)' covered=False
[DEBUG-STREAM] Processing node: decide, has iteration_log: True, approved=False
[Decide] approved=False (tests passed but target method NOT covered, will retry if iteration<5)
[DEBUG-STREAM] Processing node: finalize, has iteration_log: True, approved=False
[Finalize] Cleaned up unsuccessful test file: /part/01/Tmp/gamageyo/fika/experiments/flink/flink-core/src/test/java/org/apache/flink/configuration/ConfigurationUtils_YamlParserUtilsmethod_DumpmethodFikaTest4.java

[DEBUG] Stream completed. final_state is set
[DEBUG] final_state keys: ['repo_root', 'mvn_cmd', 'max_iterations', 'run_only_generated_test', 'entryPoint', 'thirdPartyMethod', 'directCaller', 'path', 'methodSources', 'constructors', 'setters', 'fieldDeclarations', 'imports', 'testTemplate', 'conditionCount', 'callCount', 'covered', 'test_package', 'test_class_name', 'iteration', 'java_source', 'last_run_output', 'last_exit_code', 'success', 'approved', 'test_rel_path', 'trace', 'target_method_covered', 'coverage_total_lines', 'coverage_error', 'path_coverage_details', 'iteration_log', 'last_prompt']
[DEBUG] approved (after bool()) = False

=== FAILURE REASON ===
Tests passed but target third-party method was NOT covered
   Target: org.snakeyaml.engine.v2.api.Dump.<init>(org.snakeyaml.engine.v2.api.DumpSettings, org.snakeyaml.engine.v2.representer.BaseRepresenter)


================================================================================
PROCESSING TEST CASE 136/223
================================================================================
Entry Point: org.apache.flink.api.java.typeutils.runtime.kryo.KryoSerializerSnapshot.restoreSerializer()
Third Party Method: com.esotericsoftware.minlog.Log.TRACE()
================================================================================

[DEBUG-STREAM] Processing node: generate, has iteration_log: True, approved=False
[Generate] produced 4681 chars
/part/01/Tmp/gamageyo/fika/experiments/flink/flink-core
[DEBUG-STREAM] Processing node: write, has iteration_log: True, approved=False
[Write] wrote to /part/01/Tmp/gamageyo/fika/experiments/flink/flink-core/src/test/java/org/apache/flink/api/java/typeutils/runtime/kryo/KryoSerializerSnapshot_KryoSerializerconfigureKryoLogging_LogTRACEFikaTest.java
[DEBUG-STREAM] Processing node: validate_constraints, has iteration_log: True, approved=False
[Validate] PASSED - hard constraints satisfied
[DEBUG-STREAM] Processing node: run, has iteration_log: True, approved=False
[Run] feedback_chars=761
[DEBUG-STREAM] Processing node: check_coverage, has iteration_log: True, approved=False
[Coverage] target 'com.esotericsoftware.minlog.Log.TRACE()' covered=False
[DEBUG-STREAM] Processing node: decide, has iteration_log: True, approved=False
[Decide] approved=False (tests failed, will retry if iteration<5)
[DEBUG-STREAM] Processing node: generate, has iteration_log: True, approved=False
[Generate] produced 2345 chars
/part/01/Tmp/gamageyo/fika/experiments/flink/flink-core
[DEBUG-STREAM] Processing node: write, has iteration_log: True, approved=False
[Write] wrote to /part/01/Tmp/gamageyo/fika/experiments/flink/flink-core/src/test/java/org/apache/flink/api/java/typeutils/runtime/kryo/KryoSerializerSnapshot_KryoSerializerconfigureKryoLogging_LogTRACEFikaTest.java
[DEBUG-STREAM] Processing node: validate_constraints, has iteration_log: True, approved=False
[Validate] PASSED - hard constraints satisfied
[DEBUG-STREAM] Processing node: run, has iteration_log: True, approved=False
[Run] feedback_chars=1808
[DEBUG-STREAM] Processing node: check_coverage, has iteration_log: True, approved=False
[Coverage] target 'com.esotericsoftware.minlog.Log.TRACE()' covered=False
[DEBUG-STREAM] Processing node: decide, has iteration_log: True, approved=False
[Decide] approved=False (tests failed, will retry if iteration<5)
[DEBUG-STREAM] Processing node: generate, has iteration_log: True, approved=False
[Generate] produced 1625 chars
/part/01/Tmp/gamageyo/fika/experiments/flink/flink-core
[DEBUG-STREAM] Processing node: write, has iteration_log: True, approved=False
[Write] wrote to /part/01/Tmp/gamageyo/fika/experiments/flink/flink-core/src/test/java/org/apache/flink/api/java/typeutils/runtime/kryo/KryoSerializerSnapshot_KryoSerializerconfigureKryoLogging_LogTRACEFikaTest.java
[DEBUG-STREAM] Processing node: validate_constraints, has iteration_log: True, approved=False
[Validate] PASSED - hard constraints satisfied
[DEBUG-STREAM] Processing node: run, has iteration_log: True, approved=False
[Run] feedback_chars=996
[DEBUG-STREAM] Processing node: check_coverage, has iteration_log: True, approved=False
[Coverage] target 'com.esotericsoftware.minlog.Log.TRACE()' covered=False
[DEBUG-STREAM] Processing node: decide, has iteration_log: True, approved=False
[Decide] approved=False (tests failed, will retry if iteration<5)
[DEBUG-STREAM] Processing node: generate, has iteration_log: True, approved=False
[Generate] produced 1730 chars
/part/01/Tmp/gamageyo/fika/experiments/flink/flink-core
[DEBUG-STREAM] Processing node: write, has iteration_log: True, approved=False
[Write] wrote to /part/01/Tmp/gamageyo/fika/experiments/flink/flink-core/src/test/java/org/apache/flink/api/java/typeutils/runtime/kryo/KryoSerializerSnapshot_KryoSerializerconfigureKryoLogging_LogTRACEFikaTest.java
[DEBUG-STREAM] Processing node: validate_constraints, has iteration_log: True, approved=False
[Validate] PASSED - hard constraints satisfied
[DEBUG-STREAM] Processing node: run, has iteration_log: True, approved=False
[Run] feedback_chars=1575
[DEBUG-STREAM] Processing node: check_coverage, has iteration_log: True, approved=False
[Coverage] target 'com.esotericsoftware.minlog.Log.TRACE()' covered=False
[DEBUG-STREAM] Processing node: decide, has iteration_log: True, approved=False
[Decide] approved=False (tests failed, will retry if iteration<5)
[DEBUG-STREAM] Processing node: generate, has iteration_log: True, approved=False
[Generate] produced 2819 chars
/part/01/Tmp/gamageyo/fika/experiments/flink/flink-core
[DEBUG-STREAM] Processing node: write, has iteration_log: True, approved=False
[Write] wrote to /part/01/Tmp/gamageyo/fika/experiments/flink/flink-core/src/test/java/org/apache/flink/api/java/typeutils/runtime/kryo/KryoSerializerSnapshot_KryoSerializerconfigureKryoLogging_LogTRACEFikaTest.java
[DEBUG-STREAM] Processing node: validate_constraints, has iteration_log: True, approved=False
[Validate] PASSED - hard constraints satisfied
[DEBUG-STREAM] Processing node: run, has iteration_log: True, approved=False
[Run] feedback_chars=2298
[DEBUG-STREAM] Processing node: check_coverage, has iteration_log: True, approved=False
[Coverage] target 'com.esotericsoftware.minlog.Log.TRACE()' covered=False
[DEBUG-STREAM] Processing node: decide, has iteration_log: True, approved=False
[Decide] approved=False (tests failed, will retry if iteration<5)
[DEBUG-STREAM] Processing node: finalize, has iteration_log: True, approved=False
[Finalize] Cleaned up unsuccessful test file: /part/01/Tmp/gamageyo/fika/experiments/flink/flink-core/src/test/java/org/apache/flink/api/java/typeutils/runtime/kryo/KryoSerializerSnapshot_KryoSerializerconfigureKryoLogging_LogTRACEFikaTest.java

[DEBUG] Stream completed. final_state is set
[DEBUG] final_state keys: ['repo_root', 'mvn_cmd', 'max_iterations', 'run_only_generated_test', 'entryPoint', 'thirdPartyMethod', 'directCaller', 'path', 'methodSources', 'constructors', 'setters', 'fieldDeclarations', 'imports', 'testTemplate', 'conditionCount', 'callCount', 'covered', 'test_package', 'test_class_name', 'iteration', 'java_source', 'last_run_output', 'last_exit_code', 'success', 'approved', 'test_rel_path', 'trace', 'target_method_covered', 'coverage_total_lines', 'coverage_error', 'path_coverage_details', 'iteration_log', 'last_prompt']
[DEBUG] approved (after bool()) = False

=== FAILURE REASON ===
Tests failed to compile or run successfully


================================================================================
PROCESSING TEST CASE 137/223
================================================================================
Entry Point: org.apache.flink.api.java.typeutils.runtime.kryo.KryoSerializer.<init>(java.lang.Class, org.apache.flink.api.common.serialization.SerializerConfig)
Third Party Method: com.esotericsoftware.minlog.Log.TRACE()
================================================================================

[DEBUG-STREAM] Processing node: generate, has iteration_log: True, approved=False
[Generate] produced 2844 chars
/part/01/Tmp/gamageyo/fika/experiments/flink/flink-core
[DEBUG-STREAM] Processing node: write, has iteration_log: True, approved=False
[Write] wrote to /part/01/Tmp/gamageyo/fika/experiments/flink/flink-core/src/test/java/org/apache/flink/api/java/typeutils/runtime/kryo/KryoSerializerconfigureKryoLogging_LogTRACEFikaTest.java
[DEBUG-STREAM] Processing node: validate_constraints, has iteration_log: True, approved=False
[Validate] PASSED - hard constraints satisfied
[DEBUG-STREAM] Processing node: run, has iteration_log: True, approved=False
[Run] feedback_chars=514
[DEBUG-STREAM] Processing node: check_coverage, has iteration_log: True, approved=False
[Coverage] target 'com.esotericsoftware.minlog.Log.TRACE()' covered=False
[DEBUG-STREAM] Processing node: decide, has iteration_log: True, approved=False
[Decide] approved=False (tests failed, will retry if iteration<5)
[DEBUG-STREAM] Processing node: generate, has iteration_log: True, approved=False
[Generate] produced 944 chars
/part/01/Tmp/gamageyo/fika/experiments/flink/flink-core
[DEBUG-STREAM] Processing node: write, has iteration_log: True, approved=False
[Write] wrote to /part/01/Tmp/gamageyo/fika/experiments/flink/flink-core/src/test/java/org/apache/flink/api/java/typeutils/runtime/kryo/KryoSerializerconfigureKryoLogging_LogTRACEFikaTest.java
[DEBUG-STREAM] Processing node: validate_constraints, has iteration_log: True, approved=False
[Validate] PASSED - hard constraints satisfied
[DEBUG-STREAM] Processing node: run, has iteration_log: True, approved=False
[Run] feedback_chars=2037
[DEBUG-STREAM] Processing node: check_coverage, has iteration_log: True, approved=False
[Coverage] target 'com.esotericsoftware.minlog.Log.TRACE()' covered=False
[DEBUG-STREAM] Processing node: decide, has iteration_log: True, approved=False
[Decide] approved=False (tests failed, will retry if iteration<5)
[DEBUG-STREAM] Processing node: generate, has iteration_log: True, approved=False
[Generate] produced 1804 chars
/part/01/Tmp/gamageyo/fika/experiments/flink/flink-core
[DEBUG-STREAM] Processing node: write, has iteration_log: True, approved=False
[Write] wrote to /part/01/Tmp/gamageyo/fika/experiments/flink/flink-core/src/test/java/org/apache/flink/api/java/typeutils/runtime/kryo/KryoSerializerconfigureKryoLogging_LogTRACEFikaTest.java
[DEBUG-STREAM] Processing node: validate_constraints, has iteration_log: True, approved=False
[Validate] PASSED - hard constraints satisfied
[DEBUG-STREAM] Processing node: run, has iteration_log: True, approved=False
[Run] feedback_chars=12195
[DEBUG-STREAM] Processing node: check_coverage, has iteration_log: True, approved=False
[Coverage] target 'com.esotericsoftware.minlog.Log.TRACE()' covered=False
[DEBUG-STREAM] Processing node: decide, has iteration_log: True, approved=False
[Decide] approved=False (tests passed but target method NOT covered, will retry if iteration<5)
[DEBUG-STREAM] Processing node: generate, has iteration_log: True, approved=False
[Generate] produced 1417 chars
/part/01/Tmp/gamageyo/fika/experiments/flink/flink-core
[DEBUG-STREAM] Processing node: write, has iteration_log: True, approved=False
[Write] wrote to /part/01/Tmp/gamageyo/fika/experiments/flink/flink-core/src/test/java/org/apache/flink/api/java/typeutils/runtime/kryo/KryoSerializerconfigureKryoLogging_LogTRACEFikaTest.java
[DEBUG-STREAM] Processing node: validate_constraints, has iteration_log: True, approved=False
[Validate] PASSED - hard constraints satisfied
[DEBUG-STREAM] Processing node: run, has iteration_log: True, approved=False
[Run] feedback_chars=987
[DEBUG-STREAM] Processing node: check_coverage, has iteration_log: True, approved=False
[Coverage] target 'com.esotericsoftware.minlog.Log.TRACE()' covered=False
[DEBUG-STREAM] Processing node: decide, has iteration_log: True, approved=False
[Decide] approved=False (tests failed, will retry if iteration<5)
[DEBUG-STREAM] Processing node: generate, has iteration_log: True, approved=False
[Generate] produced 4051 chars
/part/01/Tmp/gamageyo/fika/experiments/flink/flink-core
[DEBUG-STREAM] Processing node: write, has iteration_log: True, approved=False
[Write] wrote to /part/01/Tmp/gamageyo/fika/experiments/flink/flink-core/src/test/java/org/apache/flink/api/java/typeutils/runtime/kryo/KryoSerializerconfigureKryoLogging_LogTRACEFikaTest.java
[DEBUG-STREAM] Processing node: validate_constraints, has iteration_log: True, approved=False
[Validate] PASSED - hard constraints satisfied
[DEBUG-STREAM] Processing node: run, has iteration_log: True, approved=False
[Run] feedback_chars=514
[DEBUG-STREAM] Processing node: check_coverage, has iteration_log: True, approved=False
[Coverage] target 'com.esotericsoftware.minlog.Log.TRACE()' covered=False
[DEBUG-STREAM] Processing node: decide, has iteration_log: True, approved=False
[Decide] approved=False (tests failed, will retry if iteration<5)
[DEBUG-STREAM] Processing node: finalize, has iteration_log: True, approved=False
[Finalize] Cleaned up unsuccessful test file: /part/01/Tmp/gamageyo/fika/experiments/flink/flink-core/src/test/java/org/apache/flink/api/java/typeutils/runtime/kryo/KryoSerializerconfigureKryoLogging_LogTRACEFikaTest.java

[DEBUG] Stream completed. final_state is set
[DEBUG] final_state keys: ['repo_root', 'mvn_cmd', 'max_iterations', 'run_only_generated_test', 'entryPoint', 'thirdPartyMethod', 'directCaller', 'path', 'methodSources', 'constructors', 'setters', 'fieldDeclarations', 'imports', 'testTemplate', 'conditionCount', 'callCount', 'covered', 'test_package', 'test_class_name', 'iteration', 'java_source', 'last_run_output', 'last_exit_code', 'success', 'approved', 'test_rel_path', 'trace', 'target_method_covered', 'coverage_total_lines', 'coverage_error', 'path_coverage_details', 'iteration_log', 'last_prompt']
[DEBUG] approved (after bool()) = False

=== FAILURE REASON ===
Tests failed to compile or run successfully


================================================================================
PROCESSING TEST CASE 138/223
================================================================================
Entry Point: org.apache.flink.api.java.typeutils.runtime.kryo.KryoSerializer.duplicate()
Third Party Method: com.esotericsoftware.minlog.Log.TRACE()
================================================================================

[DEBUG-STREAM] Processing node: generate, has iteration_log: True, approved=False
[Generate] produced 2484 chars
/part/01/Tmp/gamageyo/fika/experiments/flink/flink-core
[DEBUG-STREAM] Processing node: write, has iteration_log: True, approved=False
[Write] wrote to /part/01/Tmp/gamageyo/fika/experiments/flink/flink-core/src/test/java/org/apache/flink/api/java/typeutils/runtime/kryo/KryoSerializerconfigureKryoLogging_LogTRACEFikaTest2.java
[DEBUG-STREAM] Processing node: validate_constraints, has iteration_log: True, approved=False
[Validate] PASSED - hard constraints satisfied
[DEBUG-STREAM] Processing node: run, has iteration_log: True, approved=False
[Run] feedback_chars=2055
[DEBUG-STREAM] Processing node: check_coverage, has iteration_log: True, approved=False
[Coverage] target 'com.esotericsoftware.minlog.Log.TRACE()' covered=False
[DEBUG-STREAM] Processing node: decide, has iteration_log: True, approved=False
[Decide] approved=False (tests failed, will retry if iteration<5)
[DEBUG-STREAM] Processing node: generate, has iteration_log: True, approved=False
[Generate] produced 4374 chars
/part/01/Tmp/gamageyo/fika/experiments/flink/flink-core
[DEBUG-STREAM] Processing node: write, has iteration_log: True, approved=False
[Write] wrote to /part/01/Tmp/gamageyo/fika/experiments/flink/flink-core/src/test/java/org/apache/flink/api/java/typeutils/runtime/kryo/KryoSerializerconfigureKryoLogging_LogTRACEFikaTest2.java
[DEBUG-STREAM] Processing node: validate_constraints, has iteration_log: True, approved=False
[Validate] PASSED - hard constraints satisfied
[DEBUG-STREAM] Processing node: run, has iteration_log: True, approved=False
[Run] feedback_chars=717
[DEBUG-STREAM] Processing node: check_coverage, has iteration_log: True, approved=False
[Coverage] target 'com.esotericsoftware.minlog.Log.TRACE()' covered=False
[DEBUG-STREAM] Processing node: decide, has iteration_log: True, approved=False
[Decide] approved=False (tests failed, will retry if iteration<5)
[DEBUG-STREAM] Processing node: generate, has iteration_log: True, approved=False
[Generate] produced 1563 chars
/part/01/Tmp/gamageyo/fika/experiments/flink/flink-core
[DEBUG-STREAM] Processing node: write, has iteration_log: True, approved=False
[Write] wrote to /part/01/Tmp/gamageyo/fika/experiments/flink/flink-core/src/test/java/org/apache/flink/api/java/typeutils/runtime/kryo/KryoSerializerconfigureKryoLogging_LogTRACEFikaTest2.java
[DEBUG-STREAM] Processing node: validate_constraints, has iteration_log: True, approved=False
[Validate] PASSED - hard constraints satisfied
[DEBUG-STREAM] Processing node: run, has iteration_log: True, approved=False
[Run] feedback_chars=584
[DEBUG-STREAM] Processing node: check_coverage, has iteration_log: True, approved=False
[Coverage] target 'com.esotericsoftware.minlog.Log.TRACE()' covered=False
[DEBUG-STREAM] Processing node: decide, has iteration_log: True, approved=False
[Decide] approved=False (tests failed, will retry if iteration<5)
[DEBUG-STREAM] Processing node: generate, has iteration_log: True, approved=False
[Generate] produced 1440 chars
/part/01/Tmp/gamageyo/fika/experiments/flink/flink-core
[DEBUG-STREAM] Processing node: write, has iteration_log: True, approved=False
[Write] wrote to /part/01/Tmp/gamageyo/fika/experiments/flink/flink-core/src/test/java/org/apache/flink/api/java/typeutils/runtime/kryo/KryoSerializerconfigureKryoLogging_LogTRACEFikaTest2.java
[DEBUG-STREAM] Processing node: validate_constraints, has iteration_log: True, approved=False
[Validate] PASSED - hard constraints satisfied
[DEBUG-STREAM] Processing node: run, has iteration_log: True, approved=False
[Run] feedback_chars=12195
[DEBUG-STREAM] Processing node: check_coverage, has iteration_log: True, approved=False
[Coverage] target 'com.esotericsoftware.minlog.Log.TRACE()' covered=False
[DEBUG-STREAM] Processing node: decide, has iteration_log: True, approved=False
[Decide] approved=False (tests passed but target method NOT covered, will retry if iteration<5)
[DEBUG-STREAM] Processing node: generate, has iteration_log: True, approved=False
[Generate] produced 2354 chars
/part/01/Tmp/gamageyo/fika/experiments/flink/flink-core
[DEBUG-STREAM] Processing node: write, has iteration_log: True, approved=False
[Write] wrote to /part/01/Tmp/gamageyo/fika/experiments/flink/flink-core/src/test/java/org/apache/flink/api/java/typeutils/runtime/kryo/KryoSerializerconfigureKryoLogging_LogTRACEFikaTest2.java
[DEBUG-STREAM] Processing node: validate_constraints, has iteration_log: True, approved=False
[Validate] PASSED - hard constraints satisfied
[DEBUG-STREAM] Processing node: run, has iteration_log: True, approved=False
[Run] feedback_chars=12195
[DEBUG-STREAM] Processing node: check_coverage, has iteration_log: True, approved=False
[Coverage] target 'com.esotericsoftware.minlog.Log.TRACE()' covered=False
[DEBUG-STREAM] Processing node: decide, has iteration_log: True, approved=False
[Decide] approved=False (tests passed but target method NOT covered, will retry if iteration<5)
[DEBUG-STREAM] Processing node: finalize, has iteration_log: True, approved=False
[Finalize] Cleaned up unsuccessful test file: /part/01/Tmp/gamageyo/fika/experiments/flink/flink-core/src/test/java/org/apache/flink/api/java/typeutils/runtime/kryo/KryoSerializerconfigureKryoLogging_LogTRACEFikaTest2.java

[DEBUG] Stream completed. final_state is set
[DEBUG] final_state keys: ['repo_root', 'mvn_cmd', 'max_iterations', 'run_only_generated_test', 'entryPoint', 'thirdPartyMethod', 'directCaller', 'path', 'methodSources', 'constructors', 'setters', 'fieldDeclarations', 'imports', 'testTemplate', 'conditionCount', 'callCount', 'covered', 'test_package', 'test_class_name', 'iteration', 'java_source', 'last_run_output', 'last_exit_code', 'success', 'approved', 'test_rel_path', 'trace', 'target_method_covered', 'coverage_total_lines', 'coverage_error', 'path_coverage_details', 'iteration_log', 'last_prompt']
[DEBUG] approved (after bool()) = False

=== FAILURE REASON ===
Tests passed but target third-party method was NOT covered
   Target: com.esotericsoftware.minlog.Log.TRACE()


================================================================================
PROCESSING TEST CASE 139/223
================================================================================
Entry Point: org.apache.flink.configuration.ConfigurationUtils.parseMapToString(java.util.Map)
Third Party Method: org.snakeyaml.engine.v2.api.LoadSettingsBuilder.setSchema(org.snakeyaml.engine.v2.schema.Schema)
================================================================================

⊙ Skipping test case 139: Already marked as covered in JSON file
  (Third Party Method: org.snakeyaml.engine.v2.api.LoadSettingsBuilder.setSchema(org.snakeyaml.engine.v2.schema.Schema))
  (Direct Caller: org.apache.flink.configuration.YamlParserUtils.<clinit>())

================================================================================
PROCESSING TEST CASE 140/223
================================================================================
Entry Point: org.apache.flink.configuration.ConfigurationUtils.parseStringToMap(java.lang.String)
Third Party Method: org.snakeyaml.engine.v2.api.LoadSettingsBuilder.setSchema(org.snakeyaml.engine.v2.schema.Schema)
================================================================================

⊙ Skipping test case 140: Already marked as covered in JSON file
  (Third Party Method: org.snakeyaml.engine.v2.api.LoadSettingsBuilder.setSchema(org.snakeyaml.engine.v2.schema.Schema))
  (Direct Caller: org.apache.flink.configuration.YamlParserUtils.<clinit>())

================================================================================
PROCESSING TEST CASE 141/223
================================================================================
Entry Point: org.apache.flink.api.java.typeutils.runtime.kryo.KryoSerializerSnapshot.restoreSerializer()
Third Party Method: com.esotericsoftware.minlog.Log.setLogger(com.esotericsoftware.minlog.Log.Logger)
================================================================================

[DEBUG-STREAM] Processing node: generate, has iteration_log: True, approved=False
[Generate] produced 2778 chars
/part/01/Tmp/gamageyo/fika/experiments/flink/flink-core
[DEBUG-STREAM] Processing node: write, has iteration_log: True, approved=False
[Write] wrote to /part/01/Tmp/gamageyo/fika/experiments/flink/flink-core/src/test/java/org/apache/flink/api/java/typeutils/runtime/kryo/KryoSerializerSnapshot_KryoSerializerconfigureKryoLogging_LogsetLoggerFikaTest.java
[DEBUG-STREAM] Processing node: validate_constraints, has iteration_log: True, approved=False
[Validate] PASSED - hard constraints satisfied
[DEBUG-STREAM] Processing node: run, has iteration_log: True, approved=False
[Run] feedback_chars=1333
[DEBUG-STREAM] Processing node: check_coverage, has iteration_log: True, approved=False
[Coverage] target 'com.esotericsoftware.minlog.Log.setLogger(com.esotericsoftware.minlog.Log.Logger)' covered=False
[DEBUG-STREAM] Processing node: decide, has iteration_log: True, approved=False
[Decide] approved=False (tests failed, will retry if iteration<5)
[DEBUG-STREAM] Processing node: generate, has iteration_log: True, approved=False
[Generate] produced 2498 chars
/part/01/Tmp/gamageyo/fika/experiments/flink/flink-core
[DEBUG-STREAM] Processing node: write, has iteration_log: True, approved=False
[Write] wrote to /part/01/Tmp/gamageyo/fika/experiments/flink/flink-core/src/test/java/org/apache/flink/api/java/typeutils/runtime/kryo/KryoSerializerSnapshot_KryoSerializerconfigureKryoLogging_LogsetLoggerFikaTest.java
[DEBUG-STREAM] Processing node: validate_constraints, has iteration_log: True, approved=False
[Validate] PASSED - hard constraints satisfied
[DEBUG-STREAM] Processing node: run, has iteration_log: True, approved=False
[Run] feedback_chars=614
[DEBUG-STREAM] Processing node: check_coverage, has iteration_log: True, approved=False
[Coverage] target 'com.esotericsoftware.minlog.Log.setLogger(com.esotericsoftware.minlog.Log.Logger)' covered=False
[DEBUG-STREAM] Processing node: decide, has iteration_log: True, approved=False
[Decide] approved=False (tests failed, will retry if iteration<5)
[DEBUG-STREAM] Processing node: generate, has iteration_log: True, approved=False
[Generate] produced 3364 chars
/part/01/Tmp/gamageyo/fika/experiments/flink/flink-core
[DEBUG-STREAM] Processing node: write, has iteration_log: True, approved=False
[Write] wrote to /part/01/Tmp/gamageyo/fika/experiments/flink/flink-core/src/test/java/org/apache/flink/api/java/typeutils/runtime/kryo/KryoSerializerSnapshot_KryoSerializerconfigureKryoLogging_LogsetLoggerFikaTest.java
[DEBUG-STREAM] Processing node: validate_constraints, has iteration_log: True, approved=False
[Validate] PASSED - hard constraints satisfied
[DEBUG-STREAM] Processing node: run, has iteration_log: True, approved=False
[Run] feedback_chars=1152
[DEBUG-STREAM] Processing node: check_coverage, has iteration_log: True, approved=False
[Coverage] target 'com.esotericsoftware.minlog.Log.setLogger(com.esotericsoftware.minlog.Log.Logger)' covered=False
[DEBUG-STREAM] Processing node: decide, has iteration_log: True, approved=False
[Decide] approved=False (tests failed, will retry if iteration<5)
[DEBUG-STREAM] Processing node: generate, has iteration_log: True, approved=False
[Generate] produced 1903 chars
/part/01/Tmp/gamageyo/fika/experiments/flink/flink-core
[DEBUG-STREAM] Processing node: write, has iteration_log: True, approved=False
[Write] wrote to /part/01/Tmp/gamageyo/fika/experiments/flink/flink-core/src/test/java/org/apache/flink/api/java/typeutils/runtime/kryo/KryoSerializerSnapshot_KryoSerializerconfigureKryoLogging_LogsetLoggerFikaTest.java
[DEBUG-STREAM] Processing node: validate_constraints, has iteration_log: True, approved=False
[Validate] PASSED - hard constraints satisfied
[DEBUG-STREAM] Processing node: run, has iteration_log: True, approved=False
[Run] feedback_chars=1922
[DEBUG-STREAM] Processing node: check_coverage, has iteration_log: True, approved=False
[Coverage] target 'com.esotericsoftware.minlog.Log.setLogger(com.esotericsoftware.minlog.Log.Logger)' covered=False
[DEBUG-STREAM] Processing node: decide, has iteration_log: True, approved=False
[Decide] approved=False (tests failed, will retry if iteration<5)
[DEBUG-STREAM] Processing node: generate, has iteration_log: True, approved=False
[Generate] produced 2037 chars
/part/01/Tmp/gamageyo/fika/experiments/flink/flink-core
[DEBUG-STREAM] Processing node: write, has iteration_log: True, approved=False
[Write] wrote to /part/01/Tmp/gamageyo/fika/experiments/flink/flink-core/src/test/java/org/apache/flink/api/java/typeutils/runtime/kryo/KryoSerializerSnapshot_KryoSerializerconfigureKryoLogging_LogsetLoggerFikaTest.java
[DEBUG-STREAM] Processing node: validate_constraints, has iteration_log: True, approved=False
[Validate] PASSED - hard constraints satisfied
[DEBUG-STREAM] Processing node: run, has iteration_log: True, approved=False
[Run] feedback_chars=3873
[DEBUG-STREAM] Processing node: check_coverage, has iteration_log: True, approved=False
[Coverage] target 'com.esotericsoftware.minlog.Log.setLogger(com.esotericsoftware.minlog.Log.Logger)' covered=False
[DEBUG-STREAM] Processing node: decide, has iteration_log: True, approved=False
[Decide] approved=False (tests failed, will retry if iteration<5)
[DEBUG-STREAM] Processing node: finalize, has iteration_log: True, approved=False
[Finalize] Cleaned up unsuccessful test file: /part/01/Tmp/gamageyo/fika/experiments/flink/flink-core/src/test/java/org/apache/flink/api/java/typeutils/runtime/kryo/KryoSerializerSnapshot_KryoSerializerconfigureKryoLogging_LogsetLoggerFikaTest.java

[DEBUG] Stream completed. final_state is set
[DEBUG] final_state keys: ['repo_root', 'mvn_cmd', 'max_iterations', 'run_only_generated_test', 'entryPoint', 'thirdPartyMethod', 'directCaller', 'path', 'methodSources', 'constructors', 'setters', 'fieldDeclarations', 'imports', 'testTemplate', 'conditionCount', 'callCount', 'covered', 'test_package', 'test_class_name', 'iteration', 'java_source', 'last_run_output', 'last_exit_code', 'success', 'approved', 'test_rel_path', 'trace', 'target_method_covered', 'coverage_total_lines', 'coverage_error', 'path_coverage_details', 'iteration_log', 'last_prompt']
[DEBUG] approved (after bool()) = False

=== FAILURE REASON ===
Tests failed to compile or run successfully


================================================================================
PROCESSING TEST CASE 142/223
================================================================================
Entry Point: org.apache.flink.api.java.typeutils.runtime.kryo.KryoSerializer.<init>(java.lang.Class, org.apache.flink.api.common.serialization.SerializerConfig)
Third Party Method: com.esotericsoftware.minlog.Log.setLogger(com.esotericsoftware.minlog.Log.Logger)
================================================================================

[DEBUG-STREAM] Processing node: generate, has iteration_log: True, approved=False
[Generate] produced 1086 chars
/part/01/Tmp/gamageyo/fika/experiments/flink/flink-core
[DEBUG-STREAM] Processing node: write, has iteration_log: True, approved=False
[Write] wrote to /part/01/Tmp/gamageyo/fika/experiments/flink/flink-core/src/test/java/org/apache/flink/api/java/typeutils/runtime/kryo/KryoSerializerconfigureKryoLogging_LogsetLoggerFikaTest.java
[DEBUG-STREAM] Processing node: validate_constraints, has iteration_log: True, approved=False
[Validate] PASSED - hard constraints satisfied
[DEBUG-STREAM] Processing node: run, has iteration_log: True, approved=False
[Run] feedback_chars=12195
[DEBUG-STREAM] Processing node: check_coverage, has iteration_log: True, approved=False
[Coverage] target 'com.esotericsoftware.minlog.Log.setLogger(com.esotericsoftware.minlog.Log.Logger)' covered=False
[DEBUG-STREAM] Processing node: decide, has iteration_log: True, approved=False
[Decide] approved=False (tests passed but target method NOT covered, will retry if iteration<5)
[DEBUG-STREAM] Processing node: generate, has iteration_log: True, approved=False
[Generate] produced 5966 chars
/part/01/Tmp/gamageyo/fika/experiments/flink/flink-core
[DEBUG-STREAM] Processing node: write, has iteration_log: True, approved=False
[Write] wrote to /part/01/Tmp/gamageyo/fika/experiments/flink/flink-core/src/test/java/org/apache/flink/api/java/typeutils/runtime/kryo/KryoSerializerconfigureKryoLogging_LogsetLoggerFikaTest.java
[DEBUG-STREAM] Processing node: validate_constraints, has iteration_log: True, approved=False
[Validate] PASSED - hard constraints satisfied
[DEBUG-STREAM] Processing node: run, has iteration_log: True, approved=False
[Run] feedback_chars=723
[DEBUG-STREAM] Processing node: check_coverage, has iteration_log: True, approved=False
[Coverage] target 'com.esotericsoftware.minlog.Log.setLogger(com.esotericsoftware.minlog.Log.Logger)' covered=False
[DEBUG-STREAM] Processing node: decide, has iteration_log: True, approved=False
[Decide] approved=False (tests failed, will retry if iteration<5)
[DEBUG-STREAM] Processing node: generate, has iteration_log: True, approved=False
[Generate] produced 7338 chars
/part/01/Tmp/gamageyo/fika/experiments/flink/flink-core
[DEBUG-STREAM] Processing node: write, has iteration_log: True, approved=False
[Write] wrote to /part/01/Tmp/gamageyo/fika/experiments/flink/flink-core/src/test/java/org/apache/flink/api/java/typeutils/runtime/kryo/KryoSerializerconfigureKryoLogging_LogsetLoggerFikaTest.java
[DEBUG-STREAM] Processing node: validate_constraints, has iteration_log: True, approved=False
[Validate] FAILED - hard constraints violated
[DEBUG-STREAM] Processing node: decide, has iteration_log: True, approved=False
[Decide] approved=False (hard constraint violation, will retry if iteration<5)
[DEBUG-STREAM] Processing node: generate, has iteration_log: True, approved=False
[Generate] produced 3391 chars
/part/01/Tmp/gamageyo/fika/experiments/flink/flink-core
[DEBUG-STREAM] Processing node: write, has iteration_log: True, approved=False
[Write] wrote to /part/01/Tmp/gamageyo/fika/experiments/flink/flink-core/src/test/java/org/apache/flink/api/java/typeutils/runtime/kryo/KryoSerializerconfigureKryoLogging_LogsetLoggerFikaTest.java
[DEBUG-STREAM] Processing node: validate_constraints, has iteration_log: True, approved=False
[Validate] PASSED - hard constraints satisfied
[DEBUG-STREAM] Processing node: run, has iteration_log: True, approved=False
[Run] feedback_chars=12195
[DEBUG-STREAM] Processing node: check_coverage, has iteration_log: True, approved=False
[Coverage] target 'com.esotericsoftware.minlog.Log.setLogger(com.esotericsoftware.minlog.Log.Logger)' covered=False
[DEBUG-STREAM] Processing node: decide, has iteration_log: True, approved=False
[Decide] approved=False (tests passed but target method NOT covered, will retry if iteration<5)
[DEBUG-STREAM] Processing node: generate, has iteration_log: True, approved=False
[Generate] produced 1626 chars
/part/01/Tmp/gamageyo/fika/experiments/flink/flink-core
[DEBUG-STREAM] Processing node: write, has iteration_log: True, approved=False
[Write] wrote to /part/01/Tmp/gamageyo/fika/experiments/flink/flink-core/src/test/java/org/apache/flink/api/java/typeutils/runtime/kryo/KryoSerializerconfigureKryoLogging_LogsetLoggerFikaTest.java
[DEBUG-STREAM] Processing node: validate_constraints, has iteration_log: True, approved=False
[Validate] PASSED - hard constraints satisfied
[DEBUG-STREAM] Processing node: run, has iteration_log: True, approved=False
[Run] feedback_chars=999
[DEBUG-STREAM] Processing node: check_coverage, has iteration_log: True, approved=False
[Coverage] target 'com.esotericsoftware.minlog.Log.setLogger(com.esotericsoftware.minlog.Log.Logger)' covered=False
[DEBUG-STREAM] Processing node: decide, has iteration_log: True, approved=False
[Decide] approved=False (tests failed, will retry if iteration<5)
[DEBUG-STREAM] Processing node: finalize, has iteration_log: True, approved=False
[Finalize] Cleaned up unsuccessful test file: /part/01/Tmp/gamageyo/fika/experiments/flink/flink-core/src/test/java/org/apache/flink/api/java/typeutils/runtime/kryo/KryoSerializerconfigureKryoLogging_LogsetLoggerFikaTest.java

[DEBUG] Stream completed. final_state is set
[DEBUG] final_state keys: ['repo_root', 'mvn_cmd', 'max_iterations', 'run_only_generated_test', 'entryPoint', 'thirdPartyMethod', 'directCaller', 'path', 'methodSources', 'constructors', 'setters', 'fieldDeclarations', 'imports', 'testTemplate', 'conditionCount', 'callCount', 'covered', 'test_package', 'test_class_name', 'iteration', 'java_source', 'last_run_output', 'last_exit_code', 'success', 'approved', 'test_rel_path', 'trace', 'target_method_covered', 'coverage_total_lines', 'coverage_error', 'path_coverage_details', 'iteration_log', 'last_prompt']
[DEBUG] approved (after bool()) = False

=== FAILURE REASON ===
Tests failed to compile or run successfully


================================================================================
PROCESSING TEST CASE 143/223
================================================================================
Entry Point: org.apache.flink.api.java.typeutils.runtime.kryo.KryoSerializer.duplicate()
Third Party Method: com.esotericsoftware.minlog.Log.setLogger(com.esotericsoftware.minlog.Log.Logger)
================================================================================

[DEBUG-STREAM] Processing node: generate, has iteration_log: True, approved=False
[Generate] produced 2558 chars
/part/01/Tmp/gamageyo/fika/experiments/flink/flink-core
[DEBUG-STREAM] Processing node: write, has iteration_log: True, approved=False
[Write] wrote to /part/01/Tmp/gamageyo/fika/experiments/flink/flink-core/src/test/java/org/apache/flink/api/java/typeutils/runtime/kryo/KryoSerializerconfigureKryoLogging_LogsetLoggerFikaTest2.java
[DEBUG-STREAM] Processing node: validate_constraints, has iteration_log: True, approved=False
[Validate] PASSED - hard constraints satisfied
[DEBUG-STREAM] Processing node: run, has iteration_log: True, approved=False
[Run] feedback_chars=2217
[DEBUG-STREAM] Processing node: check_coverage, has iteration_log: True, approved=False
[Coverage] target 'com.esotericsoftware.minlog.Log.setLogger(com.esotericsoftware.minlog.Log.Logger)' covered=False
[DEBUG-STREAM] Processing node: decide, has iteration_log: True, approved=False
[Decide] approved=False (tests failed, will retry if iteration<5)
[DEBUG-STREAM] Processing node: generate, has iteration_log: True, approved=False
[Generate] produced 2848 chars
/part/01/Tmp/gamageyo/fika/experiments/flink/flink-core
[DEBUG-STREAM] Processing node: write, has iteration_log: True, approved=False
[Write] wrote to /part/01/Tmp/gamageyo/fika/experiments/flink/flink-core/src/test/java/org/apache/flink/api/java/typeutils/runtime/kryo/KryoSerializerconfigureKryoLogging_LogsetLoggerFikaTest2.java
[DEBUG-STREAM] Processing node: validate_constraints, has iteration_log: True, approved=False
[Validate] PASSED - hard constraints satisfied
[DEBUG-STREAM] Processing node: run, has iteration_log: True, approved=False
[Run] feedback_chars=891
[DEBUG-STREAM] Processing node: check_coverage, has iteration_log: True, approved=False
[Coverage] target 'com.esotericsoftware.minlog.Log.setLogger(com.esotericsoftware.minlog.Log.Logger)' covered=False
[DEBUG-STREAM] Processing node: decide, has iteration_log: True, approved=False
[Decide] approved=False (tests failed, will retry if iteration<5)
[DEBUG-STREAM] Processing node: generate, has iteration_log: True, approved=False
[Generate] produced 1955 chars
/part/01/Tmp/gamageyo/fika/experiments/flink/flink-core
[DEBUG-STREAM] Processing node: write, has iteration_log: True, approved=False
[Write] wrote to /part/01/Tmp/gamageyo/fika/experiments/flink/flink-core/src/test/java/org/apache/flink/api/java/typeutils/runtime/kryo/KryoSerializerconfigureKryoLogging_LogsetLoggerFikaTest2.java
[DEBUG-STREAM] Processing node: validate_constraints, has iteration_log: True, approved=False
[Validate] PASSED - hard constraints satisfied
[DEBUG-STREAM] Processing node: run, has iteration_log: True, approved=False
[Run] feedback_chars=2091
[DEBUG-STREAM] Processing node: check_coverage, has iteration_log: True, approved=False
[Coverage] target 'com.esotericsoftware.minlog.Log.setLogger(com.esotericsoftware.minlog.Log.Logger)' covered=False
[DEBUG-STREAM] Processing node: decide, has iteration_log: True, approved=False
[Decide] approved=False (tests failed, will retry if iteration<5)
[DEBUG-STREAM] Processing node: generate, has iteration_log: True, approved=False
[Generate] produced 2819 chars
/part/01/Tmp/gamageyo/fika/experiments/flink/flink-core
[DEBUG-STREAM] Processing node: write, has iteration_log: True, approved=False
[Write] wrote to /part/01/Tmp/gamageyo/fika/experiments/flink/flink-core/src/test/java/org/apache/flink/api/java/typeutils/runtime/kryo/KryoSerializerconfigureKryoLogging_LogsetLoggerFikaTest2.java
[DEBUG-STREAM] Processing node: validate_constraints, has iteration_log: True, approved=False
[Validate] PASSED - hard constraints satisfied
[DEBUG-STREAM] Processing node: run, has iteration_log: True, approved=False
[Run] feedback_chars=1629
[DEBUG-STREAM] Processing node: check_coverage, has iteration_log: True, approved=False
[Coverage] target 'com.esotericsoftware.minlog.Log.setLogger(com.esotericsoftware.minlog.Log.Logger)' covered=False
[DEBUG-STREAM] Processing node: decide, has iteration_log: True, approved=False
[Decide] approved=False (tests failed, will retry if iteration<5)
[DEBUG-STREAM] Processing node: generate, has iteration_log: True, approved=False
[Generate] produced 2398 chars
/part/01/Tmp/gamageyo/fika/experiments/flink/flink-core
[DEBUG-STREAM] Processing node: write, has iteration_log: True, approved=False
[Write] wrote to /part/01/Tmp/gamageyo/fika/experiments/flink/flink-core/src/test/java/org/apache/flink/api/java/typeutils/runtime/kryo/KryoSerializerconfigureKryoLogging_LogsetLoggerFikaTest2.java
[DEBUG-STREAM] Processing node: validate_constraints, has iteration_log: True, approved=False
[Validate] PASSED - hard constraints satisfied
[DEBUG-STREAM] Processing node: run, has iteration_log: True, approved=False
[Run] feedback_chars=1146
[DEBUG-STREAM] Processing node: check_coverage, has iteration_log: True, approved=False
[Coverage] target 'com.esotericsoftware.minlog.Log.setLogger(com.esotericsoftware.minlog.Log.Logger)' covered=False
[DEBUG-STREAM] Processing node: decide, has iteration_log: True, approved=False
[Decide] approved=False (tests failed, will retry if iteration<5)
[DEBUG-STREAM] Processing node: finalize, has iteration_log: True, approved=False
[Finalize] Cleaned up unsuccessful test file: /part/01/Tmp/gamageyo/fika/experiments/flink/flink-core/src/test/java/org/apache/flink/api/java/typeutils/runtime/kryo/KryoSerializerconfigureKryoLogging_LogsetLoggerFikaTest2.java

[DEBUG] Stream completed. final_state is set
[DEBUG] final_state keys: ['repo_root', 'mvn_cmd', 'max_iterations', 'run_only_generated_test', 'entryPoint', 'thirdPartyMethod', 'directCaller', 'path', 'methodSources', 'constructors', 'setters', 'fieldDeclarations', 'imports', 'testTemplate', 'conditionCount', 'callCount', 'covered', 'test_package', 'test_class_name', 'iteration', 'java_source', 'last_run_output', 'last_exit_code', 'success', 'approved', 'test_rel_path', 'trace', 'target_method_covered', 'coverage_total_lines', 'coverage_error', 'path_coverage_details', 'iteration_log', 'last_prompt']
[DEBUG] approved (after bool()) = False

=== FAILURE REASON ===
Tests failed to compile or run successfully


================================================================================
PROCESSING TEST CASE 144/223
================================================================================
Entry Point: org.apache.flink.configuration.ConfigurationUtils.parseMapToString(java.util.Map)
Third Party Method: org.snakeyaml.engine.v2.api.Load.<init>(org.snakeyaml.engine.v2.api.LoadSettings)
================================================================================

⊙ Skipping test case 144: Already marked as covered in JSON file
  (Third Party Method: org.snakeyaml.engine.v2.api.Load.<init>(org.snakeyaml.engine.v2.api.LoadSettings))
  (Direct Caller: org.apache.flink.configuration.YamlParserUtils.<clinit>())

================================================================================
PROCESSING TEST CASE 145/223
================================================================================
Entry Point: org.apache.flink.configuration.ConfigurationUtils.parseStringToMap(java.lang.String)
Third Party Method: org.snakeyaml.engine.v2.api.Load.<init>(org.snakeyaml.engine.v2.api.LoadSettings)
================================================================================

⊙ Skipping test case 145: Already marked as covered in JSON file
  (Third Party Method: org.snakeyaml.engine.v2.api.Load.<init>(org.snakeyaml.engine.v2.api.LoadSettings))
  (Direct Caller: org.apache.flink.configuration.YamlParserUtils.<clinit>())

================================================================================
PROCESSING TEST CASE 146/223
================================================================================
Entry Point: org.apache.flink.configuration.Configuration.toMap()
Third Party Method: org.snakeyaml.engine.v2.api.DumpSettingsBuilder.setDefaultFlowStyle(org.snakeyaml.engine.v2.common.FlowStyle)
================================================================================

⊙ Skipping test case 146: Already marked as covered in JSON file
  (Third Party Method: org.snakeyaml.engine.v2.api.DumpSettingsBuilder.setDefaultFlowStyle(org.snakeyaml.engine.v2.common.FlowStyle))
  (Direct Caller: org.apache.flink.configuration.YamlParserUtils.<clinit>())

================================================================================
PROCESSING TEST CASE 147/223
================================================================================
Entry Point: org.apache.flink.configuration.Configuration.toMap()
Third Party Method: org.snakeyaml.engine.v2.api.DumpSettingsBuilder.setSchema(org.snakeyaml.engine.v2.schema.Schema)
================================================================================

⊙ Skipping test case 147: Already marked as covered in JSON file
  (Third Party Method: org.snakeyaml.engine.v2.api.DumpSettingsBuilder.setSchema(org.snakeyaml.engine.v2.schema.Schema))
  (Direct Caller: org.apache.flink.configuration.YamlParserUtils.<clinit>())

================================================================================
PROCESSING TEST CASE 148/223
================================================================================
Entry Point: org.apache.flink.configuration.RestartStrategyOptions.RestartStrategyType.of(java.lang.String)
Third Party Method: org.apache.commons.compress.utils.Sets.newHashSet(java.lang.Object[])
================================================================================

[DEBUG-STREAM] Processing node: generate, has iteration_log: True, approved=False
[Generate] produced 521 chars
/part/01/Tmp/gamageyo/fika/experiments/flink/flink-core
[DEBUG-STREAM] Processing node: write, has iteration_log: True, approved=False
[Write] wrote to /part/01/Tmp/gamageyo/fika/experiments/flink/flink-core/src/test/java/org/apache/flink/configuration/RestartStrategyTypemethod_SetsnewHashSetFikaTest2.java
[DEBUG-STREAM] Processing node: validate_constraints, has iteration_log: True, approved=False
[Validate] PASSED - hard constraints satisfied
[DEBUG-STREAM] Processing node: run, has iteration_log: True, approved=False
[Run] feedback_chars=12195
[DEBUG-STREAM] Processing node: check_coverage, has iteration_log: True, approved=False
[Coverage] target 'org.apache.commons.compress.utils.Sets.newHashSet(java.lang.Object[])' covered=True
[DEBUG-STREAM] Processing node: decide, has iteration_log: True, approved=True
[Decide] approved=True (tests passed AND target method covered)
[DEBUG-STREAM] Processing node: finalize, has iteration_log: True, approved=True
[Finalize] SUCCESS: Test passed and target method covered

[DEBUG] Stream completed. final_state is set
[DEBUG] final_state keys: ['repo_root', 'mvn_cmd', 'max_iterations', 'run_only_generated_test', 'entryPoint', 'thirdPartyMethod', 'directCaller', 'path', 'methodSources', 'constructors', 'setters', 'fieldDeclarations', 'imports', 'testTemplate', 'conditionCount', 'callCount', 'covered', 'test_package', 'test_class_name', 'iteration', 'java_source', 'last_run_output', 'last_exit_code', 'success', 'approved', 'test_rel_path', 'trace', 'target_method_covered', 'coverage_total_lines', 'coverage_error', 'path_coverage_details', 'iteration_log', 'last_prompt']
[DEBUG] approved (after bool()) = True
✓ Test approved at iteration 1
  JSON path: /part/01/Tmp/gamageyo/fika/experiments/flink/flink-core/third_party_apis_full_methods.json
  Looking for thirdPartyMethod: org.apache.commons.compress.utils.Sets.newHashSet(java.lang.Object[])
  Looking for directCaller: org.apache.flink.configuration.RestartStrategyOptions.RestartStrategyType.<init>(java.lang.String, int, java.lang.String, java.util.Set)
[DEBUG]   ✓ MATCH FOUND at path 147
[DEBUG]   ✓ MATCH FOUND at path 192
[DEBUG]   ✓ MATCH FOUND at path 196
✓ Updated 3 record(s) in JSON file as covered
  Third Party Method: org.apache.commons.compress.utils.Sets.newHashSet(java.lang.Object[])
  Direct Caller: org.apache.flink.configuration.RestartStrategyOptions.RestartStrategyType.<init>(java.lang.String, int, java.lang.String, java.util.Set)

================================================================================
PROCESSING TEST CASE 149/223
================================================================================
Entry Point: org.apache.flink.configuration.Configuration.toMap()
Third Party Method: org.snakeyaml.engine.v2.api.Dump.<init>(org.snakeyaml.engine.v2.api.DumpSettings, org.snakeyaml.engine.v2.representer.BaseRepresenter)
================================================================================

[DEBUG-STREAM] Processing node: generate, has iteration_log: True, approved=False
[Generate] produced 894 chars
/part/01/Tmp/gamageyo/fika/experiments/flink/flink-core
[DEBUG-STREAM] Processing node: write, has iteration_log: True, approved=False
[Write] wrote to /part/01/Tmp/gamageyo/fika/experiments/flink/flink-core/src/test/java/org/apache/flink/configuration/Configuration_YamlParserUtilsmethod_DumpmethodFikaTest2.java
[DEBUG-STREAM] Processing node: validate_constraints, has iteration_log: True, approved=False
[Validate] PASSED - hard constraints satisfied
[DEBUG-STREAM] Processing node: run, has iteration_log: True, approved=False
[Run] feedback_chars=1789
[DEBUG-STREAM] Processing node: check_coverage, has iteration_log: True, approved=False
[Coverage] target 'org.snakeyaml.engine.v2.api.Dump.<init>(org.snakeyaml.engine.v2.api.DumpSettings, org.snakeyaml.engine.v2.representer.BaseRepresenter)' covered=False
[DEBUG-STREAM] Processing node: decide, has iteration_log: True, approved=False
[Decide] approved=False (tests failed, will retry if iteration<5)
[DEBUG-STREAM] Processing node: generate, has iteration_log: True, approved=False
[Generate] produced 1068 chars
/part/01/Tmp/gamageyo/fika/experiments/flink/flink-core
[DEBUG-STREAM] Processing node: write, has iteration_log: True, approved=False
[Write] wrote to /part/01/Tmp/gamageyo/fika/experiments/flink/flink-core/src/test/java/org/apache/flink/configuration/Configuration_YamlParserUtilsmethod_DumpmethodFikaTest2.java
[DEBUG-STREAM] Processing node: validate_constraints, has iteration_log: True, approved=False
[Validate] PASSED - hard constraints satisfied
[DEBUG-STREAM] Processing node: run, has iteration_log: True, approved=False
[Run] feedback_chars=12195
[DEBUG-STREAM] Processing node: check_coverage, has iteration_log: True, approved=False
[Coverage] target 'org.snakeyaml.engine.v2.api.Dump.<init>(org.snakeyaml.engine.v2.api.DumpSettings, org.snakeyaml.engine.v2.representer.BaseRepresenter)' covered=False
[DEBUG-STREAM] Processing node: decide, has iteration_log: True, approved=False
[Decide] approved=False (tests passed but target method NOT covered, will retry if iteration<5)
[DEBUG-STREAM] Processing node: generate, has iteration_log: True, approved=False
[Generate] produced 767 chars
/part/01/Tmp/gamageyo/fika/experiments/flink/flink-core
[DEBUG-STREAM] Processing node: write, has iteration_log: True, approved=False
[Write] wrote to /part/01/Tmp/gamageyo/fika/experiments/flink/flink-core/src/test/java/org/apache/flink/configuration/Configuration_YamlParserUtilsmethod_DumpmethodFikaTest2.java
[DEBUG-STREAM] Processing node: validate_constraints, has iteration_log: True, approved=False
[Validate] FAILED - hard constraints violated
[DEBUG-STREAM] Processing node: decide, has iteration_log: True, approved=False
[Decide] approved=False (hard constraint violation, will retry if iteration<5)
[DEBUG-STREAM] Processing node: generate, has iteration_log: True, approved=False
[Generate] produced 1064 chars
/part/01/Tmp/gamageyo/fika/experiments/flink/flink-core
[DEBUG-STREAM] Processing node: write, has iteration_log: True, approved=False
[Write] wrote to /part/01/Tmp/gamageyo/fika/experiments/flink/flink-core/src/test/java/org/apache/flink/configuration/Configuration_YamlParserUtilsmethod_DumpmethodFikaTest2.java
[DEBUG-STREAM] Processing node: validate_constraints, has iteration_log: True, approved=False
[Validate] PASSED - hard constraints satisfied
[DEBUG-STREAM] Processing node: run, has iteration_log: True, approved=False
[Run] feedback_chars=12195
[DEBUG-STREAM] Processing node: check_coverage, has iteration_log: True, approved=False
[Coverage] target 'org.snakeyaml.engine.v2.api.Dump.<init>(org.snakeyaml.engine.v2.api.DumpSettings, org.snakeyaml.engine.v2.representer.BaseRepresenter)' covered=False
[DEBUG-STREAM] Processing node: decide, has iteration_log: True, approved=False
[Decide] approved=False (tests passed but target method NOT covered, will retry if iteration<5)
[DEBUG-STREAM] Processing node: generate, has iteration_log: True, approved=False
[Generate] produced 767 chars
/part/01/Tmp/gamageyo/fika/experiments/flink/flink-core
[DEBUG-STREAM] Processing node: write, has iteration_log: True, approved=False
[Write] wrote to /part/01/Tmp/gamageyo/fika/experiments/flink/flink-core/src/test/java/org/apache/flink/configuration/Configuration_YamlParserUtilsmethod_DumpmethodFikaTest2.java
[DEBUG-STREAM] Processing node: validate_constraints, has iteration_log: True, approved=False
[Validate] FAILED - hard constraints violated
[DEBUG-STREAM] Processing node: decide, has iteration_log: True, approved=False
[Decide] approved=False (hard constraint violation, will retry if iteration<5)
[DEBUG-STREAM] Processing node: finalize, has iteration_log: True, approved=False
[Finalize] Cleaned up unsuccessful test file: /part/01/Tmp/gamageyo/fika/experiments/flink/flink-core/src/test/java/org/apache/flink/configuration/Configuration_YamlParserUtilsmethod_DumpmethodFikaTest2.java

[DEBUG] Stream completed. final_state is set
[DEBUG] final_state keys: ['repo_root', 'mvn_cmd', 'max_iterations', 'run_only_generated_test', 'entryPoint', 'thirdPartyMethod', 'directCaller', 'path', 'methodSources', 'constructors', 'setters', 'fieldDeclarations', 'imports', 'testTemplate', 'conditionCount', 'callCount', 'covered', 'test_package', 'test_class_name', 'iteration', 'java_source', 'last_run_output', 'last_exit_code', 'success', 'approved', 'test_rel_path', 'trace', 'target_method_covered', 'coverage_total_lines', 'coverage_error', 'path_coverage_details', 'iteration_log', 'last_prompt']
[DEBUG] approved (after bool()) = False

=== FAILURE REASON ===
Tests failed to compile or run successfully


================================================================================
PROCESSING TEST CASE 150/223
================================================================================
Entry Point: org.apache.flink.api.java.typeutils.GenericTypeInfo.createSerializer(org.apache.flink.api.common.serialization.SerializerConfig)
Third Party Method: com.esotericsoftware.minlog.Log.TRACE()
================================================================================

[DEBUG-STREAM] Processing node: generate, has iteration_log: True, approved=False
[Generate] produced 1292 chars
/part/01/Tmp/gamageyo/fika/experiments/flink/flink-core
[DEBUG-STREAM] Processing node: write, has iteration_log: True, approved=False
[Write] wrote to /part/01/Tmp/gamageyo/fika/experiments/flink/flink-core/src/test/java/org/apache/flink/api/java/typeutils/GenericTypeInfo_KryoSerializerconfigureKryoLogging_LogTRACEFikaTest.java
[DEBUG-STREAM] Processing node: validate_constraints, has iteration_log: True, approved=False
[Validate] PASSED - hard constraints satisfied
[DEBUG-STREAM] Processing node: run, has iteration_log: True, approved=False
[Run] feedback_chars=563
[DEBUG-STREAM] Processing node: check_coverage, has iteration_log: True, approved=False
[Coverage] target 'com.esotericsoftware.minlog.Log.TRACE()' covered=False
[DEBUG-STREAM] Processing node: decide, has iteration_log: True, approved=False
[Decide] approved=False (tests failed, will retry if iteration<5)
[DEBUG-STREAM] Processing node: generate, has iteration_log: True, approved=False
[Generate] produced 1551 chars
/part/01/Tmp/gamageyo/fika/experiments/flink/flink-core
[DEBUG-STREAM] Processing node: write, has iteration_log: True, approved=False
[Write] wrote to /part/01/Tmp/gamageyo/fika/experiments/flink/flink-core/src/test/java/org/apache/flink/api/java/typeutils/GenericTypeInfo_KryoSerializerconfigureKryoLogging_LogTRACEFikaTest.java
[DEBUG-STREAM] Processing node: validate_constraints, has iteration_log: True, approved=False
[Validate] FAILED - hard constraints violated
[DEBUG-STREAM] Processing node: decide, has iteration_log: True, approved=False
[Decide] approved=False (hard constraint violation, will retry if iteration<5)
[DEBUG-STREAM] Processing node: generate, has iteration_log: True, approved=False
[Generate] produced 1963 chars
/part/01/Tmp/gamageyo/fika/experiments/flink/flink-core
[DEBUG-STREAM] Processing node: write, has iteration_log: True, approved=False
[Write] wrote to /part/01/Tmp/gamageyo/fika/experiments/flink/flink-core/src/test/java/org/apache/flink/api/java/typeutils/GenericTypeInfo_KryoSerializerconfigureKryoLogging_LogTRACEFikaTest.java
[DEBUG-STREAM] Processing node: validate_constraints, has iteration_log: True, approved=False
[Validate] PASSED - hard constraints satisfied
[DEBUG-STREAM] Processing node: run, has iteration_log: True, approved=False
[Run] feedback_chars=2616
[DEBUG-STREAM] Processing node: check_coverage, has iteration_log: True, approved=False
[Coverage] target 'com.esotericsoftware.minlog.Log.TRACE()' covered=False
[DEBUG-STREAM] Processing node: decide, has iteration_log: True, approved=False
[Decide] approved=False (tests failed, will retry if iteration<5)
[DEBUG-STREAM] Processing node: generate, has iteration_log: True, approved=False
[Generate] produced 1055 chars
/part/01/Tmp/gamageyo/fika/experiments/flink/flink-core
[DEBUG-STREAM] Processing node: write, has iteration_log: True, approved=False
[Write] wrote to /part/01/Tmp/gamageyo/fika/experiments/flink/flink-core/src/test/java/org/apache/flink/api/java/typeutils/GenericTypeInfo_KryoSerializerconfigureKryoLogging_LogTRACEFikaTest.java
[DEBUG-STREAM] Processing node: validate_constraints, has iteration_log: True, approved=False
[Validate] PASSED - hard constraints satisfied
[DEBUG-STREAM] Processing node: run, has iteration_log: True, approved=False
[Run] feedback_chars=2616
[DEBUG-STREAM] Processing node: check_coverage, has iteration_log: True, approved=False
[Coverage] target 'com.esotericsoftware.minlog.Log.TRACE()' covered=False
[DEBUG-STREAM] Processing node: decide, has iteration_log: True, approved=False
[Decide] approved=False (tests failed, will retry if iteration<5)
[DEBUG-STREAM] Processing node: generate, has iteration_log: True, approved=False
[Generate] produced 1055 chars
/part/01/Tmp/gamageyo/fika/experiments/flink/flink-core
[DEBUG-STREAM] Processing node: write, has iteration_log: True, approved=False
[Write] wrote to /part/01/Tmp/gamageyo/fika/experiments/flink/flink-core/src/test/java/org/apache/flink/api/java/typeutils/GenericTypeInfo_KryoSerializerconfigureKryoLogging_LogTRACEFikaTest.java
[DEBUG-STREAM] Processing node: validate_constraints, has iteration_log: True, approved=False
[Validate] PASSED - hard constraints satisfied
[DEBUG-STREAM] Processing node: run, has iteration_log: True, approved=False
[Run] feedback_chars=2616
[DEBUG-STREAM] Processing node: check_coverage, has iteration_log: True, approved=False
[Coverage] target 'com.esotericsoftware.minlog.Log.TRACE()' covered=False
[DEBUG-STREAM] Processing node: decide, has iteration_log: True, approved=False
[Decide] approved=False (tests failed, will retry if iteration<5)
[DEBUG-STREAM] Processing node: finalize, has iteration_log: True, approved=False
[Finalize] Cleaned up unsuccessful test file: /part/01/Tmp/gamageyo/fika/experiments/flink/flink-core/src/test/java/org/apache/flink/api/java/typeutils/GenericTypeInfo_KryoSerializerconfigureKryoLogging_LogTRACEFikaTest.java

[DEBUG] Stream completed. final_state is set
[DEBUG] final_state keys: ['repo_root', 'mvn_cmd', 'max_iterations', 'run_only_generated_test', 'entryPoint', 'thirdPartyMethod', 'directCaller', 'path', 'methodSources', 'constructors', 'setters', 'fieldDeclarations', 'imports', 'testTemplate', 'conditionCount', 'callCount', 'covered', 'test_package', 'test_class_name', 'iteration', 'java_source', 'last_run_output', 'last_exit_code', 'success', 'approved', 'test_rel_path', 'trace', 'target_method_covered', 'coverage_total_lines', 'coverage_error', 'path_coverage_details', 'iteration_log', 'last_prompt']
[DEBUG] approved (after bool()) = False

=== FAILURE REASON ===
Tests failed to compile or run successfully


================================================================================
PROCESSING TEST CASE 151/223
================================================================================
Entry Point: org.apache.flink.configuration.Configuration.toMap()
Third Party Method: org.snakeyaml.engine.v2.api.LoadSettingsBuilder.setSchema(org.snakeyaml.engine.v2.schema.Schema)
================================================================================

⊙ Skipping test case 151: Already marked as covered in JSON file
  (Third Party Method: org.snakeyaml.engine.v2.api.LoadSettingsBuilder.setSchema(org.snakeyaml.engine.v2.schema.Schema))
  (Direct Caller: org.apache.flink.configuration.YamlParserUtils.<clinit>())

================================================================================
PROCESSING TEST CASE 152/223
================================================================================
Entry Point: org.apache.flink.api.java.typeutils.GenericTypeInfo.createSerializer(org.apache.flink.api.common.serialization.SerializerConfig)
Third Party Method: com.esotericsoftware.minlog.Log.setLogger(com.esotericsoftware.minlog.Log.Logger)
================================================================================

[DEBUG-STREAM] Processing node: generate, has iteration_log: True, approved=False
[Generate] produced 2211 chars
/part/01/Tmp/gamageyo/fika/experiments/flink/flink-core
[DEBUG-STREAM] Processing node: write, has iteration_log: True, approved=False
[Write] wrote to /part/01/Tmp/gamageyo/fika/experiments/flink/flink-core/src/test/java/org/apache/flink/api/java/typeutils/GenericTypeInfo_KryoSerializerconfigureKryoLogging_LogsetLoggerFikaTest.java
[DEBUG-STREAM] Processing node: validate_constraints, has iteration_log: True, approved=False
[Validate] PASSED - hard constraints satisfied
[DEBUG-STREAM] Processing node: run, has iteration_log: True, approved=False
[Run] feedback_chars=1302
[DEBUG-STREAM] Processing node: check_coverage, has iteration_log: True, approved=False
[Coverage] target 'com.esotericsoftware.minlog.Log.setLogger(com.esotericsoftware.minlog.Log.Logger)' covered=False
[DEBUG-STREAM] Processing node: decide, has iteration_log: True, approved=False
[Decide] approved=False (tests failed, will retry if iteration<5)
[DEBUG-STREAM] Processing node: generate, has iteration_log: True, approved=False
[Generate] produced 1320 chars
/part/01/Tmp/gamageyo/fika/experiments/flink/flink-core
[DEBUG-STREAM] Processing node: write, has iteration_log: True, approved=False
[Write] wrote to /part/01/Tmp/gamageyo/fika/experiments/flink/flink-core/src/test/java/org/apache/flink/api/java/typeutils/GenericTypeInfo_KryoSerializerconfigureKryoLogging_LogsetLoggerFikaTest.java
[DEBUG-STREAM] Processing node: validate_constraints, has iteration_log: True, approved=False
[Validate] PASSED - hard constraints satisfied
[DEBUG-STREAM] Processing node: run, has iteration_log: True, approved=False
[Run] feedback_chars=2616
[DEBUG-STREAM] Processing node: check_coverage, has iteration_log: True, approved=False
[Coverage] target 'com.esotericsoftware.minlog.Log.setLogger(com.esotericsoftware.minlog.Log.Logger)' covered=False
[DEBUG-STREAM] Processing node: decide, has iteration_log: True, approved=False
[Decide] approved=False (tests failed, will retry if iteration<5)
[DEBUG-STREAM] Processing node: generate, has iteration_log: True, approved=False
[Generate] produced 1075 chars
/part/01/Tmp/gamageyo/fika/experiments/flink/flink-core
[DEBUG-STREAM] Processing node: write, has iteration_log: True, approved=False
[Write] wrote to /part/01/Tmp/gamageyo/fika/experiments/flink/flink-core/src/test/java/org/apache/flink/api/java/typeutils/GenericTypeInfo_KryoSerializerconfigureKryoLogging_LogsetLoggerFikaTest.java
[DEBUG-STREAM] Processing node: validate_constraints, has iteration_log: True, approved=False
[Validate] PASSED - hard constraints satisfied
[DEBUG-STREAM] Processing node: run, has iteration_log: True, approved=False
[Run] feedback_chars=2616
[DEBUG-STREAM] Processing node: check_coverage, has iteration_log: True, approved=False
[Coverage] target 'com.esotericsoftware.minlog.Log.setLogger(com.esotericsoftware.minlog.Log.Logger)' covered=False
[DEBUG-STREAM] Processing node: decide, has iteration_log: True, approved=False
[Decide] approved=False (tests failed, will retry if iteration<5)
[DEBUG-STREAM] Processing node: generate, has iteration_log: True, approved=False
[Generate] produced 1082 chars
/part/01/Tmp/gamageyo/fika/experiments/flink/flink-core
[DEBUG-STREAM] Processing node: write, has iteration_log: True, approved=False
[Write] wrote to /part/01/Tmp/gamageyo/fika/experiments/flink/flink-core/src/test/java/org/apache/flink/api/java/typeutils/GenericTypeInfo_KryoSerializerconfigureKryoLogging_LogsetLoggerFikaTest.java
[DEBUG-STREAM] Processing node: validate_constraints, has iteration_log: True, approved=False
[Validate] PASSED - hard constraints satisfied
[DEBUG-STREAM] Processing node: run, has iteration_log: True, approved=False
[Run] feedback_chars=2616
[DEBUG-STREAM] Processing node: check_coverage, has iteration_log: True, approved=False
[Coverage] target 'com.esotericsoftware.minlog.Log.setLogger(com.esotericsoftware.minlog.Log.Logger)' covered=False
[DEBUG-STREAM] Processing node: decide, has iteration_log: True, approved=False
[Decide] approved=False (tests failed, will retry if iteration<5)
[DEBUG-STREAM] Processing node: generate, has iteration_log: True, approved=False
[Generate] produced 1081 chars
/part/01/Tmp/gamageyo/fika/experiments/flink/flink-core
[DEBUG-STREAM] Processing node: write, has iteration_log: True, approved=False
[Write] wrote to /part/01/Tmp/gamageyo/fika/experiments/flink/flink-core/src/test/java/org/apache/flink/api/java/typeutils/GenericTypeInfo_KryoSerializerconfigureKryoLogging_LogsetLoggerFikaTest.java
[DEBUG-STREAM] Processing node: validate_constraints, has iteration_log: True, approved=False
[Validate] PASSED - hard constraints satisfied
[DEBUG-STREAM] Processing node: run, has iteration_log: True, approved=False
[Run] feedback_chars=2616
[DEBUG-STREAM] Processing node: check_coverage, has iteration_log: True, approved=False
[Coverage] target 'com.esotericsoftware.minlog.Log.setLogger(com.esotericsoftware.minlog.Log.Logger)' covered=False
[DEBUG-STREAM] Processing node: decide, has iteration_log: True, approved=False
[Decide] approved=False (tests failed, will retry if iteration<5)
[DEBUG-STREAM] Processing node: finalize, has iteration_log: True, approved=False
[Finalize] Cleaned up unsuccessful test file: /part/01/Tmp/gamageyo/fika/experiments/flink/flink-core/src/test/java/org/apache/flink/api/java/typeutils/GenericTypeInfo_KryoSerializerconfigureKryoLogging_LogsetLoggerFikaTest.java

[DEBUG] Stream completed. final_state is set
[DEBUG] final_state keys: ['repo_root', 'mvn_cmd', 'max_iterations', 'run_only_generated_test', 'entryPoint', 'thirdPartyMethod', 'directCaller', 'path', 'methodSources', 'constructors', 'setters', 'fieldDeclarations', 'imports', 'testTemplate', 'conditionCount', 'callCount', 'covered', 'test_package', 'test_class_name', 'iteration', 'java_source', 'last_run_output', 'last_exit_code', 'success', 'approved', 'test_rel_path', 'trace', 'target_method_covered', 'coverage_total_lines', 'coverage_error', 'path_coverage_details', 'iteration_log', 'last_prompt']
[DEBUG] approved (after bool()) = False

=== FAILURE REASON ===
Tests failed to compile or run successfully


================================================================================
PROCESSING TEST CASE 153/223
================================================================================
Entry Point: org.apache.flink.configuration.Configuration.toMap()
Third Party Method: org.snakeyaml.engine.v2.api.Load.<init>(org.snakeyaml.engine.v2.api.LoadSettings)
================================================================================

⊙ Skipping test case 153: Already marked as covered in JSON file
  (Third Party Method: org.snakeyaml.engine.v2.api.Load.<init>(org.snakeyaml.engine.v2.api.LoadSettings))
  (Direct Caller: org.apache.flink.configuration.YamlParserUtils.<clinit>())

================================================================================
PROCESSING TEST CASE 154/223
================================================================================
Entry Point: org.apache.flink.api.java.typeutils.PojoTypeInfo.createSerializer(org.apache.flink.api.common.serialization.SerializerConfig)
Third Party Method: com.esotericsoftware.minlog.Log.TRACE()
================================================================================

[DEBUG-STREAM] Processing node: generate, has iteration_log: True, approved=False
[Generate] produced 1740 chars
/part/01/Tmp/gamageyo/fika/experiments/flink/flink-core
[DEBUG-STREAM] Processing node: write, has iteration_log: True, approved=False
[Write] wrote to /part/01/Tmp/gamageyo/fika/experiments/flink/flink-core/src/test/java/org/apache/flink/api/java/typeutils/PojoTypeInfo_KryoSerializerconfigureKryoLogging_LogTRACEFikaTest.java
[DEBUG-STREAM] Processing node: validate_constraints, has iteration_log: True, approved=False
[Validate] PASSED - hard constraints satisfied
[DEBUG-STREAM] Processing node: run, has iteration_log: True, approved=False
[Run] feedback_chars=2083
[DEBUG-STREAM] Processing node: check_coverage, has iteration_log: True, approved=False
[Coverage] target 'com.esotericsoftware.minlog.Log.TRACE()' covered=False
[DEBUG-STREAM] Processing node: decide, has iteration_log: True, approved=False
[Decide] approved=False (tests failed, will retry if iteration<5)
[DEBUG-STREAM] Processing node: generate, has iteration_log: True, approved=False
[Generate] produced 1249 chars
/part/01/Tmp/gamageyo/fika/experiments/flink/flink-core
[DEBUG-STREAM] Processing node: write, has iteration_log: True, approved=False
[Write] wrote to /part/01/Tmp/gamageyo/fika/experiments/flink/flink-core/src/test/java/org/apache/flink/api/java/typeutils/PojoTypeInfo_KryoSerializerconfigureKryoLogging_LogTRACEFikaTest.java
[DEBUG-STREAM] Processing node: validate_constraints, has iteration_log: True, approved=False
[Validate] PASSED - hard constraints satisfied
[DEBUG-STREAM] Processing node: run, has iteration_log: True, approved=False
[Run] feedback_chars=914
[DEBUG-STREAM] Processing node: check_coverage, has iteration_log: True, approved=False
[Coverage] target 'com.esotericsoftware.minlog.Log.TRACE()' covered=False
[DEBUG-STREAM] Processing node: decide, has iteration_log: True, approved=False
[Decide] approved=False (tests failed, will retry if iteration<5)
[DEBUG-STREAM] Processing node: generate, has iteration_log: True, approved=False
[Generate] produced 1222 chars
/part/01/Tmp/gamageyo/fika/experiments/flink/flink-core
[DEBUG-STREAM] Processing node: write, has iteration_log: True, approved=False
[Write] wrote to /part/01/Tmp/gamageyo/fika/experiments/flink/flink-core/src/test/java/org/apache/flink/api/java/typeutils/PojoTypeInfo_KryoSerializerconfigureKryoLogging_LogTRACEFikaTest.java
[DEBUG-STREAM] Processing node: validate_constraints, has iteration_log: True, approved=False
[Validate] FAILED - hard constraints violated
[DEBUG-STREAM] Processing node: decide, has iteration_log: True, approved=False
[Decide] approved=False (hard constraint violation, will retry if iteration<5)
[DEBUG-STREAM] Processing node: generate, has iteration_log: True, approved=False
[Generate] produced 3273 chars
/part/01/Tmp/gamageyo/fika/experiments/flink/flink-core
[DEBUG-STREAM] Processing node: write, has iteration_log: True, approved=False
[Write] wrote to /part/01/Tmp/gamageyo/fika/experiments/flink/flink-core/src/test/java/org/apache/flink/api/java/typeutils/PojoTypeInfo_KryoSerializerconfigureKryoLogging_LogTRACEFikaTest.java
[DEBUG-STREAM] Processing node: validate_constraints, has iteration_log: True, approved=False
[Validate] PASSED - hard constraints satisfied
[DEBUG-STREAM] Processing node: run, has iteration_log: True, approved=False
[Run] feedback_chars=847
[DEBUG-STREAM] Processing node: check_coverage, has iteration_log: True, approved=False
[Coverage] target 'com.esotericsoftware.minlog.Log.TRACE()' covered=False
[DEBUG-STREAM] Processing node: decide, has iteration_log: True, approved=False
[Decide] approved=False (tests failed, will retry if iteration<5)
[DEBUG-STREAM] Processing node: generate, has iteration_log: True, approved=False
[Generate] produced 1847 chars
/part/01/Tmp/gamageyo/fika/experiments/flink/flink-core
[DEBUG-STREAM] Processing node: write, has iteration_log: True, approved=False
[Write] wrote to /part/01/Tmp/gamageyo/fika/experiments/flink/flink-core/src/test/java/org/apache/flink/api/java/typeutils/PojoTypeInfo_KryoSerializerconfigureKryoLogging_LogTRACEFikaTest.java
[DEBUG-STREAM] Processing node: validate_constraints, has iteration_log: True, approved=False
[Validate] FAILED - hard constraints violated
[DEBUG-STREAM] Processing node: decide, has iteration_log: True, approved=False
[Decide] approved=False (hard constraint violation, will retry if iteration<5)
[DEBUG-STREAM] Processing node: finalize, has iteration_log: True, approved=False
[Finalize] Cleaned up unsuccessful test file: /part/01/Tmp/gamageyo/fika/experiments/flink/flink-core/src/test/java/org/apache/flink/api/java/typeutils/PojoTypeInfo_KryoSerializerconfigureKryoLogging_LogTRACEFikaTest.java

[DEBUG] Stream completed. final_state is set
[DEBUG] final_state keys: ['repo_root', 'mvn_cmd', 'max_iterations', 'run_only_generated_test', 'entryPoint', 'thirdPartyMethod', 'directCaller', 'path', 'methodSources', 'constructors', 'setters', 'fieldDeclarations', 'imports', 'testTemplate', 'conditionCount', 'callCount', 'covered', 'test_package', 'test_class_name', 'iteration', 'java_source', 'last_run_output', 'last_exit_code', 'success', 'approved', 'test_rel_path', 'trace', 'target_method_covered', 'coverage_total_lines', 'coverage_error', 'path_coverage_details', 'iteration_log', 'last_prompt']
[DEBUG] approved (after bool()) = False

=== FAILURE REASON ===
Tests failed to compile or run successfully


================================================================================
PROCESSING TEST CASE 155/223
================================================================================
Entry Point: org.apache.flink.api.java.typeutils.PojoTypeInfo.createSerializer(org.apache.flink.api.common.serialization.SerializerConfig)
Third Party Method: com.esotericsoftware.minlog.Log.setLogger(com.esotericsoftware.minlog.Log.Logger)
================================================================================

[DEBUG-STREAM] Processing node: generate, has iteration_log: True, approved=False
[Generate] produced 2875 chars
/part/01/Tmp/gamageyo/fika/experiments/flink/flink-core
[DEBUG-STREAM] Processing node: write, has iteration_log: True, approved=False
[Write] wrote to /part/01/Tmp/gamageyo/fika/experiments/flink/flink-core/src/test/java/org/apache/flink/api/java/typeutils/PojoTypeInfo_KryoSerializerconfigureKryoLogging_LogsetLoggerFikaTest.java
[DEBUG-STREAM] Processing node: validate_constraints, has iteration_log: True, approved=False
[Validate] PASSED - hard constraints satisfied
[DEBUG-STREAM] Processing node: run, has iteration_log: True, approved=False
[Run] feedback_chars=2079
[DEBUG-STREAM] Processing node: check_coverage, has iteration_log: True, approved=False
[Coverage] target 'com.esotericsoftware.minlog.Log.setLogger(com.esotericsoftware.minlog.Log.Logger)' covered=False
[DEBUG-STREAM] Processing node: decide, has iteration_log: True, approved=False
[Decide] approved=False (tests failed, will retry if iteration<5)
[DEBUG-STREAM] Processing node: generate, has iteration_log: True, approved=False
[Generate] produced 1996 chars
/part/01/Tmp/gamageyo/fika/experiments/flink/flink-core
[DEBUG-STREAM] Processing node: write, has iteration_log: True, approved=False
[Write] wrote to /part/01/Tmp/gamageyo/fika/experiments/flink/flink-core/src/test/java/org/apache/flink/api/java/typeutils/PojoTypeInfo_KryoSerializerconfigureKryoLogging_LogsetLoggerFikaTest.java
[DEBUG-STREAM] Processing node: validate_constraints, has iteration_log: True, approved=False
[Validate] PASSED - hard constraints satisfied
[DEBUG-STREAM] Processing node: run, has iteration_log: True, approved=False
[Run] feedback_chars=564
[DEBUG-STREAM] Processing node: check_coverage, has iteration_log: True, approved=False
[Coverage] target 'com.esotericsoftware.minlog.Log.setLogger(com.esotericsoftware.minlog.Log.Logger)' covered=False
[DEBUG-STREAM] Processing node: decide, has iteration_log: True, approved=False
[Decide] approved=False (tests failed, will retry if iteration<5)
[DEBUG-STREAM] Processing node: generate, has iteration_log: True, approved=False
[Generate] produced 2468 chars
/part/01/Tmp/gamageyo/fika/experiments/flink/flink-core
[DEBUG-STREAM] Processing node: write, has iteration_log: True, approved=False
[Write] wrote to /part/01/Tmp/gamageyo/fika/experiments/flink/flink-core/src/test/java/org/apache/flink/api/java/typeutils/PojoTypeInfo_KryoSerializerconfigureKryoLogging_LogsetLoggerFikaTest.java
[DEBUG-STREAM] Processing node: validate_constraints, has iteration_log: True, approved=False
[Validate] PASSED - hard constraints satisfied
[DEBUG-STREAM] Processing node: run, has iteration_log: True, approved=False
[Run] feedback_chars=1800
[DEBUG-STREAM] Processing node: check_coverage, has iteration_log: True, approved=False
[Coverage] target 'com.esotericsoftware.minlog.Log.setLogger(com.esotericsoftware.minlog.Log.Logger)' covered=False
[DEBUG-STREAM] Processing node: decide, has iteration_log: True, approved=False
[Decide] approved=False (tests failed, will retry if iteration<5)
[DEBUG-STREAM] Processing node: generate, has iteration_log: True, approved=False
[Generate] produced 2657 chars
/part/01/Tmp/gamageyo/fika/experiments/flink/flink-core
[DEBUG-STREAM] Processing node: write, has iteration_log: True, approved=False
[Write] wrote to /part/01/Tmp/gamageyo/fika/experiments/flink/flink-core/src/test/java/org/apache/flink/api/java/typeutils/PojoTypeInfo_KryoSerializerconfigureKryoLogging_LogsetLoggerFikaTest.java
[DEBUG-STREAM] Processing node: validate_constraints, has iteration_log: True, approved=False
[Validate] PASSED - hard constraints satisfied
[DEBUG-STREAM] Processing node: run, has iteration_log: True, approved=False
[Run] feedback_chars=564
[DEBUG-STREAM] Processing node: check_coverage, has iteration_log: True, approved=False
[Coverage] target 'com.esotericsoftware.minlog.Log.setLogger(com.esotericsoftware.minlog.Log.Logger)' covered=False
[DEBUG-STREAM] Processing node: decide, has iteration_log: True, approved=False
[Decide] approved=False (tests failed, will retry if iteration<5)
[DEBUG-STREAM] Processing node: generate, has iteration_log: True, approved=False
[Generate] produced 1780 chars
/part/01/Tmp/gamageyo/fika/experiments/flink/flink-core
[DEBUG-STREAM] Processing node: write, has iteration_log: True, approved=False
[Write] wrote to /part/01/Tmp/gamageyo/fika/experiments/flink/flink-core/src/test/java/org/apache/flink/api/java/typeutils/PojoTypeInfo_KryoSerializerconfigureKryoLogging_LogsetLoggerFikaTest.java
[DEBUG-STREAM] Processing node: validate_constraints, has iteration_log: True, approved=False
[Validate] PASSED - hard constraints satisfied
[DEBUG-STREAM] Processing node: run, has iteration_log: True, approved=False
[Run] feedback_chars=2119
[DEBUG-STREAM] Processing node: check_coverage, has iteration_log: True, approved=False
[Coverage] target 'com.esotericsoftware.minlog.Log.setLogger(com.esotericsoftware.minlog.Log.Logger)' covered=False
[DEBUG-STREAM] Processing node: decide, has iteration_log: True, approved=False
[Decide] approved=False (tests failed, will retry if iteration<5)
[DEBUG-STREAM] Processing node: finalize, has iteration_log: True, approved=False
[Finalize] Cleaned up unsuccessful test file: /part/01/Tmp/gamageyo/fika/experiments/flink/flink-core/src/test/java/org/apache/flink/api/java/typeutils/PojoTypeInfo_KryoSerializerconfigureKryoLogging_LogsetLoggerFikaTest.java

[DEBUG] Stream completed. final_state is set
[DEBUG] final_state keys: ['repo_root', 'mvn_cmd', 'max_iterations', 'run_only_generated_test', 'entryPoint', 'thirdPartyMethod', 'directCaller', 'path', 'methodSources', 'constructors', 'setters', 'fieldDeclarations', 'imports', 'testTemplate', 'conditionCount', 'callCount', 'covered', 'test_package', 'test_class_name', 'iteration', 'java_source', 'last_run_output', 'last_exit_code', 'success', 'approved', 'test_rel_path', 'trace', 'target_method_covered', 'coverage_total_lines', 'coverage_error', 'path_coverage_details', 'iteration_log', 'last_prompt']
[DEBUG] approved (after bool()) = False

=== FAILURE REASON ===
Tests failed to compile or run successfully


================================================================================
PROCESSING TEST CASE 156/223
================================================================================
Entry Point: org.apache.flink.configuration.GlobalConfiguration.loadConfiguration(java.lang.String, org.apache.flink.configuration.Configuration)
Third Party Method: org.snakeyaml.engine.v2.api.DumpSettingsBuilder.setDefaultFlowStyle(org.snakeyaml.engine.v2.common.FlowStyle)
================================================================================

⊙ Skipping test case 156: Already marked as covered in JSON file
  (Third Party Method: org.snakeyaml.engine.v2.api.DumpSettingsBuilder.setDefaultFlowStyle(org.snakeyaml.engine.v2.common.FlowStyle))
  (Direct Caller: org.apache.flink.configuration.YamlParserUtils.<clinit>())

================================================================================
PROCESSING TEST CASE 157/223
================================================================================
Entry Point: org.apache.flink.configuration.GlobalConfiguration.loadConfiguration(java.lang.String, org.apache.flink.configuration.Configuration)
Third Party Method: org.snakeyaml.engine.v2.api.DumpSettingsBuilder.setSchema(org.snakeyaml.engine.v2.schema.Schema)
================================================================================

⊙ Skipping test case 157: Already marked as covered in JSON file
  (Third Party Method: org.snakeyaml.engine.v2.api.DumpSettingsBuilder.setSchema(org.snakeyaml.engine.v2.schema.Schema))
  (Direct Caller: org.apache.flink.configuration.YamlParserUtils.<clinit>())

================================================================================
PROCESSING TEST CASE 158/223
================================================================================
Entry Point: org.apache.flink.api.java.typeutils.runtime.kryo.KryoSerializer.duplicate()
Third Party Method: org.apache.commons.lang3.exception.CloneFailedException.<init>(java.lang.String, java.lang.Throwable)
================================================================================

[DEBUG-STREAM] Processing node: generate, has iteration_log: True, approved=False
[Generate] produced 3464 chars
/part/01/Tmp/gamageyo/fika/experiments/flink/flink-core
[DEBUG-STREAM] Processing node: write, has iteration_log: True, approved=False
[Write] wrote to /part/01/Tmp/gamageyo/fika/experiments/flink/flink-core/src/test/java/org/apache/flink/api/java/typeutils/runtime/kryo/KryoSerializerdeepCopySerializer_CloneFailedExceptionmethodFikaTest.java
[DEBUG-STREAM] Processing node: validate_constraints, has iteration_log: True, approved=False
[Validate] FAILED - hard constraints violated
[DEBUG-STREAM] Processing node: decide, has iteration_log: True, approved=False
[Decide] approved=False (hard constraint violation, will retry if iteration<5)
[DEBUG-STREAM] Processing node: generate, has iteration_log: True, approved=False
[Generate] produced 3383 chars
/part/01/Tmp/gamageyo/fika/experiments/flink/flink-core
[DEBUG-STREAM] Processing node: write, has iteration_log: True, approved=False
[Write] wrote to /part/01/Tmp/gamageyo/fika/experiments/flink/flink-core/src/test/java/org/apache/flink/api/java/typeutils/runtime/kryo/KryoSerializerdeepCopySerializer_CloneFailedExceptionmethodFikaTest.java
[DEBUG-STREAM] Processing node: validate_constraints, has iteration_log: True, approved=False
[Validate] PASSED - hard constraints satisfied
[DEBUG-STREAM] Processing node: run, has iteration_log: True, approved=False
[Run] feedback_chars=1870
[DEBUG-STREAM] Processing node: check_coverage, has iteration_log: True, approved=False
[Coverage] target 'org.apache.commons.lang3.exception.CloneFailedException.<init>(java.lang.String, java.lang.Throwable)' covered=False
[DEBUG-STREAM] Processing node: decide, has iteration_log: True, approved=False
[Decide] approved=False (tests failed, will retry if iteration<5)
[DEBUG-STREAM] Processing node: generate, has iteration_log: True, approved=False
[Generate] produced 2908 chars
/part/01/Tmp/gamageyo/fika/experiments/flink/flink-core
[DEBUG-STREAM] Processing node: write, has iteration_log: True, approved=False
[Write] wrote to /part/01/Tmp/gamageyo/fika/experiments/flink/flink-core/src/test/java/org/apache/flink/api/java/typeutils/runtime/kryo/KryoSerializerdeepCopySerializer_CloneFailedExceptionmethodFikaTest.java
[DEBUG-STREAM] Processing node: validate_constraints, has iteration_log: True, approved=False
[Validate] FAILED - hard constraints violated
[DEBUG-STREAM] Processing node: decide, has iteration_log: True, approved=False
[Decide] approved=False (hard constraint violation, will retry if iteration<5)
[DEBUG-STREAM] Processing node: generate, has iteration_log: True, approved=False
[Generate] produced 2802 chars
/part/01/Tmp/gamageyo/fika/experiments/flink/flink-core
[DEBUG-STREAM] Processing node: write, has iteration_log: True, approved=False
[Write] wrote to /part/01/Tmp/gamageyo/fika/experiments/flink/flink-core/src/test/java/org/apache/flink/api/java/typeutils/runtime/kryo/KryoSerializerdeepCopySerializer_CloneFailedExceptionmethodFikaTest.java
[DEBUG-STREAM] Processing node: validate_constraints, has iteration_log: True, approved=False
[Validate] FAILED - hard constraints violated
[DEBUG-STREAM] Processing node: decide, has iteration_log: True, approved=False
[Decide] approved=False (hard constraint violation, will retry if iteration<5)
[DEBUG-STREAM] Processing node: generate, has iteration_log: True, approved=False
[Generate] produced 3386 chars
/part/01/Tmp/gamageyo/fika/experiments/flink/flink-core
[DEBUG-STREAM] Processing node: write, has iteration_log: True, approved=False
[Write] wrote to /part/01/Tmp/gamageyo/fika/experiments/flink/flink-core/src/test/java/org/apache/flink/api/java/typeutils/runtime/kryo/KryoSerializerdeepCopySerializer_CloneFailedExceptionmethodFikaTest.java
[DEBUG-STREAM] Processing node: validate_constraints, has iteration_log: True, approved=False
[Validate] FAILED - hard constraints violated
[DEBUG-STREAM] Processing node: decide, has iteration_log: True, approved=False
[Decide] approved=False (hard constraint violation, will retry if iteration<5)
[DEBUG-STREAM] Processing node: finalize, has iteration_log: True, approved=False
[Finalize] Cleaned up unsuccessful test file: /part/01/Tmp/gamageyo/fika/experiments/flink/flink-core/src/test/java/org/apache/flink/api/java/typeutils/runtime/kryo/KryoSerializerdeepCopySerializer_CloneFailedExceptionmethodFikaTest.java

[DEBUG] Stream completed. final_state is set
[DEBUG] final_state keys: ['repo_root', 'mvn_cmd', 'max_iterations', 'run_only_generated_test', 'entryPoint', 'thirdPartyMethod', 'directCaller', 'path', 'methodSources', 'constructors', 'setters', 'fieldDeclarations', 'imports', 'testTemplate', 'conditionCount', 'callCount', 'covered', 'test_package', 'test_class_name', 'iteration', 'java_source', 'last_run_output', 'last_exit_code', 'success', 'approved', 'test_rel_path', 'trace', 'target_method_covered', 'coverage_total_lines', 'coverage_error', 'path_coverage_details', 'iteration_log', 'last_prompt']
[DEBUG] approved (after bool()) = False

=== FAILURE REASON ===
Tests failed to compile or run successfully


================================================================================
PROCESSING TEST CASE 159/223
================================================================================
Entry Point: org.apache.flink.configuration.GlobalConfiguration.loadConfiguration(java.lang.String, org.apache.flink.configuration.Configuration)
Third Party Method: org.snakeyaml.engine.v2.api.Dump.<init>(org.snakeyaml.engine.v2.api.DumpSettings, org.snakeyaml.engine.v2.representer.BaseRepresenter)
================================================================================

[DEBUG-STREAM] Processing node: generate, has iteration_log: True, approved=False
[Generate] produced 1552 chars
/part/01/Tmp/gamageyo/fika/experiments/flink/flink-core
[DEBUG-STREAM] Processing node: write, has iteration_log: True, approved=False
[Write] wrote to /part/01/Tmp/gamageyo/fika/experiments/flink/flink-core/src/test/java/org/apache/flink/configuration/GlobalConfiguration_YamlParserUtilsmethod_DumpmethodFikaTest.java
[DEBUG-STREAM] Processing node: validate_constraints, has iteration_log: True, approved=False
[Validate] PASSED - hard constraints satisfied
[DEBUG-STREAM] Processing node: run, has iteration_log: True, approved=False
[Run] feedback_chars=594
[DEBUG-STREAM] Processing node: check_coverage, has iteration_log: True, approved=False
[Coverage] target 'org.snakeyaml.engine.v2.api.Dump.<init>(org.snakeyaml.engine.v2.api.DumpSettings, org.snakeyaml.engine.v2.representer.BaseRepresenter)' covered=False
[DEBUG-STREAM] Processing node: decide, has iteration_log: True, approved=False
[Decide] approved=False (tests failed, will retry if iteration<5)
[DEBUG-STREAM] Processing node: generate, has iteration_log: True, approved=False
[Generate] produced 1065 chars
/part/01/Tmp/gamageyo/fika/experiments/flink/flink-core
[DEBUG-STREAM] Processing node: write, has iteration_log: True, approved=False
[Write] wrote to /part/01/Tmp/gamageyo/fika/experiments/flink/flink-core/src/test/java/org/apache/flink/configuration/GlobalConfiguration_YamlParserUtilsmethod_DumpmethodFikaTest.java
[DEBUG-STREAM] Processing node: validate_constraints, has iteration_log: True, approved=False
[Validate] PASSED - hard constraints satisfied
[DEBUG-STREAM] Processing node: run, has iteration_log: True, approved=False
[Run] feedback_chars=12195
[DEBUG-STREAM] Processing node: check_coverage, has iteration_log: True, approved=False
[Coverage] target 'org.snakeyaml.engine.v2.api.Dump.<init>(org.snakeyaml.engine.v2.api.DumpSettings, org.snakeyaml.engine.v2.representer.BaseRepresenter)' covered=False
[DEBUG-STREAM] Processing node: decide, has iteration_log: True, approved=False
[Decide] approved=False (tests passed but target method NOT covered, will retry if iteration<5)
[DEBUG-STREAM] Processing node: generate, has iteration_log: True, approved=False
[Generate] produced 1131 chars
/part/01/Tmp/gamageyo/fika/experiments/flink/flink-core
[DEBUG-STREAM] Processing node: write, has iteration_log: True, approved=False
[Write] wrote to /part/01/Tmp/gamageyo/fika/experiments/flink/flink-core/src/test/java/org/apache/flink/configuration/GlobalConfiguration_YamlParserUtilsmethod_DumpmethodFikaTest.java
[DEBUG-STREAM] Processing node: validate_constraints, has iteration_log: True, approved=False
[Validate] PASSED - hard constraints satisfied
[DEBUG-STREAM] Processing node: run, has iteration_log: True, approved=False
[Run] feedback_chars=12195
[DEBUG-STREAM] Processing node: check_coverage, has iteration_log: True, approved=False
[Coverage] target 'org.snakeyaml.engine.v2.api.Dump.<init>(org.snakeyaml.engine.v2.api.DumpSettings, org.snakeyaml.engine.v2.representer.BaseRepresenter)' covered=False
[DEBUG-STREAM] Processing node: decide, has iteration_log: True, approved=False
[Decide] approved=False (tests passed but target method NOT covered, will retry if iteration<5)
[DEBUG-STREAM] Processing node: generate, has iteration_log: True, approved=False
[Generate] produced 1745 chars
/part/01/Tmp/gamageyo/fika/experiments/flink/flink-core
[DEBUG-STREAM] Processing node: write, has iteration_log: True, approved=False
[Write] wrote to /part/01/Tmp/gamageyo/fika/experiments/flink/flink-core/src/test/java/org/apache/flink/configuration/GlobalConfiguration_YamlParserUtilsmethod_DumpmethodFikaTest.java
[DEBUG-STREAM] Processing node: validate_constraints, has iteration_log: True, approved=False
[Validate] PASSED - hard constraints satisfied
[DEBUG-STREAM] Processing node: run, has iteration_log: True, approved=False
[Run] feedback_chars=594
[DEBUG-STREAM] Processing node: check_coverage, has iteration_log: True, approved=False
[Coverage] target 'org.snakeyaml.engine.v2.api.Dump.<init>(org.snakeyaml.engine.v2.api.DumpSettings, org.snakeyaml.engine.v2.representer.BaseRepresenter)' covered=False
[DEBUG-STREAM] Processing node: decide, has iteration_log: True, approved=False
[Decide] approved=False (tests failed, will retry if iteration<5)
[DEBUG-STREAM] Processing node: generate, has iteration_log: True, approved=False
[Generate] produced 1065 chars
/part/01/Tmp/gamageyo/fika/experiments/flink/flink-core
[DEBUG-STREAM] Processing node: write, has iteration_log: True, approved=False
[Write] wrote to /part/01/Tmp/gamageyo/fika/experiments/flink/flink-core/src/test/java/org/apache/flink/configuration/GlobalConfiguration_YamlParserUtilsmethod_DumpmethodFikaTest.java
[DEBUG-STREAM] Processing node: validate_constraints, has iteration_log: True, approved=False
[Validate] PASSED - hard constraints satisfied
[DEBUG-STREAM] Processing node: run, has iteration_log: True, approved=False
[Run] feedback_chars=12195
[DEBUG-STREAM] Processing node: check_coverage, has iteration_log: True, approved=False
[Coverage] target 'org.snakeyaml.engine.v2.api.Dump.<init>(org.snakeyaml.engine.v2.api.DumpSettings, org.snakeyaml.engine.v2.representer.BaseRepresenter)' covered=False
[DEBUG-STREAM] Processing node: decide, has iteration_log: True, approved=False
[Decide] approved=False (tests passed but target method NOT covered, will retry if iteration<5)
[DEBUG-STREAM] Processing node: finalize, has iteration_log: True, approved=False
[Finalize] Cleaned up unsuccessful test file: /part/01/Tmp/gamageyo/fika/experiments/flink/flink-core/src/test/java/org/apache/flink/configuration/GlobalConfiguration_YamlParserUtilsmethod_DumpmethodFikaTest.java

[DEBUG] Stream completed. final_state is set
[DEBUG] final_state keys: ['repo_root', 'mvn_cmd', 'max_iterations', 'run_only_generated_test', 'entryPoint', 'thirdPartyMethod', 'directCaller', 'path', 'methodSources', 'constructors', 'setters', 'fieldDeclarations', 'imports', 'testTemplate', 'conditionCount', 'callCount', 'covered', 'test_package', 'test_class_name', 'iteration', 'java_source', 'last_run_output', 'last_exit_code', 'success', 'approved', 'test_rel_path', 'trace', 'target_method_covered', 'coverage_total_lines', 'coverage_error', 'path_coverage_details', 'iteration_log', 'last_prompt']
[DEBUG] approved (after bool()) = False

=== FAILURE REASON ===
Tests passed but target third-party method was NOT covered
   Target: org.snakeyaml.engine.v2.api.Dump.<init>(org.snakeyaml.engine.v2.api.DumpSettings, org.snakeyaml.engine.v2.representer.BaseRepresenter)


================================================================================
PROCESSING TEST CASE 160/223
================================================================================
Entry Point: org.apache.flink.api.java.typeutils.runtime.kryo.KryoSerializer.copy(java.lang.Object)
Third Party Method: com.esotericsoftware.minlog.Log.TRACE()
================================================================================

[DEBUG-STREAM] Processing node: generate, has iteration_log: True, approved=False
[Generate] produced 2261 chars
/part/01/Tmp/gamageyo/fika/experiments/flink/flink-core
[DEBUG-STREAM] Processing node: write, has iteration_log: True, approved=False
[Write] wrote to /part/01/Tmp/gamageyo/fika/experiments/flink/flink-core/src/test/java/org/apache/flink/api/java/typeutils/runtime/kryo/KryoSerializerconfigureKryoLogging_LogTRACEFikaTest3.java
[DEBUG-STREAM] Processing node: validate_constraints, has iteration_log: True, approved=False
[Validate] PASSED - hard constraints satisfied
[DEBUG-STREAM] Processing node: run, has iteration_log: True, approved=False
[Run] feedback_chars=12195
[DEBUG-STREAM] Processing node: check_coverage, has iteration_log: True, approved=False
[Coverage] target 'com.esotericsoftware.minlog.Log.TRACE()' covered=False
[DEBUG-STREAM] Processing node: decide, has iteration_log: True, approved=False
[Decide] approved=False (tests passed but target method NOT covered, will retry if iteration<5)
[DEBUG-STREAM] Processing node: generate, has iteration_log: True, approved=False
[Generate] produced 2700 chars
/part/01/Tmp/gamageyo/fika/experiments/flink/flink-core
[DEBUG-STREAM] Processing node: write, has iteration_log: True, approved=False
[Write] wrote to /part/01/Tmp/gamageyo/fika/experiments/flink/flink-core/src/test/java/org/apache/flink/api/java/typeutils/runtime/kryo/KryoSerializerconfigureKryoLogging_LogTRACEFikaTest3.java
[DEBUG-STREAM] Processing node: validate_constraints, has iteration_log: True, approved=False
[Validate] PASSED - hard constraints satisfied
[DEBUG-STREAM] Processing node: run, has iteration_log: True, approved=False
[Run] feedback_chars=1613
[DEBUG-STREAM] Processing node: check_coverage, has iteration_log: True, approved=False
[Coverage] target 'com.esotericsoftware.minlog.Log.TRACE()' covered=False
[DEBUG-STREAM] Processing node: decide, has iteration_log: True, approved=False
[Decide] approved=False (tests failed, will retry if iteration<5)
[DEBUG-STREAM] Processing node: generate, has iteration_log: True, approved=False
[Generate] produced 2650 chars
/part/01/Tmp/gamageyo/fika/experiments/flink/flink-core
[DEBUG-STREAM] Processing node: write, has iteration_log: True, approved=False
[Write] wrote to /part/01/Tmp/gamageyo/fika/experiments/flink/flink-core/src/test/java/org/apache/flink/api/java/typeutils/runtime/kryo/KryoSerializerconfigureKryoLogging_LogTRACEFikaTest3.java
[DEBUG-STREAM] Processing node: validate_constraints, has iteration_log: True, approved=False
[Validate] PASSED - hard constraints satisfied
[DEBUG-STREAM] Processing node: run, has iteration_log: True, approved=False
[Run] feedback_chars=1172
[DEBUG-STREAM] Processing node: check_coverage, has iteration_log: True, approved=False
[Coverage] target 'com.esotericsoftware.minlog.Log.TRACE()' covered=False
[DEBUG-STREAM] Processing node: decide, has iteration_log: True, approved=False
[Decide] approved=False (tests failed, will retry if iteration<5)
[DEBUG-STREAM] Processing node: generate, has iteration_log: True, approved=False
[Generate] produced 2041 chars
/part/01/Tmp/gamageyo/fika/experiments/flink/flink-core
[DEBUG-STREAM] Processing node: write, has iteration_log: True, approved=False
[Write] wrote to /part/01/Tmp/gamageyo/fika/experiments/flink/flink-core/src/test/java/org/apache/flink/api/java/typeutils/runtime/kryo/KryoSerializerconfigureKryoLogging_LogTRACEFikaTest3.java
[DEBUG-STREAM] Processing node: validate_constraints, has iteration_log: True, approved=False
[Validate] PASSED - hard constraints satisfied
[DEBUG-STREAM] Processing node: run, has iteration_log: True, approved=False
[Run] feedback_chars=515
[DEBUG-STREAM] Processing node: check_coverage, has iteration_log: True, approved=False
[Coverage] target 'com.esotericsoftware.minlog.Log.TRACE()' covered=False
[DEBUG-STREAM] Processing node: decide, has iteration_log: True, approved=False
[Decide] approved=False (tests failed, will retry if iteration<5)
[DEBUG-STREAM] Processing node: generate, has iteration_log: True, approved=False
[Generate] produced 1219 chars
/part/01/Tmp/gamageyo/fika/experiments/flink/flink-core
[DEBUG-STREAM] Processing node: write, has iteration_log: True, approved=False
[Write] wrote to /part/01/Tmp/gamageyo/fika/experiments/flink/flink-core/src/test/java/org/apache/flink/api/java/typeutils/runtime/kryo/KryoSerializerconfigureKryoLogging_LogTRACEFikaTest3.java
[DEBUG-STREAM] Processing node: validate_constraints, has iteration_log: True, approved=False
[Validate] PASSED - hard constraints satisfied
[DEBUG-STREAM] Processing node: run, has iteration_log: True, approved=False
[Run] feedback_chars=1980
[DEBUG-STREAM] Processing node: check_coverage, has iteration_log: True, approved=False
[Coverage] target 'com.esotericsoftware.minlog.Log.TRACE()' covered=False
[DEBUG-STREAM] Processing node: decide, has iteration_log: True, approved=False
[Decide] approved=False (tests failed, will retry if iteration<5)
[DEBUG-STREAM] Processing node: finalize, has iteration_log: True, approved=False
[Finalize] Cleaned up unsuccessful test file: /part/01/Tmp/gamageyo/fika/experiments/flink/flink-core/src/test/java/org/apache/flink/api/java/typeutils/runtime/kryo/KryoSerializerconfigureKryoLogging_LogTRACEFikaTest3.java

[DEBUG] Stream completed. final_state is set
[DEBUG] final_state keys: ['repo_root', 'mvn_cmd', 'max_iterations', 'run_only_generated_test', 'entryPoint', 'thirdPartyMethod', 'directCaller', 'path', 'methodSources', 'constructors', 'setters', 'fieldDeclarations', 'imports', 'testTemplate', 'conditionCount', 'callCount', 'covered', 'test_package', 'test_class_name', 'iteration', 'java_source', 'last_run_output', 'last_exit_code', 'success', 'approved', 'test_rel_path', 'trace', 'target_method_covered', 'coverage_total_lines', 'coverage_error', 'path_coverage_details', 'iteration_log', 'last_prompt']
[DEBUG] approved (after bool()) = False

=== FAILURE REASON ===
Tests failed to compile or run successfully


================================================================================
PROCESSING TEST CASE 161/223
================================================================================
Entry Point: org.apache.flink.api.java.typeutils.runtime.kryo.KryoSerializer.copy(org.apache.flink.core.memory.DataInputView, org.apache.flink.core.memory.DataOutputView)
Third Party Method: com.esotericsoftware.minlog.Log.TRACE()
================================================================================

[DEBUG-STREAM] Processing node: generate, has iteration_log: True, approved=False
[Generate] produced 5453 chars
/part/01/Tmp/gamageyo/fika/experiments/flink/flink-core
[DEBUG-STREAM] Processing node: write, has iteration_log: True, approved=False
[Write] wrote to /part/01/Tmp/gamageyo/fika/experiments/flink/flink-core/src/test/java/org/apache/flink/api/java/typeutils/runtime/kryo/KryoSerializerconfigureKryoLogging_LogTRACEFikaTest4.java
[DEBUG-STREAM] Processing node: validate_constraints, has iteration_log: True, approved=False
[Validate] FAILED - hard constraints violated
[DEBUG-STREAM] Processing node: decide, has iteration_log: True, approved=False
[Decide] approved=False (hard constraint violation, will retry if iteration<5)
[DEBUG-STREAM] Processing node: generate, has iteration_log: True, approved=False
[Generate] produced 4306 chars
/part/01/Tmp/gamageyo/fika/experiments/flink/flink-core
[DEBUG-STREAM] Processing node: write, has iteration_log: True, approved=False
[Write] wrote to /part/01/Tmp/gamageyo/fika/experiments/flink/flink-core/src/test/java/org/apache/flink/api/java/typeutils/runtime/kryo/KryoSerializerconfigureKryoLogging_LogTRACEFikaTest4.java
[DEBUG-STREAM] Processing node: validate_constraints, has iteration_log: True, approved=False
[Validate] FAILED - hard constraints violated
[DEBUG-STREAM] Processing node: decide, has iteration_log: True, approved=False
[Decide] approved=False (hard constraint violation, will retry if iteration<5)
[DEBUG-STREAM] Processing node: generate, has iteration_log: True, approved=False
[Generate] produced 6234 chars
/part/01/Tmp/gamageyo/fika/experiments/flink/flink-core
[DEBUG-STREAM] Processing node: write, has iteration_log: True, approved=False
[Write] wrote to /part/01/Tmp/gamageyo/fika/experiments/flink/flink-core/src/test/java/org/apache/flink/api/java/typeutils/runtime/kryo/KryoSerializerconfigureKryoLogging_LogTRACEFikaTest4.java
[DEBUG-STREAM] Processing node: validate_constraints, has iteration_log: True, approved=False
[Validate] FAILED - hard constraints violated
[DEBUG-STREAM] Processing node: decide, has iteration_log: True, approved=False
[Decide] approved=False (hard constraint violation, will retry if iteration<5)
[DEBUG-STREAM] Processing node: generate, has iteration_log: True, approved=False
[Generate] produced 6770 chars
/part/01/Tmp/gamageyo/fika/experiments/flink/flink-core
[DEBUG-STREAM] Processing node: write, has iteration_log: True, approved=False
[Write] wrote to /part/01/Tmp/gamageyo/fika/experiments/flink/flink-core/src/test/java/org/apache/flink/api/java/typeutils/runtime/kryo/KryoSerializerconfigureKryoLogging_LogTRACEFikaTest4.java
[DEBUG-STREAM] Processing node: validate_constraints, has iteration_log: True, approved=False
[Validate] FAILED - hard constraints violated
[DEBUG-STREAM] Processing node: decide, has iteration_log: True, approved=False
[Decide] approved=False (hard constraint violation, will retry if iteration<5)
[DEBUG-STREAM] Processing node: generate, has iteration_log: True, approved=False
[Generate] produced 4795 chars
/part/01/Tmp/gamageyo/fika/experiments/flink/flink-core
[DEBUG-STREAM] Processing node: write, has iteration_log: True, approved=False
[Write] wrote to /part/01/Tmp/gamageyo/fika/experiments/flink/flink-core/src/test/java/org/apache/flink/api/java/typeutils/runtime/kryo/KryoSerializerconfigureKryoLogging_LogTRACEFikaTest4.java
[DEBUG-STREAM] Processing node: validate_constraints, has iteration_log: True, approved=False
[Validate] FAILED - hard constraints violated
[DEBUG-STREAM] Processing node: decide, has iteration_log: True, approved=False
[Decide] approved=False (hard constraint violation, will retry if iteration<5)
[DEBUG-STREAM] Processing node: finalize, has iteration_log: True, approved=False
[Finalize] Cleaned up unsuccessful test file: /part/01/Tmp/gamageyo/fika/experiments/flink/flink-core/src/test/java/org/apache/flink/api/java/typeutils/runtime/kryo/KryoSerializerconfigureKryoLogging_LogTRACEFikaTest4.java

[DEBUG] Stream completed. final_state is set
[DEBUG] final_state keys: ['repo_root', 'mvn_cmd', 'max_iterations', 'run_only_generated_test', 'entryPoint', 'thirdPartyMethod', 'directCaller', 'path', 'methodSources', 'constructors', 'setters', 'fieldDeclarations', 'imports', 'testTemplate', 'conditionCount', 'callCount', 'covered', 'test_package', 'test_class_name', 'iteration', 'java_source', 'last_run_output', 'last_exit_code', 'success', 'approved', 'test_rel_path', 'trace', 'target_method_covered', 'coverage_total_lines', 'coverage_error', 'path_coverage_details', 'iteration_log', 'last_prompt']
[DEBUG] approved (after bool()) = False

=== FAILURE REASON ===
Tests failed to compile or run successfully


================================================================================
PROCESSING TEST CASE 162/223
================================================================================
Entry Point: org.apache.flink.configuration.GlobalConfiguration.loadConfiguration(java.lang.String, org.apache.flink.configuration.Configuration)
Third Party Method: org.snakeyaml.engine.v2.api.LoadSettingsBuilder.setSchema(org.snakeyaml.engine.v2.schema.Schema)
================================================================================

⊙ Skipping test case 162: Already marked as covered in JSON file
  (Third Party Method: org.snakeyaml.engine.v2.api.LoadSettingsBuilder.setSchema(org.snakeyaml.engine.v2.schema.Schema))
  (Direct Caller: org.apache.flink.configuration.YamlParserUtils.<clinit>())

================================================================================
PROCESSING TEST CASE 163/223
================================================================================
Entry Point: org.apache.flink.api.java.typeutils.runtime.kryo.KryoSerializer.copy(java.lang.Object)
Third Party Method: com.esotericsoftware.minlog.Log.setLogger(com.esotericsoftware.minlog.Log.Logger)
================================================================================

[DEBUG-STREAM] Processing node: generate, has iteration_log: True, approved=False
[Generate] produced 2076 chars
/part/01/Tmp/gamageyo/fika/experiments/flink/flink-core
[DEBUG-STREAM] Processing node: write, has iteration_log: True, approved=False
[Write] wrote to /part/01/Tmp/gamageyo/fika/experiments/flink/flink-core/src/test/java/org/apache/flink/api/java/typeutils/runtime/kryo/KryoSerializerconfigureKryoLogging_LogsetLoggerFikaTest3.java
[DEBUG-STREAM] Processing node: validate_constraints, has iteration_log: True, approved=False
[Validate] PASSED - hard constraints satisfied
[DEBUG-STREAM] Processing node: run, has iteration_log: True, approved=False
[Run] feedback_chars=12195
[DEBUG-STREAM] Processing node: check_coverage, has iteration_log: True, approved=False
[Coverage] target 'com.esotericsoftware.minlog.Log.setLogger(com.esotericsoftware.minlog.Log.Logger)' covered=True
[DEBUG-STREAM] Processing node: decide, has iteration_log: True, approved=True
[Decide] approved=True (tests passed AND target method covered)
[DEBUG-STREAM] Processing node: finalize, has iteration_log: True, approved=True
[Finalize] SUCCESS: Test passed and target method covered

[DEBUG] Stream completed. final_state is set
[DEBUG] final_state keys: ['repo_root', 'mvn_cmd', 'max_iterations', 'run_only_generated_test', 'entryPoint', 'thirdPartyMethod', 'directCaller', 'path', 'methodSources', 'constructors', 'setters', 'fieldDeclarations', 'imports', 'testTemplate', 'conditionCount', 'callCount', 'covered', 'test_package', 'test_class_name', 'iteration', 'java_source', 'last_run_output', 'last_exit_code', 'success', 'approved', 'test_rel_path', 'trace', 'target_method_covered', 'coverage_total_lines', 'coverage_error', 'path_coverage_details', 'iteration_log', 'last_prompt']
[DEBUG] approved (after bool()) = True
✓ Test approved at iteration 1
  JSON path: /part/01/Tmp/gamageyo/fika/experiments/flink/flink-core/third_party_apis_full_methods.json
  Looking for thirdPartyMethod: com.esotericsoftware.minlog.Log.setLogger(com.esotericsoftware.minlog.Log.Logger)
  Looking for directCaller: org.apache.flink.api.java.typeutils.runtime.kryo.KryoSerializer.configureKryoLogging()
[DEBUG]   ✓ MATCH FOUND at path 140
[DEBUG]   ✓ MATCH FOUND at path 141
[DEBUG]   ✓ MATCH FOUND at path 142
[DEBUG]   ✓ MATCH FOUND at path 151
[DEBUG]   ✓ MATCH FOUND at path 154
[DEBUG]   ✓ MATCH FOUND at path 162
[DEBUG]   ✓ MATCH FOUND at path 163
[DEBUG]   ✓ MATCH FOUND at path 166
[DEBUG]   ✓ MATCH FOUND at path 168
[DEBUG]   ✓ MATCH FOUND at path 203
[DEBUG]   ✓ MATCH FOUND at path 206
[DEBUG]   ✓ MATCH FOUND at path 210
✓ Updated 12 record(s) in JSON file as covered
  Third Party Method: com.esotericsoftware.minlog.Log.setLogger(com.esotericsoftware.minlog.Log.Logger)
  Direct Caller: org.apache.flink.api.java.typeutils.runtime.kryo.KryoSerializer.configureKryoLogging()

================================================================================
PROCESSING TEST CASE 164/223
================================================================================
Entry Point: org.apache.flink.api.java.typeutils.runtime.kryo.KryoSerializer.copy(org.apache.flink.core.memory.DataInputView, org.apache.flink.core.memory.DataOutputView)
Third Party Method: com.esotericsoftware.minlog.Log.setLogger(com.esotericsoftware.minlog.Log.Logger)
================================================================================

⊙ Skipping test case 164: Already marked as covered in JSON file
  (Third Party Method: com.esotericsoftware.minlog.Log.setLogger(com.esotericsoftware.minlog.Log.Logger))
  (Direct Caller: org.apache.flink.api.java.typeutils.runtime.kryo.KryoSerializer.configureKryoLogging())

================================================================================
PROCESSING TEST CASE 165/223
================================================================================
Entry Point: org.apache.flink.configuration.GlobalConfiguration.loadConfiguration(java.lang.String, org.apache.flink.configuration.Configuration)
Third Party Method: org.snakeyaml.engine.v2.api.Load.<init>(org.snakeyaml.engine.v2.api.LoadSettings)
================================================================================

⊙ Skipping test case 165: Already marked as covered in JSON file
  (Third Party Method: org.snakeyaml.engine.v2.api.Load.<init>(org.snakeyaml.engine.v2.api.LoadSettings))
  (Direct Caller: org.apache.flink.configuration.YamlParserUtils.<clinit>())

================================================================================
PROCESSING TEST CASE 166/223
================================================================================
Entry Point: org.apache.flink.api.java.typeutils.runtime.kryo.KryoSerializer.deserialize(org.apache.flink.core.memory.DataInputView)
Third Party Method: com.esotericsoftware.minlog.Log.TRACE()
================================================================================

[DEBUG-STREAM] Processing node: generate, has iteration_log: True, approved=False
[Generate] produced 1694 chars
/part/01/Tmp/gamageyo/fika/experiments/flink/flink-core
[DEBUG-STREAM] Processing node: write, has iteration_log: True, approved=False
[Write] wrote to /part/01/Tmp/gamageyo/fika/experiments/flink/flink-core/src/test/java/org/apache/flink/api/java/typeutils/runtime/kryo/KryoSerializerconfigureKryoLogging_LogTRACEFikaTest5.java
[DEBUG-STREAM] Processing node: validate_constraints, has iteration_log: True, approved=False
[Validate] PASSED - hard constraints satisfied
[DEBUG-STREAM] Processing node: run, has iteration_log: True, approved=False
[Run] feedback_chars=879
[DEBUG-STREAM] Processing node: check_coverage, has iteration_log: True, approved=False
[Coverage] target 'com.esotericsoftware.minlog.Log.TRACE()' covered=False
[DEBUG-STREAM] Processing node: decide, has iteration_log: True, approved=False
[Decide] approved=False (tests failed, will retry if iteration<5)
[DEBUG-STREAM] Processing node: generate, has iteration_log: True, approved=False
[Generate] produced 1841 chars
/part/01/Tmp/gamageyo/fika/experiments/flink/flink-core
[DEBUG-STREAM] Processing node: write, has iteration_log: True, approved=False
[Write] wrote to /part/01/Tmp/gamageyo/fika/experiments/flink/flink-core/src/test/java/org/apache/flink/api/java/typeutils/runtime/kryo/KryoSerializerconfigureKryoLogging_LogTRACEFikaTest5.java
[DEBUG-STREAM] Processing node: validate_constraints, has iteration_log: True, approved=False
[Validate] PASSED - hard constraints satisfied
[DEBUG-STREAM] Processing node: run, has iteration_log: True, approved=False
[Run] feedback_chars=2059
[DEBUG-STREAM] Processing node: check_coverage, has iteration_log: True, approved=False
[Coverage] target 'com.esotericsoftware.minlog.Log.TRACE()' covered=False
[DEBUG-STREAM] Processing node: decide, has iteration_log: True, approved=False
[Decide] approved=False (tests failed, will retry if iteration<5)
[DEBUG-STREAM] Processing node: generate, has iteration_log: True, approved=False
[Generate] produced 4055 chars
/part/01/Tmp/gamageyo/fika/experiments/flink/flink-core
[DEBUG-STREAM] Processing node: write, has iteration_log: True, approved=False
[Write] wrote to /part/01/Tmp/gamageyo/fika/experiments/flink/flink-core/src/test/java/org/apache/flink/api/java/typeutils/runtime/kryo/KryoSerializerconfigureKryoLogging_LogTRACEFikaTest5.java
[DEBUG-STREAM] Processing node: validate_constraints, has iteration_log: True, approved=False
[Validate] FAILED - hard constraints violated
[DEBUG-STREAM] Processing node: decide, has iteration_log: True, approved=False
[Decide] approved=False (hard constraint violation, will retry if iteration<5)
[DEBUG-STREAM] Processing node: generate, has iteration_log: True, approved=False
[Generate] produced 7129 chars
/part/01/Tmp/gamageyo/fika/experiments/flink/flink-core
[DEBUG-STREAM] Processing node: write, has iteration_log: True, approved=False
[Write] wrote to /part/01/Tmp/gamageyo/fika/experiments/flink/flink-core/src/test/java/org/apache/flink/api/java/typeutils/runtime/kryo/KryoSerializerconfigureKryoLogging_LogTRACEFikaTest5.java
[DEBUG-STREAM] Processing node: validate_constraints, has iteration_log: True, approved=False
[Validate] PASSED - hard constraints satisfied
[DEBUG-STREAM] Processing node: run, has iteration_log: True, approved=False
[Run] feedback_chars=1151
[DEBUG-STREAM] Processing node: check_coverage, has iteration_log: True, approved=False
[Coverage] target 'com.esotericsoftware.minlog.Log.TRACE()' covered=False
[DEBUG-STREAM] Processing node: decide, has iteration_log: True, approved=False
[Decide] approved=False (tests failed, will retry if iteration<5)
[DEBUG-STREAM] Processing node: generate, has iteration_log: True, approved=False
[Generate] produced 8624 chars
/part/01/Tmp/gamageyo/fika/experiments/flink/flink-core
[DEBUG-STREAM] Processing node: write, has iteration_log: True, approved=False
[Write] wrote to /part/01/Tmp/gamageyo/fika/experiments/flink/flink-core/src/test/java/org/apache/flink/api/java/typeutils/runtime/kryo/KryoSerializerconfigureKryoLogging_LogTRACEFikaTest5.java
[DEBUG-STREAM] Processing node: validate_constraints, has iteration_log: True, approved=False
[Validate] PASSED - hard constraints satisfied
[DEBUG-STREAM] Processing node: run, has iteration_log: True, approved=False
[Run] feedback_chars=1421
[DEBUG-STREAM] Processing node: check_coverage, has iteration_log: True, approved=False
[Coverage] target 'com.esotericsoftware.minlog.Log.TRACE()' covered=False
[DEBUG-STREAM] Processing node: decide, has iteration_log: True, approved=False
[Decide] approved=False (tests failed, will retry if iteration<5)
[DEBUG-STREAM] Processing node: finalize, has iteration_log: True, approved=False
[Finalize] Cleaned up unsuccessful test file: /part/01/Tmp/gamageyo/fika/experiments/flink/flink-core/src/test/java/org/apache/flink/api/java/typeutils/runtime/kryo/KryoSerializerconfigureKryoLogging_LogTRACEFikaTest5.java

[DEBUG] Stream completed. final_state is set
[DEBUG] final_state keys: ['repo_root', 'mvn_cmd', 'max_iterations', 'run_only_generated_test', 'entryPoint', 'thirdPartyMethod', 'directCaller', 'path', 'methodSources', 'constructors', 'setters', 'fieldDeclarations', 'imports', 'testTemplate', 'conditionCount', 'callCount', 'covered', 'test_package', 'test_class_name', 'iteration', 'java_source', 'last_run_output', 'last_exit_code', 'success', 'approved', 'test_rel_path', 'trace', 'target_method_covered', 'coverage_total_lines', 'coverage_error', 'path_coverage_details', 'iteration_log', 'last_prompt']
[DEBUG] approved (after bool()) = False

=== FAILURE REASON ===
Tests failed to compile or run successfully


================================================================================
PROCESSING TEST CASE 167/223
================================================================================
Entry Point: org.apache.flink.api.java.typeutils.runtime.kryo.KryoSerializer.deserialize(org.apache.flink.core.memory.DataInputView)
Third Party Method: com.esotericsoftware.minlog.Log.setLogger(com.esotericsoftware.minlog.Log.Logger)
================================================================================

⊙ Skipping test case 167: Already marked as covered in JSON file
  (Third Party Method: com.esotericsoftware.minlog.Log.setLogger(com.esotericsoftware.minlog.Log.Logger))
  (Direct Caller: org.apache.flink.api.java.typeutils.runtime.kryo.KryoSerializer.configureKryoLogging())

================================================================================
PROCESSING TEST CASE 168/223
================================================================================
Entry Point: org.apache.flink.api.java.typeutils.runtime.kryo.KryoSerializer.serialize(java.lang.Object, org.apache.flink.core.memory.DataOutputView)
Third Party Method: com.esotericsoftware.minlog.Log.TRACE()
================================================================================

[DEBUG-STREAM] Processing node: generate, has iteration_log: True, approved=False
[Generate] produced 2696 chars
/part/01/Tmp/gamageyo/fika/experiments/flink/flink-core
[DEBUG-STREAM] Processing node: write, has iteration_log: True, approved=False
[Write] wrote to /part/01/Tmp/gamageyo/fika/experiments/flink/flink-core/src/test/java/org/apache/flink/api/java/typeutils/runtime/kryo/KryoSerializerconfigureKryoLogging_LogTRACEFikaTest6.java
[DEBUG-STREAM] Processing node: validate_constraints, has iteration_log: True, approved=False
[Validate] PASSED - hard constraints satisfied
[DEBUG-STREAM] Processing node: run, has iteration_log: True, approved=False
[Run] feedback_chars=879
[DEBUG-STREAM] Processing node: check_coverage, has iteration_log: True, approved=False
[Coverage] target 'com.esotericsoftware.minlog.Log.TRACE()' covered=False
[DEBUG-STREAM] Processing node: decide, has iteration_log: True, approved=False
[Decide] approved=False (tests failed, will retry if iteration<5)
[DEBUG-STREAM] Processing node: generate, has iteration_log: True, approved=False
[Generate] produced 1778 chars
/part/01/Tmp/gamageyo/fika/experiments/flink/flink-core
[DEBUG-STREAM] Processing node: write, has iteration_log: True, approved=False
[Write] wrote to /part/01/Tmp/gamageyo/fika/experiments/flink/flink-core/src/test/java/org/apache/flink/api/java/typeutils/runtime/kryo/KryoSerializerconfigureKryoLogging_LogTRACEFikaTest6.java
[DEBUG-STREAM] Processing node: validate_constraints, has iteration_log: True, approved=False
[Validate] PASSED - hard constraints satisfied
[DEBUG-STREAM] Processing node: run, has iteration_log: True, approved=False
[Run] feedback_chars=2032
[DEBUG-STREAM] Processing node: check_coverage, has iteration_log: True, approved=False
[Coverage] target 'com.esotericsoftware.minlog.Log.TRACE()' covered=False
[DEBUG-STREAM] Processing node: decide, has iteration_log: True, approved=False
[Decide] approved=False (tests failed, will retry if iteration<5)
[DEBUG-STREAM] Processing node: generate, has iteration_log: True, approved=False
[Generate] produced 4893 chars
/part/01/Tmp/gamageyo/fika/experiments/flink/flink-core
[DEBUG-STREAM] Processing node: write, has iteration_log: True, approved=False
[Write] wrote to /part/01/Tmp/gamageyo/fika/experiments/flink/flink-core/src/test/java/org/apache/flink/api/java/typeutils/runtime/kryo/KryoSerializerconfigureKryoLogging_LogTRACEFikaTest6.java
[DEBUG-STREAM] Processing node: validate_constraints, has iteration_log: True, approved=False
[Validate] FAILED - hard constraints violated
[DEBUG-STREAM] Processing node: decide, has iteration_log: True, approved=False
[Decide] approved=False (hard constraint violation, will retry if iteration<5)
[DEBUG-STREAM] Processing node: generate, has iteration_log: True, approved=False
[Generate] produced 3430 chars
/part/01/Tmp/gamageyo/fika/experiments/flink/flink-core
[DEBUG-STREAM] Processing node: write, has iteration_log: True, approved=False
[Write] wrote to /part/01/Tmp/gamageyo/fika/experiments/flink/flink-core/src/test/java/org/apache/flink/api/java/typeutils/runtime/kryo/KryoSerializerconfigureKryoLogging_LogTRACEFikaTest6.java
[DEBUG-STREAM] Processing node: validate_constraints, has iteration_log: True, approved=False
[Validate] PASSED - hard constraints satisfied
[DEBUG-STREAM] Processing node: run, has iteration_log: True, approved=False
[Run] feedback_chars=744
[DEBUG-STREAM] Processing node: check_coverage, has iteration_log: True, approved=False
[Coverage] target 'com.esotericsoftware.minlog.Log.TRACE()' covered=False
[DEBUG-STREAM] Processing node: decide, has iteration_log: True, approved=False
[Decide] approved=False (tests failed, will retry if iteration<5)
[DEBUG-STREAM] Processing node: generate, has iteration_log: True, approved=False
[Generate] produced 2149 chars
/part/01/Tmp/gamageyo/fika/experiments/flink/flink-core
[DEBUG-STREAM] Processing node: write, has iteration_log: True, approved=False
[Write] wrote to /part/01/Tmp/gamageyo/fika/experiments/flink/flink-core/src/test/java/org/apache/flink/api/java/typeutils/runtime/kryo/KryoSerializerconfigureKryoLogging_LogTRACEFikaTest6.java
[DEBUG-STREAM] Processing node: validate_constraints, has iteration_log: True, approved=False
[Validate] FAILED - hard constraints violated
[DEBUG-STREAM] Processing node: decide, has iteration_log: True, approved=False
[Decide] approved=False (hard constraint violation, will retry if iteration<5)
[DEBUG-STREAM] Processing node: finalize, has iteration_log: True, approved=False
[Finalize] Cleaned up unsuccessful test file: /part/01/Tmp/gamageyo/fika/experiments/flink/flink-core/src/test/java/org/apache/flink/api/java/typeutils/runtime/kryo/KryoSerializerconfigureKryoLogging_LogTRACEFikaTest6.java

[DEBUG] Stream completed. final_state is set
[DEBUG] final_state keys: ['repo_root', 'mvn_cmd', 'max_iterations', 'run_only_generated_test', 'entryPoint', 'thirdPartyMethod', 'directCaller', 'path', 'methodSources', 'constructors', 'setters', 'fieldDeclarations', 'imports', 'testTemplate', 'conditionCount', 'callCount', 'covered', 'test_package', 'test_class_name', 'iteration', 'java_source', 'last_run_output', 'last_exit_code', 'success', 'approved', 'test_rel_path', 'trace', 'target_method_covered', 'coverage_total_lines', 'coverage_error', 'path_coverage_details', 'iteration_log', 'last_prompt']
[DEBUG] approved (after bool()) = False

=== FAILURE REASON ===
Tests failed to compile or run successfully


================================================================================
PROCESSING TEST CASE 169/223
================================================================================
Entry Point: org.apache.flink.api.java.typeutils.runtime.kryo.KryoSerializer.serialize(java.lang.Object, org.apache.flink.core.memory.DataOutputView)
Third Party Method: com.esotericsoftware.minlog.Log.setLogger(com.esotericsoftware.minlog.Log.Logger)
================================================================================

⊙ Skipping test case 169: Already marked as covered in JSON file
  (Third Party Method: com.esotericsoftware.minlog.Log.setLogger(com.esotericsoftware.minlog.Log.Logger))
  (Direct Caller: org.apache.flink.api.java.typeutils.runtime.kryo.KryoSerializer.configureKryoLogging())

================================================================================
PROCESSING TEST CASE 170/223
================================================================================
Entry Point: org.apache.flink.api.java.typeutils.runtime.kryo.KryoSerializer.getKryo()
Third Party Method: com.esotericsoftware.kryo.util.DefaultInstantiatorStrategy.setFallbackInstantiatorStrategy(org.objenesis.strategy.InstantiatorStrategy)
================================================================================

[DEBUG-STREAM] Processing node: generate, has iteration_log: True, approved=False
[Generate] produced 2383 chars
/part/01/Tmp/gamageyo/fika/experiments/flink/flink-core
[DEBUG-STREAM] Processing node: write, has iteration_log: True, approved=False
[Write] wrote to /part/01/Tmp/gamageyo/fika/experiments/flink/flink-core/src/test/java/org/apache/flink/api/java/typeutils/runtime/kryo/KryoSerializergetKryoInstance_DefaultInstantiatorStrategysetFallbackInstantiatorStrategyFikaTest.java
[DEBUG-STREAM] Processing node: validate_constraints, has iteration_log: True, approved=False
[Validate] PASSED - hard constraints satisfied
[DEBUG-STREAM] Processing node: run, has iteration_log: True, approved=False
[Run] feedback_chars=1011
[DEBUG-STREAM] Processing node: check_coverage, has iteration_log: True, approved=False
[Coverage] target 'com.esotericsoftware.kryo.util.DefaultInstantiatorStrategy.setFallbackInstantiatorStrategy(org.objenesis.strategy.InstantiatorStrategy)' covered=False
[DEBUG-STREAM] Processing node: decide, has iteration_log: True, approved=False
[Decide] approved=False (tests failed, will retry if iteration<5)
[DEBUG-STREAM] Processing node: generate, has iteration_log: True, approved=False
[Generate] produced 2676 chars
/part/01/Tmp/gamageyo/fika/experiments/flink/flink-core
[DEBUG-STREAM] Processing node: write, has iteration_log: True, approved=False
[Write] wrote to /part/01/Tmp/gamageyo/fika/experiments/flink/flink-core/src/test/java/org/apache/flink/api/java/typeutils/runtime/kryo/KryoSerializergetKryoInstance_DefaultInstantiatorStrategysetFallbackInstantiatorStrategyFikaTest.java
[DEBUG-STREAM] Processing node: validate_constraints, has iteration_log: True, approved=False
[Validate] PASSED - hard constraints satisfied
[DEBUG-STREAM] Processing node: run, has iteration_log: True, approved=False
[Run] feedback_chars=1326
[DEBUG-STREAM] Processing node: check_coverage, has iteration_log: True, approved=False
[Coverage] target 'com.esotericsoftware.kryo.util.DefaultInstantiatorStrategy.setFallbackInstantiatorStrategy(org.objenesis.strategy.InstantiatorStrategy)' covered=False
[DEBUG-STREAM] Processing node: decide, has iteration_log: True, approved=False
[Decide] approved=False (tests failed, will retry if iteration<5)
[DEBUG-STREAM] Processing node: generate, has iteration_log: True, approved=False
[Generate] produced 2345 chars
/part/01/Tmp/gamageyo/fika/experiments/flink/flink-core
[DEBUG-STREAM] Processing node: write, has iteration_log: True, approved=False
[Write] wrote to /part/01/Tmp/gamageyo/fika/experiments/flink/flink-core/src/test/java/org/apache/flink/api/java/typeutils/runtime/kryo/KryoSerializergetKryoInstance_DefaultInstantiatorStrategysetFallbackInstantiatorStrategyFikaTest.java
[DEBUG-STREAM] Processing node: validate_constraints, has iteration_log: True, approved=False
[Validate] PASSED - hard constraints satisfied
[DEBUG-STREAM] Processing node: run, has iteration_log: True, approved=False
[Run] feedback_chars=12195
[DEBUG-STREAM] Processing node: check_coverage, has iteration_log: True, approved=False
[Coverage] target 'com.esotericsoftware.kryo.util.DefaultInstantiatorStrategy.setFallbackInstantiatorStrategy(org.objenesis.strategy.InstantiatorStrategy)' covered=True
[DEBUG-STREAM] Processing node: decide, has iteration_log: True, approved=True
[Decide] approved=True (tests passed AND target method covered)
[DEBUG-STREAM] Processing node: finalize, has iteration_log: True, approved=True
[Finalize] SUCCESS: Test passed and target method covered

[DEBUG] Stream completed. final_state is set
[DEBUG] final_state keys: ['repo_root', 'mvn_cmd', 'max_iterations', 'run_only_generated_test', 'entryPoint', 'thirdPartyMethod', 'directCaller', 'path', 'methodSources', 'constructors', 'setters', 'fieldDeclarations', 'imports', 'testTemplate', 'conditionCount', 'callCount', 'covered', 'test_package', 'test_class_name', 'iteration', 'java_source', 'last_run_output', 'last_exit_code', 'success', 'approved', 'test_rel_path', 'trace', 'target_method_covered', 'coverage_total_lines', 'coverage_error', 'path_coverage_details', 'iteration_log', 'last_prompt']
[DEBUG] approved (after bool()) = True
✓ Test approved at iteration 3
  JSON path: /part/01/Tmp/gamageyo/fika/experiments/flink/flink-core/third_party_apis_full_methods.json
  Looking for thirdPartyMethod: com.esotericsoftware.kryo.util.DefaultInstantiatorStrategy.setFallbackInstantiatorStrategy(org.objenesis.strategy.InstantiatorStrategy)
  Looking for directCaller: org.apache.flink.api.java.typeutils.runtime.kryo.KryoSerializer.getKryoInstance()
[DEBUG]   ✓ MATCH FOUND at path 169
[DEBUG]   ✓ MATCH FOUND at path 172
[DEBUG]   ✓ MATCH FOUND at path 174
[DEBUG]   ✓ MATCH FOUND at path 175
[DEBUG]   ✓ MATCH FOUND at path 180
[DEBUG]   ✓ MATCH FOUND at path 185
✓ Updated 6 record(s) in JSON file as covered
  Third Party Method: com.esotericsoftware.kryo.util.DefaultInstantiatorStrategy.setFallbackInstantiatorStrategy(org.objenesis.strategy.InstantiatorStrategy)
  Direct Caller: org.apache.flink.api.java.typeutils.runtime.kryo.KryoSerializer.getKryoInstance()

================================================================================
PROCESSING TEST CASE 171/223
================================================================================
Entry Point: org.apache.flink.api.java.typeutils.runtime.kryo.KryoSerializer.getKryo()
Third Party Method: com.esotericsoftware.kryo.Kryo.setInstantiatorStrategy(org.objenesis.strategy.InstantiatorStrategy)
================================================================================

[DEBUG-STREAM] Processing node: generate, has iteration_log: True, approved=False
[Generate] produced 1358 chars
/part/01/Tmp/gamageyo/fika/experiments/flink/flink-core
[DEBUG-STREAM] Processing node: write, has iteration_log: True, approved=False
[Write] wrote to /part/01/Tmp/gamageyo/fika/experiments/flink/flink-core/src/test/java/org/apache/flink/api/java/typeutils/runtime/kryo/KryoSerializergetKryoInstance_KryosetInstantiatorStrategyFikaTest.java
[DEBUG-STREAM] Processing node: validate_constraints, has iteration_log: True, approved=False
[Validate] PASSED - hard constraints satisfied
[DEBUG-STREAM] Processing node: run, has iteration_log: True, approved=False
[Run] feedback_chars=12195
[DEBUG-STREAM] Processing node: check_coverage, has iteration_log: True, approved=False
[Coverage] target 'com.esotericsoftware.kryo.Kryo.setInstantiatorStrategy(org.objenesis.strategy.InstantiatorStrategy)' covered=True
[DEBUG-STREAM] Processing node: decide, has iteration_log: True, approved=True
[Decide] approved=True (tests passed AND target method covered)
[DEBUG-STREAM] Processing node: finalize, has iteration_log: True, approved=True
[Finalize] SUCCESS: Test passed and target method covered

[DEBUG] Stream completed. final_state is set
[DEBUG] final_state keys: ['repo_root', 'mvn_cmd', 'max_iterations', 'run_only_generated_test', 'entryPoint', 'thirdPartyMethod', 'directCaller', 'path', 'methodSources', 'constructors', 'setters', 'fieldDeclarations', 'imports', 'testTemplate', 'conditionCount', 'callCount', 'covered', 'test_package', 'test_class_name', 'iteration', 'java_source', 'last_run_output', 'last_exit_code', 'success', 'approved', 'test_rel_path', 'trace', 'target_method_covered', 'coverage_total_lines', 'coverage_error', 'path_coverage_details', 'iteration_log', 'last_prompt']
[DEBUG] approved (after bool()) = True
✓ Test approved at iteration 1
  JSON path: /part/01/Tmp/gamageyo/fika/experiments/flink/flink-core/third_party_apis_full_methods.json
  Looking for thirdPartyMethod: com.esotericsoftware.kryo.Kryo.setInstantiatorStrategy(org.objenesis.strategy.InstantiatorStrategy)
  Looking for directCaller: org.apache.flink.api.java.typeutils.runtime.kryo.KryoSerializer.getKryoInstance()
[DEBUG]   ✓ MATCH FOUND at path 170
[DEBUG]   ✓ MATCH FOUND at path 173
[DEBUG]   ✓ MATCH FOUND at path 176
[DEBUG]   ✓ MATCH FOUND at path 177
[DEBUG]   ✓ MATCH FOUND at path 181
[DEBUG]   ✓ MATCH FOUND at path 186
✓ Updated 6 record(s) in JSON file as covered
  Third Party Method: com.esotericsoftware.kryo.Kryo.setInstantiatorStrategy(org.objenesis.strategy.InstantiatorStrategy)
  Direct Caller: org.apache.flink.api.java.typeutils.runtime.kryo.KryoSerializer.getKryoInstance()

================================================================================
PROCESSING TEST CASE 172/223
================================================================================
Entry Point: org.apache.flink.util.Utils.getSerializerTree(org.apache.flink.api.common.typeinfo.TypeInformation)
Third Party Method: org.apache.commons.lang3.StringUtils.repeat(char, int)
================================================================================

[DEBUG-STREAM] Processing node: generate, has iteration_log: True, approved=False
[Generate] produced 847 chars
/part/01/Tmp/gamageyo/fika/experiments/flink/flink-core
[DEBUG-STREAM] Processing node: write, has iteration_log: True, approved=False
[Write] wrote to /part/01/Tmp/gamageyo/fika/experiments/flink/flink-core/src/test/java/org/apache/flink/util/UtilsgetGenericTypeTree_StringUtilsrepeatFikaTest.java
[DEBUG-STREAM] Processing node: validate_constraints, has iteration_log: True, approved=False
[Validate] PASSED - hard constraints satisfied
[DEBUG-STREAM] Processing node: run, has iteration_log: True, approved=False
[Run] feedback_chars=542
[DEBUG-STREAM] Processing node: check_coverage, has iteration_log: True, approved=False
[Coverage] target 'org.apache.commons.lang3.StringUtils.repeat(char, int)' covered=False
[DEBUG-STREAM] Processing node: decide, has iteration_log: True, approved=False
[Decide] approved=False (tests failed, will retry if iteration<5)
[DEBUG-STREAM] Processing node: generate, has iteration_log: True, approved=False
[Generate] produced 718 chars
/part/01/Tmp/gamageyo/fika/experiments/flink/flink-core
[DEBUG-STREAM] Processing node: write, has iteration_log: True, approved=False
[Write] wrote to /part/01/Tmp/gamageyo/fika/experiments/flink/flink-core/src/test/java/org/apache/flink/util/UtilsgetGenericTypeTree_StringUtilsrepeatFikaTest.java
[DEBUG-STREAM] Processing node: validate_constraints, has iteration_log: True, approved=False
[Validate] PASSED - hard constraints satisfied
[DEBUG-STREAM] Processing node: run, has iteration_log: True, approved=False
[Run] feedback_chars=12195
[DEBUG-STREAM] Processing node: check_coverage, has iteration_log: True, approved=False
[Coverage] target 'org.apache.commons.lang3.StringUtils.repeat(char, int)' covered=True
[DEBUG-STREAM] Processing node: decide, has iteration_log: True, approved=True
[Decide] approved=True (tests passed AND target method covered)
[DEBUG-STREAM] Processing node: finalize, has iteration_log: True, approved=True
[Finalize] SUCCESS: Test passed and target method covered

[DEBUG] Stream completed. final_state is set
[DEBUG] final_state keys: ['repo_root', 'mvn_cmd', 'max_iterations', 'run_only_generated_test', 'entryPoint', 'thirdPartyMethod', 'directCaller', 'path', 'methodSources', 'constructors', 'setters', 'fieldDeclarations', 'imports', 'testTemplate', 'conditionCount', 'callCount', 'covered', 'test_package', 'test_class_name', 'iteration', 'java_source', 'last_run_output', 'last_exit_code', 'success', 'approved', 'test_rel_path', 'trace', 'target_method_covered', 'coverage_total_lines', 'coverage_error', 'path_coverage_details', 'iteration_log', 'last_prompt']
[DEBUG] approved (after bool()) = True
✓ Test approved at iteration 2
  JSON path: /part/01/Tmp/gamageyo/fika/experiments/flink/flink-core/third_party_apis_full_methods.json
  Looking for thirdPartyMethod: org.apache.commons.lang3.StringUtils.repeat(char, int)
  Looking for directCaller: org.apache.flink.util.Utils.getGenericTypeTree(java.lang.Class, int)
[DEBUG]   ✓ MATCH FOUND at path 171
✓ Updated 1 record(s) in JSON file as covered
  Third Party Method: org.apache.commons.lang3.StringUtils.repeat(char, int)
  Direct Caller: org.apache.flink.util.Utils.getGenericTypeTree(java.lang.Class, int)

================================================================================
PROCESSING TEST CASE 173/223
================================================================================
Entry Point: org.apache.flink.api.java.typeutils.runtime.kryo.KryoSerializer.createInstance()
Third Party Method: com.esotericsoftware.kryo.util.DefaultInstantiatorStrategy.setFallbackInstantiatorStrategy(org.objenesis.strategy.InstantiatorStrategy)
================================================================================

⊙ Skipping test case 173: Already marked as covered in JSON file
  (Third Party Method: com.esotericsoftware.kryo.util.DefaultInstantiatorStrategy.setFallbackInstantiatorStrategy(org.objenesis.strategy.InstantiatorStrategy))
  (Direct Caller: org.apache.flink.api.java.typeutils.runtime.kryo.KryoSerializer.getKryoInstance())

================================================================================
PROCESSING TEST CASE 174/223
================================================================================
Entry Point: org.apache.flink.api.java.typeutils.runtime.kryo.KryoSerializer.createInstance()
Third Party Method: com.esotericsoftware.kryo.Kryo.setInstantiatorStrategy(org.objenesis.strategy.InstantiatorStrategy)
================================================================================

⊙ Skipping test case 174: Already marked as covered in JSON file
  (Third Party Method: com.esotericsoftware.kryo.Kryo.setInstantiatorStrategy(org.objenesis.strategy.InstantiatorStrategy))
  (Direct Caller: org.apache.flink.api.java.typeutils.runtime.kryo.KryoSerializer.getKryoInstance())

================================================================================
PROCESSING TEST CASE 175/223
================================================================================
Entry Point: org.apache.flink.api.java.typeutils.runtime.kryo.KryoSerializer.copy(java.lang.Object)
Third Party Method: com.esotericsoftware.kryo.util.DefaultInstantiatorStrategy.setFallbackInstantiatorStrategy(org.objenesis.strategy.InstantiatorStrategy)
================================================================================

⊙ Skipping test case 175: Already marked as covered in JSON file
  (Third Party Method: com.esotericsoftware.kryo.util.DefaultInstantiatorStrategy.setFallbackInstantiatorStrategy(org.objenesis.strategy.InstantiatorStrategy))
  (Direct Caller: org.apache.flink.api.java.typeutils.runtime.kryo.KryoSerializer.getKryoInstance())

================================================================================
PROCESSING TEST CASE 176/223
================================================================================
Entry Point: org.apache.flink.api.java.typeutils.runtime.kryo.KryoSerializer.copy(org.apache.flink.core.memory.DataInputView, org.apache.flink.core.memory.DataOutputView)
Third Party Method: com.esotericsoftware.kryo.util.DefaultInstantiatorStrategy.setFallbackInstantiatorStrategy(org.objenesis.strategy.InstantiatorStrategy)
================================================================================

⊙ Skipping test case 176: Already marked as covered in JSON file
  (Third Party Method: com.esotericsoftware.kryo.util.DefaultInstantiatorStrategy.setFallbackInstantiatorStrategy(org.objenesis.strategy.InstantiatorStrategy))
  (Direct Caller: org.apache.flink.api.java.typeutils.runtime.kryo.KryoSerializer.getKryoInstance())

================================================================================
PROCESSING TEST CASE 177/223
================================================================================
Entry Point: org.apache.flink.api.java.typeutils.runtime.kryo.KryoSerializer.copy(java.lang.Object)
Third Party Method: com.esotericsoftware.kryo.Kryo.setInstantiatorStrategy(org.objenesis.strategy.InstantiatorStrategy)
================================================================================

⊙ Skipping test case 177: Already marked as covered in JSON file
  (Third Party Method: com.esotericsoftware.kryo.Kryo.setInstantiatorStrategy(org.objenesis.strategy.InstantiatorStrategy))
  (Direct Caller: org.apache.flink.api.java.typeutils.runtime.kryo.KryoSerializer.getKryoInstance())

================================================================================
PROCESSING TEST CASE 178/223
================================================================================
Entry Point: org.apache.flink.api.java.typeutils.runtime.kryo.KryoSerializer.copy(org.apache.flink.core.memory.DataInputView, org.apache.flink.core.memory.DataOutputView)
Third Party Method: com.esotericsoftware.kryo.Kryo.setInstantiatorStrategy(org.objenesis.strategy.InstantiatorStrategy)
================================================================================

⊙ Skipping test case 178: Already marked as covered in JSON file
  (Third Party Method: com.esotericsoftware.kryo.Kryo.setInstantiatorStrategy(org.objenesis.strategy.InstantiatorStrategy))
  (Direct Caller: org.apache.flink.api.java.typeutils.runtime.kryo.KryoSerializer.getKryoInstance())

================================================================================
PROCESSING TEST CASE 179/223
================================================================================
Entry Point: org.apache.flink.configuration.ConfigurationUtils.convertValue(java.lang.Object, java.lang.Class)
Third Party Method: org.snakeyaml.engine.v2.api.DumpSettingsBuilder.setDefaultFlowStyle(org.snakeyaml.engine.v2.common.FlowStyle)
================================================================================

⊙ Skipping test case 179: Already marked as covered in JSON file
  (Third Party Method: org.snakeyaml.engine.v2.api.DumpSettingsBuilder.setDefaultFlowStyle(org.snakeyaml.engine.v2.common.FlowStyle))
  (Direct Caller: org.apache.flink.configuration.YamlParserUtils.<clinit>())

================================================================================
PROCESSING TEST CASE 180/223
================================================================================
Entry Point: org.apache.flink.configuration.ConfigurationUtils.convertValue(java.lang.Object, java.lang.Class)
Third Party Method: org.snakeyaml.engine.v2.api.DumpSettingsBuilder.setSchema(org.snakeyaml.engine.v2.schema.Schema)
================================================================================

⊙ Skipping test case 180: Already marked as covered in JSON file
  (Third Party Method: org.snakeyaml.engine.v2.api.DumpSettingsBuilder.setSchema(org.snakeyaml.engine.v2.schema.Schema))
  (Direct Caller: org.apache.flink.configuration.YamlParserUtils.<clinit>())

================================================================================
PROCESSING TEST CASE 181/223
================================================================================
Entry Point: org.apache.flink.api.java.typeutils.runtime.kryo.KryoSerializer.deserialize(org.apache.flink.core.memory.DataInputView)
Third Party Method: com.esotericsoftware.kryo.util.DefaultInstantiatorStrategy.setFallbackInstantiatorStrategy(org.objenesis.strategy.InstantiatorStrategy)
================================================================================

⊙ Skipping test case 181: Already marked as covered in JSON file
  (Third Party Method: com.esotericsoftware.kryo.util.DefaultInstantiatorStrategy.setFallbackInstantiatorStrategy(org.objenesis.strategy.InstantiatorStrategy))
  (Direct Caller: org.apache.flink.api.java.typeutils.runtime.kryo.KryoSerializer.getKryoInstance())

================================================================================
PROCESSING TEST CASE 182/223
================================================================================
Entry Point: org.apache.flink.api.java.typeutils.runtime.kryo.KryoSerializer.deserialize(org.apache.flink.core.memory.DataInputView)
Third Party Method: com.esotericsoftware.kryo.Kryo.setInstantiatorStrategy(org.objenesis.strategy.InstantiatorStrategy)
================================================================================

⊙ Skipping test case 182: Already marked as covered in JSON file
  (Third Party Method: com.esotericsoftware.kryo.Kryo.setInstantiatorStrategy(org.objenesis.strategy.InstantiatorStrategy))
  (Direct Caller: org.apache.flink.api.java.typeutils.runtime.kryo.KryoSerializer.getKryoInstance())

================================================================================
PROCESSING TEST CASE 183/223
================================================================================
Entry Point: org.apache.flink.configuration.ConfigurationUtils.convertValue(java.lang.Object, java.lang.Class)
Third Party Method: org.snakeyaml.engine.v2.api.Dump.<init>(org.snakeyaml.engine.v2.api.DumpSettings, org.snakeyaml.engine.v2.representer.BaseRepresenter)
================================================================================

[DEBUG-STREAM] Processing node: generate, has iteration_log: True, approved=False
[Generate] produced 1898 chars
/part/01/Tmp/gamageyo/fika/experiments/flink/flink-core
[DEBUG-STREAM] Processing node: write, has iteration_log: True, approved=False
[Write] wrote to /part/01/Tmp/gamageyo/fika/experiments/flink/flink-core/src/test/java/org/apache/flink/configuration/ConfigurationUtils_YamlParserUtilsmethod_DumpmethodFikaTest5.java
[DEBUG-STREAM] Processing node: validate_constraints, has iteration_log: True, approved=False
[Validate] PASSED - hard constraints satisfied
[DEBUG-STREAM] Processing node: run, has iteration_log: True, approved=False
[Run] feedback_chars=594
[DEBUG-STREAM] Processing node: check_coverage, has iteration_log: True, approved=False
[Coverage] target 'org.snakeyaml.engine.v2.api.Dump.<init>(org.snakeyaml.engine.v2.api.DumpSettings, org.snakeyaml.engine.v2.representer.BaseRepresenter)' covered=False
[DEBUG-STREAM] Processing node: decide, has iteration_log: True, approved=False
[Decide] approved=False (tests failed, will retry if iteration<5)
[DEBUG-STREAM] Processing node: generate, has iteration_log: True, approved=False
[Generate] produced 575 chars
/part/01/Tmp/gamageyo/fika/experiments/flink/flink-core
[DEBUG-STREAM] Processing node: write, has iteration_log: True, approved=False
[Write] wrote to /part/01/Tmp/gamageyo/fika/experiments/flink/flink-core/src/test/java/org/apache/flink/configuration/ConfigurationUtils_YamlParserUtilsmethod_DumpmethodFikaTest5.java
[DEBUG-STREAM] Processing node: validate_constraints, has iteration_log: True, approved=False
[Validate] PASSED - hard constraints satisfied
[DEBUG-STREAM] Processing node: run, has iteration_log: True, approved=False
[Run] feedback_chars=12195
[DEBUG-STREAM] Processing node: check_coverage, has iteration_log: True, approved=False
[Coverage] target 'org.snakeyaml.engine.v2.api.Dump.<init>(org.snakeyaml.engine.v2.api.DumpSettings, org.snakeyaml.engine.v2.representer.BaseRepresenter)' covered=False
[DEBUG-STREAM] Processing node: decide, has iteration_log: True, approved=False
[Decide] approved=False (tests passed but target method NOT covered, will retry if iteration<5)
[DEBUG-STREAM] Processing node: generate, has iteration_log: True, approved=False
[Generate] produced 1387 chars
/part/01/Tmp/gamageyo/fika/experiments/flink/flink-core
[DEBUG-STREAM] Processing node: write, has iteration_log: True, approved=False
[Write] wrote to /part/01/Tmp/gamageyo/fika/experiments/flink/flink-core/src/test/java/org/apache/flink/configuration/ConfigurationUtils_YamlParserUtilsmethod_DumpmethodFikaTest5.java
[DEBUG-STREAM] Processing node: validate_constraints, has iteration_log: True, approved=False
[Validate] PASSED - hard constraints satisfied
[DEBUG-STREAM] Processing node: run, has iteration_log: True, approved=False
[Run] feedback_chars=594
[DEBUG-STREAM] Processing node: check_coverage, has iteration_log: True, approved=False
[Coverage] target 'org.snakeyaml.engine.v2.api.Dump.<init>(org.snakeyaml.engine.v2.api.DumpSettings, org.snakeyaml.engine.v2.representer.BaseRepresenter)' covered=False
[DEBUG-STREAM] Processing node: decide, has iteration_log: True, approved=False
[Decide] approved=False (tests failed, will retry if iteration<5)
[DEBUG-STREAM] Processing node: generate, has iteration_log: True, approved=False
[Generate] produced 575 chars
/part/01/Tmp/gamageyo/fika/experiments/flink/flink-core
[DEBUG-STREAM] Processing node: write, has iteration_log: True, approved=False
[Write] wrote to /part/01/Tmp/gamageyo/fika/experiments/flink/flink-core/src/test/java/org/apache/flink/configuration/ConfigurationUtils_YamlParserUtilsmethod_DumpmethodFikaTest5.java
[DEBUG-STREAM] Processing node: validate_constraints, has iteration_log: True, approved=False
[Validate] PASSED - hard constraints satisfied
[DEBUG-STREAM] Processing node: run, has iteration_log: True, approved=False
[Run] feedback_chars=12195
[DEBUG-STREAM] Processing node: check_coverage, has iteration_log: True, approved=False
[Coverage] target 'org.snakeyaml.engine.v2.api.Dump.<init>(org.snakeyaml.engine.v2.api.DumpSettings, org.snakeyaml.engine.v2.representer.BaseRepresenter)' covered=False
[DEBUG-STREAM] Processing node: decide, has iteration_log: True, approved=False
[Decide] approved=False (tests passed but target method NOT covered, will retry if iteration<5)
[DEBUG-STREAM] Processing node: generate, has iteration_log: True, approved=False
[Generate] produced 1387 chars
/part/01/Tmp/gamageyo/fika/experiments/flink/flink-core
[DEBUG-STREAM] Processing node: write, has iteration_log: True, approved=False
[Write] wrote to /part/01/Tmp/gamageyo/fika/experiments/flink/flink-core/src/test/java/org/apache/flink/configuration/ConfigurationUtils_YamlParserUtilsmethod_DumpmethodFikaTest5.java
[DEBUG-STREAM] Processing node: validate_constraints, has iteration_log: True, approved=False
[Validate] PASSED - hard constraints satisfied
[DEBUG-STREAM] Processing node: run, has iteration_log: True, approved=False
[Run] feedback_chars=594
[DEBUG-STREAM] Processing node: check_coverage, has iteration_log: True, approved=False
[Coverage] target 'org.snakeyaml.engine.v2.api.Dump.<init>(org.snakeyaml.engine.v2.api.DumpSettings, org.snakeyaml.engine.v2.representer.BaseRepresenter)' covered=False
[DEBUG-STREAM] Processing node: decide, has iteration_log: True, approved=False
[Decide] approved=False (tests failed, will retry if iteration<5)
[DEBUG-STREAM] Processing node: finalize, has iteration_log: True, approved=False
[Finalize] Cleaned up unsuccessful test file: /part/01/Tmp/gamageyo/fika/experiments/flink/flink-core/src/test/java/org/apache/flink/configuration/ConfigurationUtils_YamlParserUtilsmethod_DumpmethodFikaTest5.java

[DEBUG] Stream completed. final_state is set
[DEBUG] final_state keys: ['repo_root', 'mvn_cmd', 'max_iterations', 'run_only_generated_test', 'entryPoint', 'thirdPartyMethod', 'directCaller', 'path', 'methodSources', 'constructors', 'setters', 'fieldDeclarations', 'imports', 'testTemplate', 'conditionCount', 'callCount', 'covered', 'test_package', 'test_class_name', 'iteration', 'java_source', 'last_run_output', 'last_exit_code', 'success', 'approved', 'test_rel_path', 'trace', 'target_method_covered', 'coverage_total_lines', 'coverage_error', 'path_coverage_details', 'iteration_log', 'last_prompt']
[DEBUG] approved (after bool()) = False

=== FAILURE REASON ===
Tests failed to compile or run successfully


================================================================================
PROCESSING TEST CASE 184/223
================================================================================
Entry Point: org.apache.flink.configuration.ConfigurationUtils.convertValue(java.lang.Object, java.lang.Class)
Third Party Method: org.snakeyaml.engine.v2.api.LoadSettingsBuilder.setSchema(org.snakeyaml.engine.v2.schema.Schema)
================================================================================

⊙ Skipping test case 184: Already marked as covered in JSON file
  (Third Party Method: org.snakeyaml.engine.v2.api.LoadSettingsBuilder.setSchema(org.snakeyaml.engine.v2.schema.Schema))
  (Direct Caller: org.apache.flink.configuration.YamlParserUtils.<clinit>())

================================================================================
PROCESSING TEST CASE 185/223
================================================================================
Entry Point: org.apache.flink.configuration.ConfigurationUtils.convertValue(java.lang.Object, java.lang.Class)
Third Party Method: org.snakeyaml.engine.v2.api.Load.<init>(org.snakeyaml.engine.v2.api.LoadSettings)
================================================================================

⊙ Skipping test case 185: Already marked as covered in JSON file
  (Third Party Method: org.snakeyaml.engine.v2.api.Load.<init>(org.snakeyaml.engine.v2.api.LoadSettings))
  (Direct Caller: org.apache.flink.configuration.YamlParserUtils.<clinit>())

================================================================================
PROCESSING TEST CASE 186/223
================================================================================
Entry Point: org.apache.flink.api.java.typeutils.runtime.kryo.KryoSerializer.serialize(java.lang.Object, org.apache.flink.core.memory.DataOutputView)
Third Party Method: com.esotericsoftware.kryo.util.DefaultInstantiatorStrategy.setFallbackInstantiatorStrategy(org.objenesis.strategy.InstantiatorStrategy)
================================================================================

⊙ Skipping test case 186: Already marked as covered in JSON file
  (Third Party Method: com.esotericsoftware.kryo.util.DefaultInstantiatorStrategy.setFallbackInstantiatorStrategy(org.objenesis.strategy.InstantiatorStrategy))
  (Direct Caller: org.apache.flink.api.java.typeutils.runtime.kryo.KryoSerializer.getKryoInstance())

================================================================================
PROCESSING TEST CASE 187/223
================================================================================
Entry Point: org.apache.flink.api.java.typeutils.runtime.kryo.KryoSerializer.serialize(java.lang.Object, org.apache.flink.core.memory.DataOutputView)
Third Party Method: com.esotericsoftware.kryo.Kryo.setInstantiatorStrategy(org.objenesis.strategy.InstantiatorStrategy)
================================================================================

⊙ Skipping test case 187: Already marked as covered in JSON file
  (Third Party Method: com.esotericsoftware.kryo.Kryo.setInstantiatorStrategy(org.objenesis.strategy.InstantiatorStrategy))
  (Direct Caller: org.apache.flink.api.java.typeutils.runtime.kryo.KryoSerializer.getKryoInstance())

================================================================================
PROCESSING TEST CASE 188/223
================================================================================
Entry Point: org.apache.flink.util.CompressionUtils.extractTarFile(java.lang.String, java.lang.String)
Third Party Method: org.apache.commons.compress.archivers.tar.TarArchiveEntry.getName()
================================================================================

[DEBUG-STREAM] Processing node: generate, has iteration_log: True, approved=False
[Generate] produced 959 chars
/part/01/Tmp/gamageyo/fika/experiments/flink/flink-core
[DEBUG-STREAM] Processing node: write, has iteration_log: True, approved=False
[Write] wrote to /part/01/Tmp/gamageyo/fika/experiments/flink/flink-core/src/test/java/org/apache/flink/util/CompressionUtilsunpackEntry_TarArchiveEntrygetNameFikaTest.java
[DEBUG-STREAM] Processing node: validate_constraints, has iteration_log: True, approved=False
[Validate] PASSED - hard constraints satisfied
[DEBUG-STREAM] Processing node: run, has iteration_log: True, approved=False
[Run] feedback_chars=1853
[DEBUG-STREAM] Processing node: check_coverage, has iteration_log: True, approved=False
[Coverage] target 'org.apache.commons.compress.archivers.tar.TarArchiveEntry.getName()' covered=False
[DEBUG-STREAM] Processing node: decide, has iteration_log: True, approved=False
[Decide] approved=False (tests failed, will retry if iteration<5)
[DEBUG-STREAM] Processing node: generate, has iteration_log: True, approved=False
[Generate] produced 1248 chars
/part/01/Tmp/gamageyo/fika/experiments/flink/flink-core
[DEBUG-STREAM] Processing node: write, has iteration_log: True, approved=False
[Write] wrote to /part/01/Tmp/gamageyo/fika/experiments/flink/flink-core/src/test/java/org/apache/flink/util/CompressionUtilsunpackEntry_TarArchiveEntrygetNameFikaTest.java
[DEBUG-STREAM] Processing node: validate_constraints, has iteration_log: True, approved=False
[Validate] PASSED - hard constraints satisfied
[DEBUG-STREAM] Processing node: run, has iteration_log: True, approved=False
[Run] feedback_chars=1781
[DEBUG-STREAM] Processing node: check_coverage, has iteration_log: True, approved=False
[Coverage] target 'org.apache.commons.compress.archivers.tar.TarArchiveEntry.getName()' covered=False
[DEBUG-STREAM] Processing node: decide, has iteration_log: True, approved=False
[Decide] approved=False (tests failed, will retry if iteration<5)
[DEBUG-STREAM] Processing node: generate, has iteration_log: True, approved=False
[Generate] produced 1289 chars
/part/01/Tmp/gamageyo/fika/experiments/flink/flink-core
[DEBUG-STREAM] Processing node: write, has iteration_log: True, approved=False
[Write] wrote to /part/01/Tmp/gamageyo/fika/experiments/flink/flink-core/src/test/java/org/apache/flink/util/CompressionUtilsunpackEntry_TarArchiveEntrygetNameFikaTest.java
[DEBUG-STREAM] Processing node: validate_constraints, has iteration_log: True, approved=False
[Validate] PASSED - hard constraints satisfied
[DEBUG-STREAM] Processing node: run, has iteration_log: True, approved=False
[Run] feedback_chars=1781
[DEBUG-STREAM] Processing node: check_coverage, has iteration_log: True, approved=False
[Coverage] target 'org.apache.commons.compress.archivers.tar.TarArchiveEntry.getName()' covered=False
[DEBUG-STREAM] Processing node: decide, has iteration_log: True, approved=False
[Decide] approved=False (tests failed, will retry if iteration<5)
[DEBUG-STREAM] Processing node: generate, has iteration_log: True, approved=False
[Generate] produced 1454 chars
/part/01/Tmp/gamageyo/fika/experiments/flink/flink-core
[DEBUG-STREAM] Processing node: write, has iteration_log: True, approved=False
[Write] wrote to /part/01/Tmp/gamageyo/fika/experiments/flink/flink-core/src/test/java/org/apache/flink/util/CompressionUtilsunpackEntry_TarArchiveEntrygetNameFikaTest.java
[DEBUG-STREAM] Processing node: validate_constraints, has iteration_log: True, approved=False
[Validate] PASSED - hard constraints satisfied
[DEBUG-STREAM] Processing node: run, has iteration_log: True, approved=False
[Run] feedback_chars=1781
[DEBUG-STREAM] Processing node: check_coverage, has iteration_log: True, approved=False
[Coverage] target 'org.apache.commons.compress.archivers.tar.TarArchiveEntry.getName()' covered=False
[DEBUG-STREAM] Processing node: decide, has iteration_log: True, approved=False
[Decide] approved=False (tests failed, will retry if iteration<5)
[DEBUG-STREAM] Processing node: generate, has iteration_log: True, approved=False
[Generate] produced 1312 chars
/part/01/Tmp/gamageyo/fika/experiments/flink/flink-core
[DEBUG-STREAM] Processing node: write, has iteration_log: True, approved=False
[Write] wrote to /part/01/Tmp/gamageyo/fika/experiments/flink/flink-core/src/test/java/org/apache/flink/util/CompressionUtilsunpackEntry_TarArchiveEntrygetNameFikaTest.java
[DEBUG-STREAM] Processing node: validate_constraints, has iteration_log: True, approved=False
[Validate] PASSED - hard constraints satisfied
[DEBUG-STREAM] Processing node: run, has iteration_log: True, approved=False
[Run] feedback_chars=1781
[DEBUG-STREAM] Processing node: check_coverage, has iteration_log: True, approved=False
[Coverage] target 'org.apache.commons.compress.archivers.tar.TarArchiveEntry.getName()' covered=False
[DEBUG-STREAM] Processing node: decide, has iteration_log: True, approved=False
[Decide] approved=False (tests failed, will retry if iteration<5)
[DEBUG-STREAM] Processing node: finalize, has iteration_log: True, approved=False
[Finalize] Cleaned up unsuccessful test file: /part/01/Tmp/gamageyo/fika/experiments/flink/flink-core/src/test/java/org/apache/flink/util/CompressionUtilsunpackEntry_TarArchiveEntrygetNameFikaTest.java

[DEBUG] Stream completed. final_state is set
[DEBUG] final_state keys: ['repo_root', 'mvn_cmd', 'max_iterations', 'run_only_generated_test', 'entryPoint', 'thirdPartyMethod', 'directCaller', 'path', 'methodSources', 'constructors', 'setters', 'fieldDeclarations', 'imports', 'testTemplate', 'conditionCount', 'callCount', 'covered', 'test_package', 'test_class_name', 'iteration', 'java_source', 'last_run_output', 'last_exit_code', 'success', 'approved', 'test_rel_path', 'trace', 'target_method_covered', 'coverage_total_lines', 'coverage_error', 'path_coverage_details', 'iteration_log', 'last_prompt']
[DEBUG] approved (after bool()) = False

=== FAILURE REASON ===
Tests failed to compile or run successfully


================================================================================
PROCESSING TEST CASE 189/223
================================================================================
Entry Point: org.apache.flink.util.CompressionUtils.extractTarFile(java.lang.String, java.lang.String)
Third Party Method: org.apache.commons.compress.archivers.tar.TarArchiveEntry.getLinkName()
================================================================================

[DEBUG-STREAM] Processing node: generate, has iteration_log: True, approved=False
[Generate] produced 2363 chars
/part/01/Tmp/gamageyo/fika/experiments/flink/flink-core
[DEBUG-STREAM] Processing node: write, has iteration_log: True, approved=False
[Write] wrote to /part/01/Tmp/gamageyo/fika/experiments/flink/flink-core/src/test/java/org/apache/flink/util/CompressionUtilsunpackEntry_TarArchiveEntrygetLinkNameFikaTest.java
[DEBUG-STREAM] Processing node: validate_constraints, has iteration_log: True, approved=False
[Validate] PASSED - hard constraints satisfied
[DEBUG-STREAM] Processing node: run, has iteration_log: True, approved=False
[Run] feedback_chars=550
[DEBUG-STREAM] Processing node: check_coverage, has iteration_log: True, approved=False
[Coverage] target 'org.apache.commons.compress.archivers.tar.TarArchiveEntry.getLinkName()' covered=False
[DEBUG-STREAM] Processing node: decide, has iteration_log: True, approved=False
[Decide] approved=False (tests failed, will retry if iteration<5)
[DEBUG-STREAM] Processing node: generate, has iteration_log: True, approved=False
[Generate] produced 3631 chars
/part/01/Tmp/gamageyo/fika/experiments/flink/flink-core
[DEBUG-STREAM] Processing node: write, has iteration_log: True, approved=False
[Write] wrote to /part/01/Tmp/gamageyo/fika/experiments/flink/flink-core/src/test/java/org/apache/flink/util/CompressionUtilsunpackEntry_TarArchiveEntrygetLinkNameFikaTest.java
[DEBUG-STREAM] Processing node: validate_constraints, has iteration_log: True, approved=False
[Validate] FAILED - hard constraints violated
[DEBUG-STREAM] Processing node: decide, has iteration_log: True, approved=False
[Decide] approved=False (hard constraint violation, will retry if iteration<5)
[DEBUG-STREAM] Processing node: generate, has iteration_log: True, approved=False
[Generate] produced 2529 chars
/part/01/Tmp/gamageyo/fika/experiments/flink/flink-core
[DEBUG-STREAM] Processing node: write, has iteration_log: True, approved=False
[Write] wrote to /part/01/Tmp/gamageyo/fika/experiments/flink/flink-core/src/test/java/org/apache/flink/util/CompressionUtilsunpackEntry_TarArchiveEntrygetLinkNameFikaTest.java
[DEBUG-STREAM] Processing node: validate_constraints, has iteration_log: True, approved=False
[Validate] PASSED - hard constraints satisfied
[DEBUG-STREAM] Processing node: run, has iteration_log: True, approved=False
[Run] feedback_chars=569
[DEBUG-STREAM] Processing node: check_coverage, has iteration_log: True, approved=False
[Coverage] target 'org.apache.commons.compress.archivers.tar.TarArchiveEntry.getLinkName()' covered=False
[DEBUG-STREAM] Processing node: decide, has iteration_log: True, approved=False
[Decide] approved=False (tests failed, will retry if iteration<5)
[DEBUG-STREAM] Processing node: generate, has iteration_log: True, approved=False
[Generate] produced 1731 chars
/part/01/Tmp/gamageyo/fika/experiments/flink/flink-core
[DEBUG-STREAM] Processing node: write, has iteration_log: True, approved=False
[Write] wrote to /part/01/Tmp/gamageyo/fika/experiments/flink/flink-core/src/test/java/org/apache/flink/util/CompressionUtilsunpackEntry_TarArchiveEntrygetLinkNameFikaTest.java
[DEBUG-STREAM] Processing node: validate_constraints, has iteration_log: True, approved=False
[Validate] PASSED - hard constraints satisfied
[DEBUG-STREAM] Processing node: run, has iteration_log: True, approved=False
[Run] feedback_chars=1714
[DEBUG-STREAM] Processing node: check_coverage, has iteration_log: True, approved=False
[Coverage] target 'org.apache.commons.compress.archivers.tar.TarArchiveEntry.getLinkName()' covered=False
[DEBUG-STREAM] Processing node: decide, has iteration_log: True, approved=False
[Decide] approved=False (tests failed, will retry if iteration<5)
[DEBUG-STREAM] Processing node: generate, has iteration_log: True, approved=False
[Generate] produced 1796 chars
/part/01/Tmp/gamageyo/fika/experiments/flink/flink-core
[DEBUG-STREAM] Processing node: write, has iteration_log: True, approved=False
[Write] wrote to /part/01/Tmp/gamageyo/fika/experiments/flink/flink-core/src/test/java/org/apache/flink/util/CompressionUtilsunpackEntry_TarArchiveEntrygetLinkNameFikaTest.java
[DEBUG-STREAM] Processing node: validate_constraints, has iteration_log: True, approved=False
[Validate] PASSED - hard constraints satisfied
[DEBUG-STREAM] Processing node: run, has iteration_log: True, approved=False
[Run] feedback_chars=1714
[DEBUG-STREAM] Processing node: check_coverage, has iteration_log: True, approved=False
[Coverage] target 'org.apache.commons.compress.archivers.tar.TarArchiveEntry.getLinkName()' covered=False
[DEBUG-STREAM] Processing node: decide, has iteration_log: True, approved=False
[Decide] approved=False (tests failed, will retry if iteration<5)
[DEBUG-STREAM] Processing node: finalize, has iteration_log: True, approved=False
[Finalize] Cleaned up unsuccessful test file: /part/01/Tmp/gamageyo/fika/experiments/flink/flink-core/src/test/java/org/apache/flink/util/CompressionUtilsunpackEntry_TarArchiveEntrygetLinkNameFikaTest.java

[DEBUG] Stream completed. final_state is set
[DEBUG] final_state keys: ['repo_root', 'mvn_cmd', 'max_iterations', 'run_only_generated_test', 'entryPoint', 'thirdPartyMethod', 'directCaller', 'path', 'methodSources', 'constructors', 'setters', 'fieldDeclarations', 'imports', 'testTemplate', 'conditionCount', 'callCount', 'covered', 'test_package', 'test_class_name', 'iteration', 'java_source', 'last_run_output', 'last_exit_code', 'success', 'approved', 'test_rel_path', 'trace', 'target_method_covered', 'coverage_total_lines', 'coverage_error', 'path_coverage_details', 'iteration_log', 'last_prompt']
[DEBUG] approved (after bool()) = False

=== FAILURE REASON ===
Tests failed to compile or run successfully


================================================================================
PROCESSING TEST CASE 190/223
================================================================================
Entry Point: org.apache.flink.util.CompressionUtils.extractTarFile(java.lang.String, java.lang.String)
Third Party Method: org.apache.commons.compress.archivers.tar.TarArchiveEntry.isDirectory()
================================================================================

[DEBUG-STREAM] Processing node: generate, has iteration_log: True, approved=False
[Generate] produced 2417 chars
/part/01/Tmp/gamageyo/fika/experiments/flink/flink-core
[DEBUG-STREAM] Processing node: write, has iteration_log: True, approved=False
[Write] wrote to /part/01/Tmp/gamageyo/fika/experiments/flink/flink-core/src/test/java/org/apache/flink/util/CompressionUtilsunpackEntry_TarArchiveEntryisDirectoryFikaTest.java
[DEBUG-STREAM] Processing node: validate_constraints, has iteration_log: True, approved=False
[Validate] PASSED - hard constraints satisfied
[DEBUG-STREAM] Processing node: run, has iteration_log: True, approved=False
[Run] feedback_chars=1835
[DEBUG-STREAM] Processing node: check_coverage, has iteration_log: True, approved=False
[Coverage] target 'org.apache.commons.compress.archivers.tar.TarArchiveEntry.isDirectory()' covered=False
[DEBUG-STREAM] Processing node: decide, has iteration_log: True, approved=False
[Decide] approved=False (tests failed, will retry if iteration<5)
[DEBUG-STREAM] Processing node: generate, has iteration_log: True, approved=False
[Generate] produced 3491 chars
/part/01/Tmp/gamageyo/fika/experiments/flink/flink-core
[DEBUG-STREAM] Processing node: write, has iteration_log: True, approved=False
[Write] wrote to /part/01/Tmp/gamageyo/fika/experiments/flink/flink-core/src/test/java/org/apache/flink/util/CompressionUtilsunpackEntry_TarArchiveEntryisDirectoryFikaTest.java
[DEBUG-STREAM] Processing node: validate_constraints, has iteration_log: True, approved=False
[Validate] PASSED - hard constraints satisfied
[DEBUG-STREAM] Processing node: run, has iteration_log: True, approved=False
[Run] feedback_chars=1837
[DEBUG-STREAM] Processing node: check_coverage, has iteration_log: True, approved=False
[Coverage] target 'org.apache.commons.compress.archivers.tar.TarArchiveEntry.isDirectory()' covered=False
[DEBUG-STREAM] Processing node: decide, has iteration_log: True, approved=False
[Decide] approved=False (tests failed, will retry if iteration<5)
[DEBUG-STREAM] Processing node: generate, has iteration_log: True, approved=False
[Generate] produced 1854 chars
/part/01/Tmp/gamageyo/fika/experiments/flink/flink-core
[DEBUG-STREAM] Processing node: write, has iteration_log: True, approved=False
[Write] wrote to /part/01/Tmp/gamageyo/fika/experiments/flink/flink-core/src/test/java/org/apache/flink/util/CompressionUtilsunpackEntry_TarArchiveEntryisDirectoryFikaTest.java
[DEBUG-STREAM] Processing node: validate_constraints, has iteration_log: True, approved=False
[Validate] PASSED - hard constraints satisfied
[DEBUG-STREAM] Processing node: run, has iteration_log: True, approved=False
[Run] feedback_chars=1768
[DEBUG-STREAM] Processing node: check_coverage, has iteration_log: True, approved=False
[Coverage] target 'org.apache.commons.compress.archivers.tar.TarArchiveEntry.isDirectory()' covered=False
[DEBUG-STREAM] Processing node: decide, has iteration_log: True, approved=False
[Decide] approved=False (tests failed, will retry if iteration<5)
[DEBUG-STREAM] Processing node: generate, has iteration_log: True, approved=False
[Generate] produced 1763 chars
/part/01/Tmp/gamageyo/fika/experiments/flink/flink-core
[DEBUG-STREAM] Processing node: write, has iteration_log: True, approved=False
[Write] wrote to /part/01/Tmp/gamageyo/fika/experiments/flink/flink-core/src/test/java/org/apache/flink/util/CompressionUtilsunpackEntry_TarArchiveEntryisDirectoryFikaTest.java
[DEBUG-STREAM] Processing node: validate_constraints, has iteration_log: True, approved=False
[Validate] PASSED - hard constraints satisfied
[DEBUG-STREAM] Processing node: run, has iteration_log: True, approved=False
[Run] feedback_chars=1768
[DEBUG-STREAM] Processing node: check_coverage, has iteration_log: True, approved=False
[Coverage] target 'org.apache.commons.compress.archivers.tar.TarArchiveEntry.isDirectory()' covered=False
[DEBUG-STREAM] Processing node: decide, has iteration_log: True, approved=False
[Decide] approved=False (tests failed, will retry if iteration<5)
[DEBUG-STREAM] Processing node: generate, has iteration_log: True, approved=False
[Generate] produced 1738 chars
/part/01/Tmp/gamageyo/fika/experiments/flink/flink-core
[DEBUG-STREAM] Processing node: write, has iteration_log: True, approved=False
[Write] wrote to /part/01/Tmp/gamageyo/fika/experiments/flink/flink-core/src/test/java/org/apache/flink/util/CompressionUtilsunpackEntry_TarArchiveEntryisDirectoryFikaTest.java
[DEBUG-STREAM] Processing node: validate_constraints, has iteration_log: True, approved=False
[Validate] PASSED - hard constraints satisfied
[DEBUG-STREAM] Processing node: run, has iteration_log: True, approved=False
[Run] feedback_chars=1768
[DEBUG-STREAM] Processing node: check_coverage, has iteration_log: True, approved=False
[Coverage] target 'org.apache.commons.compress.archivers.tar.TarArchiveEntry.isDirectory()' covered=False
[DEBUG-STREAM] Processing node: decide, has iteration_log: True, approved=False
[Decide] approved=False (tests failed, will retry if iteration<5)
[DEBUG-STREAM] Processing node: finalize, has iteration_log: True, approved=False
[Finalize] Cleaned up unsuccessful test file: /part/01/Tmp/gamageyo/fika/experiments/flink/flink-core/src/test/java/org/apache/flink/util/CompressionUtilsunpackEntry_TarArchiveEntryisDirectoryFikaTest.java

[DEBUG] Stream completed. final_state is set
[DEBUG] final_state keys: ['repo_root', 'mvn_cmd', 'max_iterations', 'run_only_generated_test', 'entryPoint', 'thirdPartyMethod', 'directCaller', 'path', 'methodSources', 'constructors', 'setters', 'fieldDeclarations', 'imports', 'testTemplate', 'conditionCount', 'callCount', 'covered', 'test_package', 'test_class_name', 'iteration', 'java_source', 'last_run_output', 'last_exit_code', 'success', 'approved', 'test_rel_path', 'trace', 'target_method_covered', 'coverage_total_lines', 'coverage_error', 'path_coverage_details', 'iteration_log', 'last_prompt']
[DEBUG] approved (after bool()) = False

=== FAILURE REASON ===
Tests failed to compile or run successfully


================================================================================
PROCESSING TEST CASE 191/223
================================================================================
Entry Point: org.apache.flink.util.CompressionUtils.extractTarFile(java.lang.String, java.lang.String)
Third Party Method: org.apache.commons.compress.archivers.tar.TarArchiveEntry.getDirectoryEntries()
================================================================================

[DEBUG-STREAM] Processing node: generate, has iteration_log: True, approved=False
[Generate] produced 973 chars
/part/01/Tmp/gamageyo/fika/experiments/flink/flink-core
[DEBUG-STREAM] Processing node: write, has iteration_log: True, approved=False
[Write] wrote to /part/01/Tmp/gamageyo/fika/experiments/flink/flink-core/src/test/java/org/apache/flink/util/CompressionUtilsunpackEntry_TarArchiveEntrygetDirectoryEntriesFikaTest.java
[DEBUG-STREAM] Processing node: validate_constraints, has iteration_log: True, approved=False
[Validate] PASSED - hard constraints satisfied
[DEBUG-STREAM] Processing node: run, has iteration_log: True, approved=False
[Run] feedback_chars=558
[DEBUG-STREAM] Processing node: check_coverage, has iteration_log: True, approved=False
[Coverage] target 'org.apache.commons.compress.archivers.tar.TarArchiveEntry.getDirectoryEntries()' covered=False
[DEBUG-STREAM] Processing node: decide, has iteration_log: True, approved=False
[Decide] approved=False (tests failed, will retry if iteration<5)
[DEBUG-STREAM] Processing node: generate, has iteration_log: True, approved=False
[Generate] produced 1795 chars
/part/01/Tmp/gamageyo/fika/experiments/flink/flink-core
[DEBUG-STREAM] Processing node: write, has iteration_log: True, approved=False
[Write] wrote to /part/01/Tmp/gamageyo/fika/experiments/flink/flink-core/src/test/java/org/apache/flink/util/CompressionUtilsunpackEntry_TarArchiveEntrygetDirectoryEntriesFikaTest.java
[DEBUG-STREAM] Processing node: validate_constraints, has iteration_log: True, approved=False
[Validate] PASSED - hard constraints satisfied
[DEBUG-STREAM] Processing node: run, has iteration_log: True, approved=False
[Run] feedback_chars=1765
[DEBUG-STREAM] Processing node: check_coverage, has iteration_log: True, approved=False
[Coverage] target 'org.apache.commons.compress.archivers.tar.TarArchiveEntry.getDirectoryEntries()' covered=False
[DEBUG-STREAM] Processing node: decide, has iteration_log: True, approved=False
[Decide] approved=False (tests failed, will retry if iteration<5)
[DEBUG-STREAM] Processing node: generate, has iteration_log: True, approved=False
[Generate] produced 2334 chars
/part/01/Tmp/gamageyo/fika/experiments/flink/flink-core
[DEBUG-STREAM] Processing node: write, has iteration_log: True, approved=False
[Write] wrote to /part/01/Tmp/gamageyo/fika/experiments/flink/flink-core/src/test/java/org/apache/flink/util/CompressionUtilsunpackEntry_TarArchiveEntrygetDirectoryEntriesFikaTest.java
[DEBUG-STREAM] Processing node: validate_constraints, has iteration_log: True, approved=False
[Validate] FAILED - hard constraints violated
[DEBUG-STREAM] Processing node: decide, has iteration_log: True, approved=False
[Decide] approved=False (hard constraint violation, will retry if iteration<5)
[DEBUG-STREAM] Processing node: generate, has iteration_log: True, approved=False
[Generate] produced 1775 chars
/part/01/Tmp/gamageyo/fika/experiments/flink/flink-core
[DEBUG-STREAM] Processing node: write, has iteration_log: True, approved=False
[Write] wrote to /part/01/Tmp/gamageyo/fika/experiments/flink/flink-core/src/test/java/org/apache/flink/util/CompressionUtilsunpackEntry_TarArchiveEntrygetDirectoryEntriesFikaTest.java
[DEBUG-STREAM] Processing node: validate_constraints, has iteration_log: True, approved=False
[Validate] FAILED - hard constraints violated
[DEBUG-STREAM] Processing node: decide, has iteration_log: True, approved=False
[Decide] approved=False (hard constraint violation, will retry if iteration<5)
[DEBUG-STREAM] Processing node: generate, has iteration_log: True, approved=False
[Generate] produced 2225 chars
/part/01/Tmp/gamageyo/fika/experiments/flink/flink-core
[DEBUG-STREAM] Processing node: write, has iteration_log: True, approved=False
[Write] wrote to /part/01/Tmp/gamageyo/fika/experiments/flink/flink-core/src/test/java/org/apache/flink/util/CompressionUtilsunpackEntry_TarArchiveEntrygetDirectoryEntriesFikaTest.java
[DEBUG-STREAM] Processing node: validate_constraints, has iteration_log: True, approved=False
[Validate] FAILED - hard constraints violated
[DEBUG-STREAM] Processing node: decide, has iteration_log: True, approved=False
[Decide] approved=False (hard constraint violation, will retry if iteration<5)
[DEBUG-STREAM] Processing node: finalize, has iteration_log: True, approved=False
[Finalize] Cleaned up unsuccessful test file: /part/01/Tmp/gamageyo/fika/experiments/flink/flink-core/src/test/java/org/apache/flink/util/CompressionUtilsunpackEntry_TarArchiveEntrygetDirectoryEntriesFikaTest.java

[DEBUG] Stream completed. final_state is set
[DEBUG] final_state keys: ['repo_root', 'mvn_cmd', 'max_iterations', 'run_only_generated_test', 'entryPoint', 'thirdPartyMethod', 'directCaller', 'path', 'methodSources', 'constructors', 'setters', 'fieldDeclarations', 'imports', 'testTemplate', 'conditionCount', 'callCount', 'covered', 'test_package', 'test_class_name', 'iteration', 'java_source', 'last_run_output', 'last_exit_code', 'success', 'approved', 'test_rel_path', 'trace', 'target_method_covered', 'coverage_total_lines', 'coverage_error', 'path_coverage_details', 'iteration_log', 'last_prompt']
[DEBUG] approved (after bool()) = False

=== FAILURE REASON ===
Tests failed to compile or run successfully


================================================================================
PROCESSING TEST CASE 192/223
================================================================================
Entry Point: org.apache.flink.util.CompressionUtils.extractTarFile(java.lang.String, java.lang.String)
Third Party Method: org.apache.commons.compress.archivers.tar.TarArchiveEntry.isSymbolicLink()
================================================================================

[DEBUG-STREAM] Processing node: generate, has iteration_log: True, approved=False
[Generate] produced 959 chars
/part/01/Tmp/gamageyo/fika/experiments/flink/flink-core
[DEBUG-STREAM] Processing node: write, has iteration_log: True, approved=False
[Write] wrote to /part/01/Tmp/gamageyo/fika/experiments/flink/flink-core/src/test/java/org/apache/flink/util/CompressionUtilsunpackEntry_TarArchiveEntryisSymbolicLinkFikaTest.java
[DEBUG-STREAM] Processing node: validate_constraints, has iteration_log: True, approved=False
[Validate] PASSED - hard constraints satisfied
[DEBUG-STREAM] Processing node: run, has iteration_log: True, approved=False
[Run] feedback_chars=1872
[DEBUG-STREAM] Processing node: check_coverage, has iteration_log: True, approved=False
[Coverage] target 'org.apache.commons.compress.archivers.tar.TarArchiveEntry.isSymbolicLink()' covered=False
[DEBUG-STREAM] Processing node: decide, has iteration_log: True, approved=False
[Decide] approved=False (tests failed, will retry if iteration<5)
[DEBUG-STREAM] Processing node: generate, has iteration_log: True, approved=False
[Generate] produced 2672 chars
/part/01/Tmp/gamageyo/fika/experiments/flink/flink-core
[DEBUG-STREAM] Processing node: write, has iteration_log: True, approved=False
[Write] wrote to /part/01/Tmp/gamageyo/fika/experiments/flink/flink-core/src/test/java/org/apache/flink/util/CompressionUtilsunpackEntry_TarArchiveEntryisSymbolicLinkFikaTest.java
[DEBUG-STREAM] Processing node: validate_constraints, has iteration_log: True, approved=False
[Validate] PASSED - hard constraints satisfied
[DEBUG-STREAM] Processing node: run, has iteration_log: True, approved=False
[Run] feedback_chars=572
[DEBUG-STREAM] Processing node: check_coverage, has iteration_log: True, approved=False
[Coverage] target 'org.apache.commons.compress.archivers.tar.TarArchiveEntry.isSymbolicLink()' covered=False
[DEBUG-STREAM] Processing node: decide, has iteration_log: True, approved=False
[Decide] approved=False (tests failed, will retry if iteration<5)
[DEBUG-STREAM] Processing node: generate, has iteration_log: True, approved=False
[Generate] produced 1800 chars
/part/01/Tmp/gamageyo/fika/experiments/flink/flink-core
[DEBUG-STREAM] Processing node: write, has iteration_log: True, approved=False
[Write] wrote to /part/01/Tmp/gamageyo/fika/experiments/flink/flink-core/src/test/java/org/apache/flink/util/CompressionUtilsunpackEntry_TarArchiveEntryisSymbolicLinkFikaTest.java
[DEBUG-STREAM] Processing node: validate_constraints, has iteration_log: True, approved=False
[Validate] PASSED - hard constraints satisfied
[DEBUG-STREAM] Processing node: run, has iteration_log: True, approved=False
[Run] feedback_chars=1729
[DEBUG-STREAM] Processing node: check_coverage, has iteration_log: True, approved=False
[Coverage] target 'org.apache.commons.compress.archivers.tar.TarArchiveEntry.isSymbolicLink()' covered=False
[DEBUG-STREAM] Processing node: decide, has iteration_log: True, approved=False
[Decide] approved=False (tests failed, will retry if iteration<5)
[DEBUG-STREAM] Processing node: generate, has iteration_log: True, approved=False
[Generate] produced 2642 chars
/part/01/Tmp/gamageyo/fika/experiments/flink/flink-core
[DEBUG-STREAM] Processing node: write, has iteration_log: True, approved=False
[Write] wrote to /part/01/Tmp/gamageyo/fika/experiments/flink/flink-core/src/test/java/org/apache/flink/util/CompressionUtilsunpackEntry_TarArchiveEntryisSymbolicLinkFikaTest.java
[DEBUG-STREAM] Processing node: validate_constraints, has iteration_log: True, approved=False
[Validate] PASSED - hard constraints satisfied
[DEBUG-STREAM] Processing node: run, has iteration_log: True, approved=False
[Run] feedback_chars=1736
[DEBUG-STREAM] Processing node: check_coverage, has iteration_log: True, approved=False
[Coverage] target 'org.apache.commons.compress.archivers.tar.TarArchiveEntry.isSymbolicLink()' covered=False
[DEBUG-STREAM] Processing node: decide, has iteration_log: True, approved=False
[Decide] approved=False (tests failed, will retry if iteration<5)
[DEBUG-STREAM] Processing node: generate, has iteration_log: True, approved=False
[Generate] produced 2266 chars
/part/01/Tmp/gamageyo/fika/experiments/flink/flink-core
[DEBUG-STREAM] Processing node: write, has iteration_log: True, approved=False
[Write] wrote to /part/01/Tmp/gamageyo/fika/experiments/flink/flink-core/src/test/java/org/apache/flink/util/CompressionUtilsunpackEntry_TarArchiveEntryisSymbolicLinkFikaTest.java
[DEBUG-STREAM] Processing node: validate_constraints, has iteration_log: True, approved=False
[Validate] PASSED - hard constraints satisfied
[DEBUG-STREAM] Processing node: run, has iteration_log: True, approved=False
[Run] feedback_chars=1736
[DEBUG-STREAM] Processing node: check_coverage, has iteration_log: True, approved=False
[Coverage] target 'org.apache.commons.compress.archivers.tar.TarArchiveEntry.isSymbolicLink()' covered=False
[DEBUG-STREAM] Processing node: decide, has iteration_log: True, approved=False
[Decide] approved=False (tests failed, will retry if iteration<5)
[DEBUG-STREAM] Processing node: finalize, has iteration_log: True, approved=False
[Finalize] Cleaned up unsuccessful test file: /part/01/Tmp/gamageyo/fika/experiments/flink/flink-core/src/test/java/org/apache/flink/util/CompressionUtilsunpackEntry_TarArchiveEntryisSymbolicLinkFikaTest.java

[DEBUG] Stream completed. final_state is set
[DEBUG] final_state keys: ['repo_root', 'mvn_cmd', 'max_iterations', 'run_only_generated_test', 'entryPoint', 'thirdPartyMethod', 'directCaller', 'path', 'methodSources', 'constructors', 'setters', 'fieldDeclarations', 'imports', 'testTemplate', 'conditionCount', 'callCount', 'covered', 'test_package', 'test_class_name', 'iteration', 'java_source', 'last_run_output', 'last_exit_code', 'success', 'approved', 'test_rel_path', 'trace', 'target_method_covered', 'coverage_total_lines', 'coverage_error', 'path_coverage_details', 'iteration_log', 'last_prompt']
[DEBUG] approved (after bool()) = False

=== FAILURE REASON ===
Tests failed to compile or run successfully


================================================================================
PROCESSING TEST CASE 193/223
================================================================================
Entry Point: org.apache.flink.api.common.ExecutionConfig.configure(org.apache.flink.configuration.ReadableConfig, java.lang.ClassLoader)
Third Party Method: org.apache.commons.compress.utils.Sets.newHashSet(java.lang.Object[])
================================================================================

⊙ Skipping test case 193: Already marked as covered in JSON file
  (Third Party Method: org.apache.commons.compress.utils.Sets.newHashSet(java.lang.Object[]))
  (Direct Caller: org.apache.flink.configuration.RestartStrategyOptions.RestartStrategyType.<init>(java.lang.String, int, java.lang.String, java.util.Set))

================================================================================
PROCESSING TEST CASE 194/223
================================================================================
Entry Point: org.apache.flink.api.java.typeutils.runtime.kryo.KryoSerializerSnapshot.restoreSerializer()
Third Party Method: com.esotericsoftware.minlog.Log.Logger.<init>()
================================================================================

[DEBUG-STREAM] Processing node: generate, has iteration_log: True, approved=False
[Generate] produced 6427 chars
/part/01/Tmp/gamageyo/fika/experiments/flink/flink-core
[DEBUG-STREAM] Processing node: write, has iteration_log: True, approved=False
[Write] wrote to /part/01/Tmp/gamageyo/fika/experiments/flink/flink-core/src/test/java/org/apache/flink/api/java/typeutils/runtime/kryo/KryoSerializerSnapshot_MinlogForwardermethod_LoggermethodFikaTest.java
[DEBUG-STREAM] Processing node: validate_constraints, has iteration_log: True, approved=False
[Validate] FAILED - hard constraints violated
[DEBUG-STREAM] Processing node: decide, has iteration_log: True, approved=False
[Decide] approved=False (hard constraint violation, will retry if iteration<5)
[DEBUG-STREAM] Processing node: generate, has iteration_log: True, approved=False
[Generate] produced 2191 chars
/part/01/Tmp/gamageyo/fika/experiments/flink/flink-core
[DEBUG-STREAM] Processing node: write, has iteration_log: True, approved=False
[Write] wrote to /part/01/Tmp/gamageyo/fika/experiments/flink/flink-core/src/test/java/org/apache/flink/api/java/typeutils/runtime/kryo/KryoSerializerSnapshot_MinlogForwardermethod_LoggermethodFikaTest.java
[DEBUG-STREAM] Processing node: validate_constraints, has iteration_log: True, approved=False
[Validate] PASSED - hard constraints satisfied
[DEBUG-STREAM] Processing node: run, has iteration_log: True, approved=False
[Run] feedback_chars=2384
[DEBUG-STREAM] Processing node: check_coverage, has iteration_log: True, approved=False
[Coverage] target 'com.esotericsoftware.minlog.Log.Logger.<init>()' covered=False
[DEBUG-STREAM] Processing node: decide, has iteration_log: True, approved=False
[Decide] approved=False (tests failed, will retry if iteration<5)
[DEBUG-STREAM] Processing node: generate, has iteration_log: True, approved=False
[Generate] produced 2155 chars
/part/01/Tmp/gamageyo/fika/experiments/flink/flink-core
[DEBUG-STREAM] Processing node: write, has iteration_log: True, approved=False
[Write] wrote to /part/01/Tmp/gamageyo/fika/experiments/flink/flink-core/src/test/java/org/apache/flink/api/java/typeutils/runtime/kryo/KryoSerializerSnapshot_MinlogForwardermethod_LoggermethodFikaTest.java
[DEBUG-STREAM] Processing node: validate_constraints, has iteration_log: True, approved=False
[Validate] PASSED - hard constraints satisfied
[DEBUG-STREAM] Processing node: run, has iteration_log: True, approved=False
[Run] feedback_chars=589
[DEBUG-STREAM] Processing node: check_coverage, has iteration_log: True, approved=False
[Coverage] target 'com.esotericsoftware.minlog.Log.Logger.<init>()' covered=False
[DEBUG-STREAM] Processing node: decide, has iteration_log: True, approved=False
[Decide] approved=False (tests failed, will retry if iteration<5)
[DEBUG-STREAM] Processing node: generate, has iteration_log: True, approved=False
[Generate] produced 1492 chars
/part/01/Tmp/gamageyo/fika/experiments/flink/flink-core
[DEBUG-STREAM] Processing node: write, has iteration_log: True, approved=False
[Write] wrote to /part/01/Tmp/gamageyo/fika/experiments/flink/flink-core/src/test/java/org/apache/flink/api/java/typeutils/runtime/kryo/KryoSerializerSnapshot_MinlogForwardermethod_LoggermethodFikaTest.java
[DEBUG-STREAM] Processing node: validate_constraints, has iteration_log: True, approved=False
[Validate] PASSED - hard constraints satisfied
[DEBUG-STREAM] Processing node: run, has iteration_log: True, approved=False
[Run] feedback_chars=601
[DEBUG-STREAM] Processing node: check_coverage, has iteration_log: True, approved=False
[Coverage] target 'com.esotericsoftware.minlog.Log.Logger.<init>()' covered=False
[DEBUG-STREAM] Processing node: decide, has iteration_log: True, approved=False
[Decide] approved=False (tests failed, will retry if iteration<5)
[DEBUG-STREAM] Processing node: generate, has iteration_log: True, approved=False
[Generate] produced 1899 chars
/part/01/Tmp/gamageyo/fika/experiments/flink/flink-core
[DEBUG-STREAM] Processing node: write, has iteration_log: True, approved=False
[Write] wrote to /part/01/Tmp/gamageyo/fika/experiments/flink/flink-core/src/test/java/org/apache/flink/api/java/typeutils/runtime/kryo/KryoSerializerSnapshot_MinlogForwardermethod_LoggermethodFikaTest.java
[DEBUG-STREAM] Processing node: validate_constraints, has iteration_log: True, approved=False
[Validate] PASSED - hard constraints satisfied
[DEBUG-STREAM] Processing node: run, has iteration_log: True, approved=False
[Run] feedback_chars=3098
[DEBUG-STREAM] Processing node: check_coverage, has iteration_log: True, approved=False
[Coverage] target 'com.esotericsoftware.minlog.Log.Logger.<init>()' covered=False
[DEBUG-STREAM] Processing node: decide, has iteration_log: True, approved=False
[Decide] approved=False (tests failed, will retry if iteration<5)
[DEBUG-STREAM] Processing node: finalize, has iteration_log: True, approved=False
[Finalize] Cleaned up unsuccessful test file: /part/01/Tmp/gamageyo/fika/experiments/flink/flink-core/src/test/java/org/apache/flink/api/java/typeutils/runtime/kryo/KryoSerializerSnapshot_MinlogForwardermethod_LoggermethodFikaTest.java

[DEBUG] Stream completed. final_state is set
[DEBUG] final_state keys: ['repo_root', 'mvn_cmd', 'max_iterations', 'run_only_generated_test', 'entryPoint', 'thirdPartyMethod', 'directCaller', 'path', 'methodSources', 'constructors', 'setters', 'fieldDeclarations', 'imports', 'testTemplate', 'conditionCount', 'callCount', 'covered', 'test_package', 'test_class_name', 'iteration', 'java_source', 'last_run_output', 'last_exit_code', 'success', 'approved', 'test_rel_path', 'trace', 'target_method_covered', 'coverage_total_lines', 'coverage_error', 'path_coverage_details', 'iteration_log', 'last_prompt']
[DEBUG] approved (after bool()) = False

=== FAILURE REASON ===
Tests failed to compile or run successfully


================================================================================
PROCESSING TEST CASE 195/223
================================================================================
Entry Point: org.apache.flink.api.java.typeutils.runtime.kryo.KryoSerializer.<init>(java.lang.Class, org.apache.flink.api.common.serialization.SerializerConfig)
Third Party Method: com.esotericsoftware.minlog.Log.Logger.<init>()
================================================================================

[DEBUG-STREAM] Processing node: generate, has iteration_log: True, approved=False
[Generate] produced 1300 chars
/part/01/Tmp/gamageyo/fika/experiments/flink/flink-core
[DEBUG-STREAM] Processing node: write, has iteration_log: True, approved=False
[Write] wrote to /part/01/Tmp/gamageyo/fika/experiments/flink/flink-core/src/test/java/org/apache/flink/api/java/typeutils/runtime/kryo/KryoSerializer_MinlogForwardermethod_LoggermethodFikaTest.java
[DEBUG-STREAM] Processing node: validate_constraints, has iteration_log: True, approved=False
[Validate] PASSED - hard constraints satisfied
[DEBUG-STREAM] Processing node: run, has iteration_log: True, approved=False
[Run] feedback_chars=12195
[DEBUG-STREAM] Processing node: check_coverage, has iteration_log: True, approved=False
[Coverage] target 'com.esotericsoftware.minlog.Log.Logger.<init>()' covered=False
[DEBUG-STREAM] Processing node: decide, has iteration_log: True, approved=False
[Decide] approved=False (tests passed but target method NOT covered, will retry if iteration<5)
[DEBUG-STREAM] Processing node: generate, has iteration_log: True, approved=False
[Generate] produced 1648 chars
/part/01/Tmp/gamageyo/fika/experiments/flink/flink-core
[DEBUG-STREAM] Processing node: write, has iteration_log: True, approved=False
[Write] wrote to /part/01/Tmp/gamageyo/fika/experiments/flink/flink-core/src/test/java/org/apache/flink/api/java/typeutils/runtime/kryo/KryoSerializer_MinlogForwardermethod_LoggermethodFikaTest.java
[DEBUG-STREAM] Processing node: validate_constraints, has iteration_log: True, approved=False
[Validate] PASSED - hard constraints satisfied
[DEBUG-STREAM] Processing node: run, has iteration_log: True, approved=False
[Run] feedback_chars=1592
[DEBUG-STREAM] Processing node: check_coverage, has iteration_log: True, approved=False
[Coverage] target 'com.esotericsoftware.minlog.Log.Logger.<init>()' covered=False
[DEBUG-STREAM] Processing node: decide, has iteration_log: True, approved=False
[Decide] approved=False (tests failed, will retry if iteration<5)
[DEBUG-STREAM] Processing node: generate, has iteration_log: True, approved=False
[Generate] produced 5319 chars
/part/01/Tmp/gamageyo/fika/experiments/flink/flink-core
[DEBUG-STREAM] Processing node: write, has iteration_log: True, approved=False
[Write] wrote to /part/01/Tmp/gamageyo/fika/experiments/flink/flink-core/src/test/java/org/apache/flink/api/java/typeutils/runtime/kryo/KryoSerializer_MinlogForwardermethod_LoggermethodFikaTest.java
[DEBUG-STREAM] Processing node: validate_constraints, has iteration_log: True, approved=False
[Validate] FAILED - hard constraints violated
[DEBUG-STREAM] Processing node: decide, has iteration_log: True, approved=False
[Decide] approved=False (hard constraint violation, will retry if iteration<5)
[DEBUG-STREAM] Processing node: generate, has iteration_log: True, approved=False
[Generate] produced 4639 chars
/part/01/Tmp/gamageyo/fika/experiments/flink/flink-core
[DEBUG-STREAM] Processing node: write, has iteration_log: True, approved=False
[Write] wrote to /part/01/Tmp/gamageyo/fika/experiments/flink/flink-core/src/test/java/org/apache/flink/api/java/typeutils/runtime/kryo/KryoSerializer_MinlogForwardermethod_LoggermethodFikaTest.java
[DEBUG-STREAM] Processing node: validate_constraints, has iteration_log: True, approved=False
[Validate] FAILED - hard constraints violated
[DEBUG-STREAM] Processing node: decide, has iteration_log: True, approved=False
[Decide] approved=False (hard constraint violation, will retry if iteration<5)
[DEBUG-STREAM] Processing node: generate, has iteration_log: True, approved=False
[Generate] produced 1395 chars
/part/01/Tmp/gamageyo/fika/experiments/flink/flink-core
[DEBUG-STREAM] Processing node: write, has iteration_log: True, approved=False
[Write] wrote to /part/01/Tmp/gamageyo/fika/experiments/flink/flink-core/src/test/java/org/apache/flink/api/java/typeutils/runtime/kryo/KryoSerializer_MinlogForwardermethod_LoggermethodFikaTest.java
[DEBUG-STREAM] Processing node: validate_constraints, has iteration_log: True, approved=False
[Validate] PASSED - hard constraints satisfied
[DEBUG-STREAM] Processing node: run, has iteration_log: True, approved=False
[Run] feedback_chars=12195
[DEBUG-STREAM] Processing node: check_coverage, has iteration_log: True, approved=False
[Coverage] target 'com.esotericsoftware.minlog.Log.Logger.<init>()' covered=False
[DEBUG-STREAM] Processing node: decide, has iteration_log: True, approved=False
[Decide] approved=False (tests passed but target method NOT covered, will retry if iteration<5)
[DEBUG-STREAM] Processing node: finalize, has iteration_log: True, approved=False
[Finalize] Cleaned up unsuccessful test file: /part/01/Tmp/gamageyo/fika/experiments/flink/flink-core/src/test/java/org/apache/flink/api/java/typeutils/runtime/kryo/KryoSerializer_MinlogForwardermethod_LoggermethodFikaTest.java

[DEBUG] Stream completed. final_state is set
[DEBUG] final_state keys: ['repo_root', 'mvn_cmd', 'max_iterations', 'run_only_generated_test', 'entryPoint', 'thirdPartyMethod', 'directCaller', 'path', 'methodSources', 'constructors', 'setters', 'fieldDeclarations', 'imports', 'testTemplate', 'conditionCount', 'callCount', 'covered', 'test_package', 'test_class_name', 'iteration', 'java_source', 'last_run_output', 'last_exit_code', 'success', 'approved', 'test_rel_path', 'trace', 'target_method_covered', 'coverage_total_lines', 'coverage_error', 'path_coverage_details', 'iteration_log', 'last_prompt']
[DEBUG] approved (after bool()) = False

=== FAILURE REASON ===
Tests passed but target third-party method was NOT covered
   Target: com.esotericsoftware.minlog.Log.Logger.<init>()


================================================================================
PROCESSING TEST CASE 196/223
================================================================================
Entry Point: org.apache.flink.api.java.typeutils.runtime.kryo.KryoSerializer.duplicate()
Third Party Method: com.esotericsoftware.minlog.Log.Logger.<init>()
================================================================================

[DEBUG-STREAM] Processing node: generate, has iteration_log: True, approved=False
[Generate] produced 2850 chars
/part/01/Tmp/gamageyo/fika/experiments/flink/flink-core
[DEBUG-STREAM] Processing node: write, has iteration_log: True, approved=False
[Write] wrote to /part/01/Tmp/gamageyo/fika/experiments/flink/flink-core/src/test/java/org/apache/flink/api/java/typeutils/runtime/kryo/KryoSerializer_MinlogForwardermethod_LoggermethodFikaTest2.java
[DEBUG-STREAM] Processing node: validate_constraints, has iteration_log: True, approved=False
[Validate] PASSED - hard constraints satisfied
[DEBUG-STREAM] Processing node: run, has iteration_log: True, approved=False
[Run] feedback_chars=891
[DEBUG-STREAM] Processing node: check_coverage, has iteration_log: True, approved=False
[Coverage] target 'com.esotericsoftware.minlog.Log.Logger.<init>()' covered=False
[DEBUG-STREAM] Processing node: decide, has iteration_log: True, approved=False
[Decide] approved=False (tests failed, will retry if iteration<5)
[DEBUG-STREAM] Processing node: generate, has iteration_log: True, approved=False
[Generate] produced 2241 chars
/part/01/Tmp/gamageyo/fika/experiments/flink/flink-core
[DEBUG-STREAM] Processing node: write, has iteration_log: True, approved=False
[Write] wrote to /part/01/Tmp/gamageyo/fika/experiments/flink/flink-core/src/test/java/org/apache/flink/api/java/typeutils/runtime/kryo/KryoSerializer_MinlogForwardermethod_LoggermethodFikaTest2.java
[DEBUG-STREAM] Processing node: validate_constraints, has iteration_log: True, approved=False
[Validate] PASSED - hard constraints satisfied
[DEBUG-STREAM] Processing node: run, has iteration_log: True, approved=False
[Run] feedback_chars=521
[DEBUG-STREAM] Processing node: check_coverage, has iteration_log: True, approved=False
[Coverage] target 'com.esotericsoftware.minlog.Log.Logger.<init>()' covered=False
[DEBUG-STREAM] Processing node: decide, has iteration_log: True, approved=False
[Decide] approved=False (tests failed, will retry if iteration<5)
[DEBUG-STREAM] Processing node: generate, has iteration_log: True, approved=False
[Generate] produced 1909 chars
/part/01/Tmp/gamageyo/fika/experiments/flink/flink-core
[DEBUG-STREAM] Processing node: write, has iteration_log: True, approved=False
[Write] wrote to /part/01/Tmp/gamageyo/fika/experiments/flink/flink-core/src/test/java/org/apache/flink/api/java/typeutils/runtime/kryo/KryoSerializer_MinlogForwardermethod_LoggermethodFikaTest2.java
[DEBUG-STREAM] Processing node: validate_constraints, has iteration_log: True, approved=False
[Validate] PASSED - hard constraints satisfied
[DEBUG-STREAM] Processing node: run, has iteration_log: True, approved=False
[Run] feedback_chars=1267
[DEBUG-STREAM] Processing node: check_coverage, has iteration_log: True, approved=False
[Coverage] target 'com.esotericsoftware.minlog.Log.Logger.<init>()' covered=False
[DEBUG-STREAM] Processing node: decide, has iteration_log: True, approved=False
[Decide] approved=False (tests failed, will retry if iteration<5)
[DEBUG-STREAM] Processing node: generate, has iteration_log: True, approved=False
[Generate] produced 3095 chars
/part/01/Tmp/gamageyo/fika/experiments/flink/flink-core
[DEBUG-STREAM] Processing node: write, has iteration_log: True, approved=False
[Write] wrote to /part/01/Tmp/gamageyo/fika/experiments/flink/flink-core/src/test/java/org/apache/flink/api/java/typeutils/runtime/kryo/KryoSerializer_MinlogForwardermethod_LoggermethodFikaTest2.java
[DEBUG-STREAM] Processing node: validate_constraints, has iteration_log: True, approved=False
[Validate] PASSED - hard constraints satisfied
[DEBUG-STREAM] Processing node: run, has iteration_log: True, approved=False
[Run] feedback_chars=521
[DEBUG-STREAM] Processing node: check_coverage, has iteration_log: True, approved=False
[Coverage] target 'com.esotericsoftware.minlog.Log.Logger.<init>()' covered=False
[DEBUG-STREAM] Processing node: decide, has iteration_log: True, approved=False
[Decide] approved=False (tests failed, will retry if iteration<5)
[DEBUG-STREAM] Processing node: generate, has iteration_log: True, approved=False
[Generate] produced 1923 chars
/part/01/Tmp/gamageyo/fika/experiments/flink/flink-core
[DEBUG-STREAM] Processing node: write, has iteration_log: True, approved=False
[Write] wrote to /part/01/Tmp/gamageyo/fika/experiments/flink/flink-core/src/test/java/org/apache/flink/api/java/typeutils/runtime/kryo/KryoSerializer_MinlogForwardermethod_LoggermethodFikaTest2.java
[DEBUG-STREAM] Processing node: validate_constraints, has iteration_log: True, approved=False
[Validate] PASSED - hard constraints satisfied
[DEBUG-STREAM] Processing node: run, has iteration_log: True, approved=False
[Run] feedback_chars=1267
[DEBUG-STREAM] Processing node: check_coverage, has iteration_log: True, approved=False
[Coverage] target 'com.esotericsoftware.minlog.Log.Logger.<init>()' covered=False
[DEBUG-STREAM] Processing node: decide, has iteration_log: True, approved=False
[Decide] approved=False (tests failed, will retry if iteration<5)
[DEBUG-STREAM] Processing node: finalize, has iteration_log: True, approved=False
[Finalize] Cleaned up unsuccessful test file: /part/01/Tmp/gamageyo/fika/experiments/flink/flink-core/src/test/java/org/apache/flink/api/java/typeutils/runtime/kryo/KryoSerializer_MinlogForwardermethod_LoggermethodFikaTest2.java

[DEBUG] Stream completed. final_state is set
[DEBUG] final_state keys: ['repo_root', 'mvn_cmd', 'max_iterations', 'run_only_generated_test', 'entryPoint', 'thirdPartyMethod', 'directCaller', 'path', 'methodSources', 'constructors', 'setters', 'fieldDeclarations', 'imports', 'testTemplate', 'conditionCount', 'callCount', 'covered', 'test_package', 'test_class_name', 'iteration', 'java_source', 'last_run_output', 'last_exit_code', 'success', 'approved', 'test_rel_path', 'trace', 'target_method_covered', 'coverage_total_lines', 'coverage_error', 'path_coverage_details', 'iteration_log', 'last_prompt']
[DEBUG] approved (after bool()) = False

=== FAILURE REASON ===
Tests failed to compile or run successfully


================================================================================
PROCESSING TEST CASE 197/223
================================================================================
Entry Point: org.apache.flink.api.common.RestartStrategyDescriptionUtils.getRestartStrategyDescription(org.apache.flink.configuration.Configuration)
Third Party Method: org.apache.commons.compress.utils.Sets.newHashSet(java.lang.Object[])
================================================================================

⊙ Skipping test case 197: Already marked as covered in JSON file
  (Third Party Method: org.apache.commons.compress.utils.Sets.newHashSet(java.lang.Object[]))
  (Direct Caller: org.apache.flink.configuration.RestartStrategyOptions.RestartStrategyType.<init>(java.lang.String, int, java.lang.String, java.util.Set))

================================================================================
PROCESSING TEST CASE 198/223
================================================================================
Entry Point: org.apache.flink.api.java.typeutils.GenericTypeInfo.createSerializer(org.apache.flink.api.common.serialization.SerializerConfig)
Third Party Method: com.esotericsoftware.minlog.Log.Logger.<init>()
================================================================================

[DEBUG-STREAM] Processing node: generate, has iteration_log: True, approved=False
[Generate] produced 1180 chars
/part/01/Tmp/gamageyo/fika/experiments/flink/flink-core
[DEBUG-STREAM] Processing node: write, has iteration_log: True, approved=False
[Write] wrote to /part/01/Tmp/gamageyo/fika/experiments/flink/flink-core/src/test/java/org/apache/flink/api/java/typeutils/GenericTypeInfo_MinlogForwardermethod_LoggermethodFikaTest.java
[DEBUG-STREAM] Processing node: validate_constraints, has iteration_log: True, approved=False
[Validate] PASSED - hard constraints satisfied
[DEBUG-STREAM] Processing node: run, has iteration_log: True, approved=False
[Run] feedback_chars=554
[DEBUG-STREAM] Processing node: check_coverage, has iteration_log: True, approved=False
[Coverage] target 'com.esotericsoftware.minlog.Log.Logger.<init>()' covered=False
[DEBUG-STREAM] Processing node: decide, has iteration_log: True, approved=False
[Decide] approved=False (tests failed, will retry if iteration<5)
[DEBUG-STREAM] Processing node: generate, has iteration_log: True, approved=False
[Generate] produced 809 chars
/part/01/Tmp/gamageyo/fika/experiments/flink/flink-core
[DEBUG-STREAM] Processing node: write, has iteration_log: True, approved=False
[Write] wrote to /part/01/Tmp/gamageyo/fika/experiments/flink/flink-core/src/test/java/org/apache/flink/api/java/typeutils/GenericTypeInfo_MinlogForwardermethod_LoggermethodFikaTest.java
[DEBUG-STREAM] Processing node: validate_constraints, has iteration_log: True, approved=False
[Validate] PASSED - hard constraints satisfied
[DEBUG-STREAM] Processing node: run, has iteration_log: True, approved=False
[Run] feedback_chars=2525
[DEBUG-STREAM] Processing node: check_coverage, has iteration_log: True, approved=False
[Coverage] target 'com.esotericsoftware.minlog.Log.Logger.<init>()' covered=False
[DEBUG-STREAM] Processing node: decide, has iteration_log: True, approved=False
[Decide] approved=False (tests failed, will retry if iteration<5)
[DEBUG-STREAM] Processing node: generate, has iteration_log: True, approved=False
[Generate] produced 1405 chars
/part/01/Tmp/gamageyo/fika/experiments/flink/flink-core
[DEBUG-STREAM] Processing node: write, has iteration_log: True, approved=False
[Write] wrote to /part/01/Tmp/gamageyo/fika/experiments/flink/flink-core/src/test/java/org/apache/flink/api/java/typeutils/GenericTypeInfo_MinlogForwardermethod_LoggermethodFikaTest.java
[DEBUG-STREAM] Processing node: validate_constraints, has iteration_log: True, approved=False
[Validate] PASSED - hard constraints satisfied
[DEBUG-STREAM] Processing node: run, has iteration_log: True, approved=False
[Run] feedback_chars=1982
[DEBUG-STREAM] Processing node: check_coverage, has iteration_log: True, approved=False
[Coverage] target 'com.esotericsoftware.minlog.Log.Logger.<init>()' covered=False
[DEBUG-STREAM] Processing node: decide, has iteration_log: True, approved=False
[Decide] approved=False (tests failed, will retry if iteration<5)
[DEBUG-STREAM] Processing node: generate, has iteration_log: True, approved=False
[Generate] produced 1876 chars
/part/01/Tmp/gamageyo/fika/experiments/flink/flink-core
[DEBUG-STREAM] Processing node: write, has iteration_log: True, approved=False
[Write] wrote to /part/01/Tmp/gamageyo/fika/experiments/flink/flink-core/src/test/java/org/apache/flink/api/java/typeutils/GenericTypeInfo_MinlogForwardermethod_LoggermethodFikaTest.java
[DEBUG-STREAM] Processing node: validate_constraints, has iteration_log: True, approved=False
[Validate] PASSED - hard constraints satisfied
[DEBUG-STREAM] Processing node: run, has iteration_log: True, approved=False
[Run] feedback_chars=1714
[DEBUG-STREAM] Processing node: check_coverage, has iteration_log: True, approved=False
[Coverage] target 'com.esotericsoftware.minlog.Log.Logger.<init>()' covered=False
[DEBUG-STREAM] Processing node: decide, has iteration_log: True, approved=False
[Decide] approved=False (tests failed, will retry if iteration<5)
[DEBUG-STREAM] Processing node: generate, has iteration_log: True, approved=False
[Generate] produced 975 chars
/part/01/Tmp/gamageyo/fika/experiments/flink/flink-core
[DEBUG-STREAM] Processing node: write, has iteration_log: True, approved=False
[Write] wrote to /part/01/Tmp/gamageyo/fika/experiments/flink/flink-core/src/test/java/org/apache/flink/api/java/typeutils/GenericTypeInfo_MinlogForwardermethod_LoggermethodFikaTest.java
[DEBUG-STREAM] Processing node: validate_constraints, has iteration_log: True, approved=False
[Validate] PASSED - hard constraints satisfied
[DEBUG-STREAM] Processing node: run, has iteration_log: True, approved=False
[Run] feedback_chars=554
[DEBUG-STREAM] Processing node: check_coverage, has iteration_log: True, approved=False
[Coverage] target 'com.esotericsoftware.minlog.Log.Logger.<init>()' covered=False
[DEBUG-STREAM] Processing node: decide, has iteration_log: True, approved=False
[Decide] approved=False (tests failed, will retry if iteration<5)
[DEBUG-STREAM] Processing node: finalize, has iteration_log: True, approved=False
[Finalize] Cleaned up unsuccessful test file: /part/01/Tmp/gamageyo/fika/experiments/flink/flink-core/src/test/java/org/apache/flink/api/java/typeutils/GenericTypeInfo_MinlogForwardermethod_LoggermethodFikaTest.java

[DEBUG] Stream completed. final_state is set
[DEBUG] final_state keys: ['repo_root', 'mvn_cmd', 'max_iterations', 'run_only_generated_test', 'entryPoint', 'thirdPartyMethod', 'directCaller', 'path', 'methodSources', 'constructors', 'setters', 'fieldDeclarations', 'imports', 'testTemplate', 'conditionCount', 'callCount', 'covered', 'test_package', 'test_class_name', 'iteration', 'java_source', 'last_run_output', 'last_exit_code', 'success', 'approved', 'test_rel_path', 'trace', 'target_method_covered', 'coverage_total_lines', 'coverage_error', 'path_coverage_details', 'iteration_log', 'last_prompt']
[DEBUG] approved (after bool()) = False

=== FAILURE REASON ===
Tests failed to compile or run successfully


================================================================================
PROCESSING TEST CASE 199/223
================================================================================
Entry Point: org.apache.flink.api.java.typeutils.PojoTypeInfo.createSerializer(org.apache.flink.api.common.serialization.SerializerConfig)
Third Party Method: com.esotericsoftware.minlog.Log.Logger.<init>()
================================================================================

[DEBUG-STREAM] Processing node: generate, has iteration_log: True, approved=False
[Generate] produced 4003 chars
/part/01/Tmp/gamageyo/fika/experiments/flink/flink-core
[DEBUG-STREAM] Processing node: write, has iteration_log: True, approved=False
[Write] wrote to /part/01/Tmp/gamageyo/fika/experiments/flink/flink-core/src/test/java/org/apache/flink/api/java/typeutils/PojoTypeInfo_MinlogForwardermethod_LoggermethodFikaTest.java
[DEBUG-STREAM] Processing node: validate_constraints, has iteration_log: True, approved=False
[Validate] PASSED - hard constraints satisfied
[DEBUG-STREAM] Processing node: run, has iteration_log: True, approved=False
[Run] feedback_chars=551
[DEBUG-STREAM] Processing node: check_coverage, has iteration_log: True, approved=False
[Coverage] target 'com.esotericsoftware.minlog.Log.Logger.<init>()' covered=False
[DEBUG-STREAM] Processing node: decide, has iteration_log: True, approved=False
[Decide] approved=False (tests failed, will retry if iteration<5)
[DEBUG-STREAM] Processing node: generate, has iteration_log: True, approved=False
[Generate] produced 5888 chars
/part/01/Tmp/gamageyo/fika/experiments/flink/flink-core
[DEBUG-STREAM] Processing node: write, has iteration_log: True, approved=False
[Write] wrote to /part/01/Tmp/gamageyo/fika/experiments/flink/flink-core/src/test/java/org/apache/flink/api/java/typeutils/PojoTypeInfo_MinlogForwardermethod_LoggermethodFikaTest.java
[DEBUG-STREAM] Processing node: validate_constraints, has iteration_log: True, approved=False
[Validate] FAILED - hard constraints violated
[DEBUG-STREAM] Processing node: decide, has iteration_log: True, approved=False
[Decide] approved=False (hard constraint violation, will retry if iteration<5)
[DEBUG-STREAM] Processing node: generate, has iteration_log: True, approved=False
[Generate] produced 5204 chars
/part/01/Tmp/gamageyo/fika/experiments/flink/flink-core
[DEBUG-STREAM] Processing node: write, has iteration_log: True, approved=False
[Write] wrote to /part/01/Tmp/gamageyo/fika/experiments/flink/flink-core/src/test/java/org/apache/flink/api/java/typeutils/PojoTypeInfo_MinlogForwardermethod_LoggermethodFikaTest.java
[DEBUG-STREAM] Processing node: validate_constraints, has iteration_log: True, approved=False
[Validate] PASSED - hard constraints satisfied
[DEBUG-STREAM] Processing node: run, has iteration_log: True, approved=False
[Run] feedback_chars=975
[DEBUG-STREAM] Processing node: check_coverage, has iteration_log: True, approved=False
[Coverage] target 'com.esotericsoftware.minlog.Log.Logger.<init>()' covered=False
[DEBUG-STREAM] Processing node: decide, has iteration_log: True, approved=False
[Decide] approved=False (tests failed, will retry if iteration<5)
[DEBUG-STREAM] Processing node: generate, has iteration_log: True, approved=False
[Generate] produced 2343 chars
/part/01/Tmp/gamageyo/fika/experiments/flink/flink-core
[DEBUG-STREAM] Processing node: write, has iteration_log: True, approved=False
[Write] wrote to /part/01/Tmp/gamageyo/fika/experiments/flink/flink-core/src/test/java/org/apache/flink/api/java/typeutils/PojoTypeInfo_MinlogForwardermethod_LoggermethodFikaTest.java
[DEBUG-STREAM] Processing node: validate_constraints, has iteration_log: True, approved=False
[Validate] FAILED - hard constraints violated
[DEBUG-STREAM] Processing node: decide, has iteration_log: True, approved=False
[Decide] approved=False (hard constraint violation, will retry if iteration<5)
[DEBUG-STREAM] Processing node: generate, has iteration_log: True, approved=False
[Generate] produced 3190 chars
/part/01/Tmp/gamageyo/fika/experiments/flink/flink-core
[DEBUG-STREAM] Processing node: write, has iteration_log: True, approved=False
[Write] wrote to /part/01/Tmp/gamageyo/fika/experiments/flink/flink-core/src/test/java/org/apache/flink/api/java/typeutils/PojoTypeInfo_MinlogForwardermethod_LoggermethodFikaTest.java
[DEBUG-STREAM] Processing node: validate_constraints, has iteration_log: True, approved=False
[Validate] PASSED - hard constraints satisfied
[DEBUG-STREAM] Processing node: run, has iteration_log: True, approved=False
[Run] feedback_chars=606
[DEBUG-STREAM] Processing node: check_coverage, has iteration_log: True, approved=False
[Coverage] target 'com.esotericsoftware.minlog.Log.Logger.<init>()' covered=False
[DEBUG-STREAM] Processing node: decide, has iteration_log: True, approved=False
[Decide] approved=False (tests failed, will retry if iteration<5)
[DEBUG-STREAM] Processing node: finalize, has iteration_log: True, approved=False
[Finalize] Cleaned up unsuccessful test file: /part/01/Tmp/gamageyo/fika/experiments/flink/flink-core/src/test/java/org/apache/flink/api/java/typeutils/PojoTypeInfo_MinlogForwardermethod_LoggermethodFikaTest.java

[DEBUG] Stream completed. final_state is set
[DEBUG] final_state keys: ['repo_root', 'mvn_cmd', 'max_iterations', 'run_only_generated_test', 'entryPoint', 'thirdPartyMethod', 'directCaller', 'path', 'methodSources', 'constructors', 'setters', 'fieldDeclarations', 'imports', 'testTemplate', 'conditionCount', 'callCount', 'covered', 'test_package', 'test_class_name', 'iteration', 'java_source', 'last_run_output', 'last_exit_code', 'success', 'approved', 'test_rel_path', 'trace', 'target_method_covered', 'coverage_total_lines', 'coverage_error', 'path_coverage_details', 'iteration_log', 'last_prompt']
[DEBUG] approved (after bool()) = False

=== FAILURE REASON ===
Tests failed to compile or run successfully


================================================================================
PROCESSING TEST CASE 200/223
================================================================================
Entry Point: org.apache.flink.api.java.typeutils.runtime.kryo.KryoSerializer.copy(java.lang.Object)
Third Party Method: com.esotericsoftware.minlog.Log.Logger.<init>()
================================================================================

[DEBUG-STREAM] Processing node: generate, has iteration_log: True, approved=False
[Generate] produced 1330 chars
/part/01/Tmp/gamageyo/fika/experiments/flink/flink-core
[DEBUG-STREAM] Processing node: write, has iteration_log: True, approved=False
[Write] wrote to /part/01/Tmp/gamageyo/fika/experiments/flink/flink-core/src/test/java/org/apache/flink/api/java/typeutils/runtime/kryo/KryoSerializer_MinlogForwardermethod_LoggermethodFikaTest3.java
[DEBUG-STREAM] Processing node: validate_constraints, has iteration_log: True, approved=False
[Validate] PASSED - hard constraints satisfied
[DEBUG-STREAM] Processing node: run, has iteration_log: True, approved=False
[Run] feedback_chars=763
[DEBUG-STREAM] Processing node: check_coverage, has iteration_log: True, approved=False
[Coverage] target 'com.esotericsoftware.minlog.Log.Logger.<init>()' covered=False
[DEBUG-STREAM] Processing node: decide, has iteration_log: True, approved=False
[Decide] approved=False (tests failed, will retry if iteration<5)
[DEBUG-STREAM] Processing node: generate, has iteration_log: True, approved=False
[Generate] produced 1725 chars
/part/01/Tmp/gamageyo/fika/experiments/flink/flink-core
[DEBUG-STREAM] Processing node: write, has iteration_log: True, approved=False
[Write] wrote to /part/01/Tmp/gamageyo/fika/experiments/flink/flink-core/src/test/java/org/apache/flink/api/java/typeutils/runtime/kryo/KryoSerializer_MinlogForwardermethod_LoggermethodFikaTest3.java
[DEBUG-STREAM] Processing node: validate_constraints, has iteration_log: True, approved=False
[Validate] PASSED - hard constraints satisfied
[DEBUG-STREAM] Processing node: run, has iteration_log: True, approved=False
[Run] feedback_chars=1253
[DEBUG-STREAM] Processing node: check_coverage, has iteration_log: True, approved=False
[Coverage] target 'com.esotericsoftware.minlog.Log.Logger.<init>()' covered=False
[DEBUG-STREAM] Processing node: decide, has iteration_log: True, approved=False
[Decide] approved=False (tests failed, will retry if iteration<5)
[DEBUG-STREAM] Processing node: generate, has iteration_log: True, approved=False
[Generate] produced 4981 chars
/part/01/Tmp/gamageyo/fika/experiments/flink/flink-core
[DEBUG-STREAM] Processing node: write, has iteration_log: True, approved=False
[Write] wrote to /part/01/Tmp/gamageyo/fika/experiments/flink/flink-core/src/test/java/org/apache/flink/api/java/typeutils/runtime/kryo/KryoSerializer_MinlogForwardermethod_LoggermethodFikaTest3.java
[DEBUG-STREAM] Processing node: validate_constraints, has iteration_log: True, approved=False
[Validate] PASSED - hard constraints satisfied
[DEBUG-STREAM] Processing node: run, has iteration_log: True, approved=False
[Run] feedback_chars=1261
[DEBUG-STREAM] Processing node: check_coverage, has iteration_log: True, approved=False
[Coverage] target 'com.esotericsoftware.minlog.Log.Logger.<init>()' covered=False
[DEBUG-STREAM] Processing node: decide, has iteration_log: True, approved=False
[Decide] approved=False (tests failed, will retry if iteration<5)
[DEBUG-STREAM] Processing node: generate, has iteration_log: True, approved=False
[Generate] produced 2430 chars
/part/01/Tmp/gamageyo/fika/experiments/flink/flink-core
[DEBUG-STREAM] Processing node: write, has iteration_log: True, approved=False
[Write] wrote to /part/01/Tmp/gamageyo/fika/experiments/flink/flink-core/src/test/java/org/apache/flink/api/java/typeutils/runtime/kryo/KryoSerializer_MinlogForwardermethod_LoggermethodFikaTest3.java
[DEBUG-STREAM] Processing node: validate_constraints, has iteration_log: True, approved=False
[Validate] PASSED - hard constraints satisfied
[DEBUG-STREAM] Processing node: run, has iteration_log: True, approved=False
[Run] feedback_chars=521
[DEBUG-STREAM] Processing node: check_coverage, has iteration_log: True, approved=False
[Coverage] target 'com.esotericsoftware.minlog.Log.Logger.<init>()' covered=False
[DEBUG-STREAM] Processing node: decide, has iteration_log: True, approved=False
[Decide] approved=False (tests failed, will retry if iteration<5)
[DEBUG-STREAM] Processing node: generate, has iteration_log: True, approved=False
[Generate] produced 2767 chars
/part/01/Tmp/gamageyo/fika/experiments/flink/flink-core
[DEBUG-STREAM] Processing node: write, has iteration_log: True, approved=False
[Write] wrote to /part/01/Tmp/gamageyo/fika/experiments/flink/flink-core/src/test/java/org/apache/flink/api/java/typeutils/runtime/kryo/KryoSerializer_MinlogForwardermethod_LoggermethodFikaTest3.java
[DEBUG-STREAM] Processing node: validate_constraints, has iteration_log: True, approved=False
[Validate] PASSED - hard constraints satisfied
[DEBUG-STREAM] Processing node: run, has iteration_log: True, approved=False
[Run] feedback_chars=521
[DEBUG-STREAM] Processing node: check_coverage, has iteration_log: True, approved=False
[Coverage] target 'com.esotericsoftware.minlog.Log.Logger.<init>()' covered=False
[DEBUG-STREAM] Processing node: decide, has iteration_log: True, approved=False
[Decide] approved=False (tests failed, will retry if iteration<5)
[DEBUG-STREAM] Processing node: finalize, has iteration_log: True, approved=False
[Finalize] Cleaned up unsuccessful test file: /part/01/Tmp/gamageyo/fika/experiments/flink/flink-core/src/test/java/org/apache/flink/api/java/typeutils/runtime/kryo/KryoSerializer_MinlogForwardermethod_LoggermethodFikaTest3.java

[DEBUG] Stream completed. final_state is set
[DEBUG] final_state keys: ['repo_root', 'mvn_cmd', 'max_iterations', 'run_only_generated_test', 'entryPoint', 'thirdPartyMethod', 'directCaller', 'path', 'methodSources', 'constructors', 'setters', 'fieldDeclarations', 'imports', 'testTemplate', 'conditionCount', 'callCount', 'covered', 'test_package', 'test_class_name', 'iteration', 'java_source', 'last_run_output', 'last_exit_code', 'success', 'approved', 'test_rel_path', 'trace', 'target_method_covered', 'coverage_total_lines', 'coverage_error', 'path_coverage_details', 'iteration_log', 'last_prompt']
[DEBUG] approved (after bool()) = False

=== FAILURE REASON ===
Tests failed to compile or run successfully


================================================================================
PROCESSING TEST CASE 201/223
================================================================================
Entry Point: org.apache.flink.api.java.typeutils.runtime.kryo.KryoSerializer.copy(org.apache.flink.core.memory.DataInputView, org.apache.flink.core.memory.DataOutputView)
Third Party Method: com.esotericsoftware.minlog.Log.Logger.<init>()
================================================================================

[DEBUG-STREAM] Processing node: generate, has iteration_log: True, approved=False
[Generate] produced 2934 chars
/part/01/Tmp/gamageyo/fika/experiments/flink/flink-core
[DEBUG-STREAM] Processing node: write, has iteration_log: True, approved=False
[Write] wrote to /part/01/Tmp/gamageyo/fika/experiments/flink/flink-core/src/test/java/org/apache/flink/api/java/typeutils/runtime/kryo/KryoSerializer_MinlogForwardermethod_LoggermethodFikaTest4.java
[DEBUG-STREAM] Processing node: validate_constraints, has iteration_log: True, approved=False
[Validate] PASSED - hard constraints satisfied
[DEBUG-STREAM] Processing node: run, has iteration_log: True, approved=False
[Run] feedback_chars=1038
[DEBUG-STREAM] Processing node: check_coverage, has iteration_log: True, approved=False
[Coverage] target 'com.esotericsoftware.minlog.Log.Logger.<init>()' covered=False
[DEBUG-STREAM] Processing node: decide, has iteration_log: True, approved=False
[Decide] approved=False (tests failed, will retry if iteration<5)
[DEBUG-STREAM] Processing node: generate, has iteration_log: True, approved=False
[Generate] produced 3976 chars
/part/01/Tmp/gamageyo/fika/experiments/flink/flink-core
[DEBUG-STREAM] Processing node: write, has iteration_log: True, approved=False
[Write] wrote to /part/01/Tmp/gamageyo/fika/experiments/flink/flink-core/src/test/java/org/apache/flink/api/java/typeutils/runtime/kryo/KryoSerializer_MinlogForwardermethod_LoggermethodFikaTest4.java
[DEBUG-STREAM] Processing node: validate_constraints, has iteration_log: True, approved=False
[Validate] PASSED - hard constraints satisfied
[DEBUG-STREAM] Processing node: run, has iteration_log: True, approved=False
[Run] feedback_chars=891
[DEBUG-STREAM] Processing node: check_coverage, has iteration_log: True, approved=False
[Coverage] target 'com.esotericsoftware.minlog.Log.Logger.<init>()' covered=False
[DEBUG-STREAM] Processing node: decide, has iteration_log: True, approved=False
[Decide] approved=False (tests failed, will retry if iteration<5)
[DEBUG-STREAM] Processing node: generate, has iteration_log: True, approved=False
[Generate] produced 2754 chars
/part/01/Tmp/gamageyo/fika/experiments/flink/flink-core
[DEBUG-STREAM] Processing node: write, has iteration_log: True, approved=False
[Write] wrote to /part/01/Tmp/gamageyo/fika/experiments/flink/flink-core/src/test/java/org/apache/flink/api/java/typeutils/runtime/kryo/KryoSerializer_MinlogForwardermethod_LoggermethodFikaTest4.java
[DEBUG-STREAM] Processing node: validate_constraints, has iteration_log: True, approved=False
[Validate] PASSED - hard constraints satisfied
[DEBUG-STREAM] Processing node: run, has iteration_log: True, approved=False
[Run] feedback_chars=12195
[DEBUG-STREAM] Processing node: check_coverage, has iteration_log: True, approved=False
[Coverage] target 'com.esotericsoftware.minlog.Log.Logger.<init>()' covered=False
[DEBUG-STREAM] Processing node: decide, has iteration_log: True, approved=False
[Decide] approved=False (tests passed but target method NOT covered, will retry if iteration<5)
[DEBUG-STREAM] Processing node: generate, has iteration_log: True, approved=False
[Generate] produced 1619 chars
/part/01/Tmp/gamageyo/fika/experiments/flink/flink-core
[DEBUG-STREAM] Processing node: write, has iteration_log: True, approved=False
[Write] wrote to /part/01/Tmp/gamageyo/fika/experiments/flink/flink-core/src/test/java/org/apache/flink/api/java/typeutils/runtime/kryo/KryoSerializer_MinlogForwardermethod_LoggermethodFikaTest4.java
[DEBUG-STREAM] Processing node: validate_constraints, has iteration_log: True, approved=False
[Validate] PASSED - hard constraints satisfied
[DEBUG-STREAM] Processing node: run, has iteration_log: True, approved=False
[Run] feedback_chars=12195
[DEBUG-STREAM] Processing node: check_coverage, has iteration_log: True, approved=False
[Coverage] target 'com.esotericsoftware.minlog.Log.Logger.<init>()' covered=False
[DEBUG-STREAM] Processing node: decide, has iteration_log: True, approved=False
[Decide] approved=False (tests failed, will retry if iteration<5)
[DEBUG-STREAM] Processing node: generate, has iteration_log: True, approved=False
[Generate] produced 1661 chars
/part/01/Tmp/gamageyo/fika/experiments/flink/flink-core
[DEBUG-STREAM] Processing node: write, has iteration_log: True, approved=False
[Write] wrote to /part/01/Tmp/gamageyo/fika/experiments/flink/flink-core/src/test/java/org/apache/flink/api/java/typeutils/runtime/kryo/KryoSerializer_MinlogForwardermethod_LoggermethodFikaTest4.java
[DEBUG-STREAM] Processing node: validate_constraints, has iteration_log: True, approved=False
[Validate] PASSED - hard constraints satisfied
[DEBUG-STREAM] Processing node: run, has iteration_log: True, approved=False
[Run] feedback_chars=12195
[DEBUG-STREAM] Processing node: check_coverage, has iteration_log: True, approved=False
[Coverage] target 'com.esotericsoftware.minlog.Log.Logger.<init>()' covered=False
[DEBUG-STREAM] Processing node: decide, has iteration_log: True, approved=False
[Decide] approved=False (tests failed, will retry if iteration<5)
[DEBUG-STREAM] Processing node: finalize, has iteration_log: True, approved=False
[Finalize] Cleaned up unsuccessful test file: /part/01/Tmp/gamageyo/fika/experiments/flink/flink-core/src/test/java/org/apache/flink/api/java/typeutils/runtime/kryo/KryoSerializer_MinlogForwardermethod_LoggermethodFikaTest4.java

[DEBUG] Stream completed. final_state is set
[DEBUG] final_state keys: ['repo_root', 'mvn_cmd', 'max_iterations', 'run_only_generated_test', 'entryPoint', 'thirdPartyMethod', 'directCaller', 'path', 'methodSources', 'constructors', 'setters', 'fieldDeclarations', 'imports', 'testTemplate', 'conditionCount', 'callCount', 'covered', 'test_package', 'test_class_name', 'iteration', 'java_source', 'last_run_output', 'last_exit_code', 'success', 'approved', 'test_rel_path', 'trace', 'target_method_covered', 'coverage_total_lines', 'coverage_error', 'path_coverage_details', 'iteration_log', 'last_prompt']
[DEBUG] approved (after bool()) = False

=== FAILURE REASON ===
Tests failed to compile or run successfully


================================================================================
PROCESSING TEST CASE 202/223
================================================================================
Entry Point: org.apache.flink.api.java.typeutils.runtime.kryo.KryoSerializer.deserialize(org.apache.flink.core.memory.DataInputView)
Third Party Method: com.esotericsoftware.minlog.Log.Logger.<init>()
================================================================================

[DEBUG-STREAM] Processing node: generate, has iteration_log: True, approved=False
[Generate] produced 3452 chars
/part/01/Tmp/gamageyo/fika/experiments/flink/flink-core
[DEBUG-STREAM] Processing node: write, has iteration_log: True, approved=False
[Write] wrote to /part/01/Tmp/gamageyo/fika/experiments/flink/flink-core/src/test/java/org/apache/flink/api/java/typeutils/runtime/kryo/KryoSerializer_MinlogForwardermethod_LoggermethodFikaTest5.java
[DEBUG-STREAM] Processing node: validate_constraints, has iteration_log: True, approved=False
[Validate] PASSED - hard constraints satisfied
[DEBUG-STREAM] Processing node: run, has iteration_log: True, approved=False
[Run] feedback_chars=1190
[DEBUG-STREAM] Processing node: check_coverage, has iteration_log: True, approved=False
[Coverage] target 'com.esotericsoftware.minlog.Log.Logger.<init>()' covered=False
[DEBUG-STREAM] Processing node: decide, has iteration_log: True, approved=False
[Decide] approved=False (tests failed, will retry if iteration<5)
[DEBUG-STREAM] Processing node: generate, has iteration_log: True, approved=False
[Generate] produced 1997 chars
/part/01/Tmp/gamageyo/fika/experiments/flink/flink-core
[DEBUG-STREAM] Processing node: write, has iteration_log: True, approved=False
[Write] wrote to /part/01/Tmp/gamageyo/fika/experiments/flink/flink-core/src/test/java/org/apache/flink/api/java/typeutils/runtime/kryo/KryoSerializer_MinlogForwardermethod_LoggermethodFikaTest5.java
[DEBUG-STREAM] Processing node: validate_constraints, has iteration_log: True, approved=False
[Validate] PASSED - hard constraints satisfied
[DEBUG-STREAM] Processing node: run, has iteration_log: True, approved=False
[Run] feedback_chars=897
[DEBUG-STREAM] Processing node: check_coverage, has iteration_log: True, approved=False
[Coverage] target 'com.esotericsoftware.minlog.Log.Logger.<init>()' covered=False
[DEBUG-STREAM] Processing node: decide, has iteration_log: True, approved=False
[Decide] approved=False (tests failed, will retry if iteration<5)
[DEBUG-STREAM] Processing node: generate, has iteration_log: True, approved=False
[Generate] produced 3098 chars
/part/01/Tmp/gamageyo/fika/experiments/flink/flink-core
[DEBUG-STREAM] Processing node: write, has iteration_log: True, approved=False
[Write] wrote to /part/01/Tmp/gamageyo/fika/experiments/flink/flink-core/src/test/java/org/apache/flink/api/java/typeutils/runtime/kryo/KryoSerializer_MinlogForwardermethod_LoggermethodFikaTest5.java
[DEBUG-STREAM] Processing node: validate_constraints, has iteration_log: True, approved=False
[Validate] PASSED - hard constraints satisfied
[DEBUG-STREAM] Processing node: run, has iteration_log: True, approved=False
[Run] feedback_chars=521
[DEBUG-STREAM] Processing node: check_coverage, has iteration_log: True, approved=False
[Coverage] target 'com.esotericsoftware.minlog.Log.Logger.<init>()' covered=False
[DEBUG-STREAM] Processing node: decide, has iteration_log: True, approved=False
[Decide] approved=False (tests failed, will retry if iteration<5)
[DEBUG-STREAM] Processing node: generate, has iteration_log: True, approved=False
[Generate] produced 3311 chars
/part/01/Tmp/gamageyo/fika/experiments/flink/flink-core
[DEBUG-STREAM] Processing node: write, has iteration_log: True, approved=False
[Write] wrote to /part/01/Tmp/gamageyo/fika/experiments/flink/flink-core/src/test/java/org/apache/flink/api/java/typeutils/runtime/kryo/KryoSerializer_MinlogForwardermethod_LoggermethodFikaTest5.java
[DEBUG-STREAM] Processing node: validate_constraints, has iteration_log: True, approved=False
[Validate] PASSED - hard constraints satisfied
[DEBUG-STREAM] Processing node: run, has iteration_log: True, approved=False
[Run] feedback_chars=12195
[DEBUG-STREAM] Processing node: check_coverage, has iteration_log: True, approved=False
[Coverage] target 'com.esotericsoftware.minlog.Log.Logger.<init>()' covered=False
[DEBUG-STREAM] Processing node: decide, has iteration_log: True, approved=False
[Decide] approved=False (tests passed but target method NOT covered, will retry if iteration<5)
[DEBUG-STREAM] Processing node: generate, has iteration_log: True, approved=False
[Generate] produced 4237 chars
/part/01/Tmp/gamageyo/fika/experiments/flink/flink-core
[DEBUG-STREAM] Processing node: write, has iteration_log: True, approved=False
[Write] wrote to /part/01/Tmp/gamageyo/fika/experiments/flink/flink-core/src/test/java/org/apache/flink/api/java/typeutils/runtime/kryo/KryoSerializer_MinlogForwardermethod_LoggermethodFikaTest5.java
[DEBUG-STREAM] Processing node: validate_constraints, has iteration_log: True, approved=False
[Validate] FAILED - hard constraints violated
[DEBUG-STREAM] Processing node: decide, has iteration_log: True, approved=False
[Decide] approved=False (hard constraint violation, will retry if iteration<5)
[DEBUG-STREAM] Processing node: finalize, has iteration_log: True, approved=False
[Finalize] Cleaned up unsuccessful test file: /part/01/Tmp/gamageyo/fika/experiments/flink/flink-core/src/test/java/org/apache/flink/api/java/typeutils/runtime/kryo/KryoSerializer_MinlogForwardermethod_LoggermethodFikaTest5.java

[DEBUG] Stream completed. final_state is set
[DEBUG] final_state keys: ['repo_root', 'mvn_cmd', 'max_iterations', 'run_only_generated_test', 'entryPoint', 'thirdPartyMethod', 'directCaller', 'path', 'methodSources', 'constructors', 'setters', 'fieldDeclarations', 'imports', 'testTemplate', 'conditionCount', 'callCount', 'covered', 'test_package', 'test_class_name', 'iteration', 'java_source', 'last_run_output', 'last_exit_code', 'success', 'approved', 'test_rel_path', 'trace', 'target_method_covered', 'coverage_total_lines', 'coverage_error', 'path_coverage_details', 'iteration_log', 'last_prompt']
[DEBUG] approved (after bool()) = False

=== FAILURE REASON ===
Tests failed to compile or run successfully


================================================================================
PROCESSING TEST CASE 203/223
================================================================================
Entry Point: org.apache.flink.api.java.typeutils.runtime.kryo.KryoSerializer.getKryo()
Third Party Method: com.esotericsoftware.minlog.Log.TRACE()
================================================================================

[DEBUG-STREAM] Processing node: generate, has iteration_log: True, approved=False
[Generate] produced 1634 chars
/part/01/Tmp/gamageyo/fika/experiments/flink/flink-core
[DEBUG-STREAM] Processing node: write, has iteration_log: True, approved=False
[Write] wrote to /part/01/Tmp/gamageyo/fika/experiments/flink/flink-core/src/test/java/org/apache/flink/api/java/typeutils/runtime/kryo/KryoSerializerconfigureKryoLogging_LogTRACEFikaTest7.java
[DEBUG-STREAM] Processing node: validate_constraints, has iteration_log: True, approved=False
[Validate] PASSED - hard constraints satisfied
[DEBUG-STREAM] Processing node: run, has iteration_log: True, approved=False
[Run] feedback_chars=990
[DEBUG-STREAM] Processing node: check_coverage, has iteration_log: True, approved=False
[Coverage] target 'com.esotericsoftware.minlog.Log.TRACE()' covered=False
[DEBUG-STREAM] Processing node: decide, has iteration_log: True, approved=False
[Decide] approved=False (tests failed, will retry if iteration<5)
[DEBUG-STREAM] Processing node: generate, has iteration_log: True, approved=False
[Generate] produced 5015 chars
/part/01/Tmp/gamageyo/fika/experiments/flink/flink-core
[DEBUG-STREAM] Processing node: write, has iteration_log: True, approved=False
[Write] wrote to /part/01/Tmp/gamageyo/fika/experiments/flink/flink-core/src/test/java/org/apache/flink/api/java/typeutils/runtime/kryo/KryoSerializerconfigureKryoLogging_LogTRACEFikaTest7.java
[DEBUG-STREAM] Processing node: validate_constraints, has iteration_log: True, approved=False
[Validate] FAILED - hard constraints violated
[DEBUG-STREAM] Processing node: decide, has iteration_log: True, approved=False
[Decide] approved=False (hard constraint violation, will retry if iteration<5)
[DEBUG-STREAM] Processing node: generate, has iteration_log: True, approved=False
[Generate] produced 1885 chars
/part/01/Tmp/gamageyo/fika/experiments/flink/flink-core
[DEBUG-STREAM] Processing node: write, has iteration_log: True, approved=False
[Write] wrote to /part/01/Tmp/gamageyo/fika/experiments/flink/flink-core/src/test/java/org/apache/flink/api/java/typeutils/runtime/kryo/KryoSerializerconfigureKryoLogging_LogTRACEFikaTest7.java
[DEBUG-STREAM] Processing node: validate_constraints, has iteration_log: True, approved=False
[Validate] FAILED - hard constraints violated
[DEBUG-STREAM] Processing node: decide, has iteration_log: True, approved=False
[Decide] approved=False (hard constraint violation, will retry if iteration<5)
[DEBUG-STREAM] Processing node: generate, has iteration_log: True, approved=False
[Generate] produced 1385 chars
/part/01/Tmp/gamageyo/fika/experiments/flink/flink-core
[DEBUG-STREAM] Processing node: write, has iteration_log: True, approved=False
[Write] wrote to /part/01/Tmp/gamageyo/fika/experiments/flink/flink-core/src/test/java/org/apache/flink/api/java/typeutils/runtime/kryo/KryoSerializerconfigureKryoLogging_LogTRACEFikaTest7.java
[DEBUG-STREAM] Processing node: validate_constraints, has iteration_log: True, approved=False
[Validate] PASSED - hard constraints satisfied
[DEBUG-STREAM] Processing node: run, has iteration_log: True, approved=False
[Run] feedback_chars=1013
[DEBUG-STREAM] Processing node: check_coverage, has iteration_log: True, approved=False
[Coverage] target 'com.esotericsoftware.minlog.Log.TRACE()' covered=False
[DEBUG-STREAM] Processing node: decide, has iteration_log: True, approved=False
[Decide] approved=False (tests failed, will retry if iteration<5)
[DEBUG-STREAM] Processing node: generate, has iteration_log: True, approved=False
[Generate] produced 1962 chars
/part/01/Tmp/gamageyo/fika/experiments/flink/flink-core
[DEBUG-STREAM] Processing node: write, has iteration_log: True, approved=False
[Write] wrote to /part/01/Tmp/gamageyo/fika/experiments/flink/flink-core/src/test/java/org/apache/flink/api/java/typeutils/runtime/kryo/KryoSerializerconfigureKryoLogging_LogTRACEFikaTest7.java
[DEBUG-STREAM] Processing node: validate_constraints, has iteration_log: True, approved=False
[Validate] PASSED - hard constraints satisfied
[DEBUG-STREAM] Processing node: run, has iteration_log: True, approved=False
[Run] feedback_chars=515
[DEBUG-STREAM] Processing node: check_coverage, has iteration_log: True, approved=False
[Coverage] target 'com.esotericsoftware.minlog.Log.TRACE()' covered=False
[DEBUG-STREAM] Processing node: decide, has iteration_log: True, approved=False
[Decide] approved=False (tests failed, will retry if iteration<5)
[DEBUG-STREAM] Processing node: finalize, has iteration_log: True, approved=False
[Finalize] Cleaned up unsuccessful test file: /part/01/Tmp/gamageyo/fika/experiments/flink/flink-core/src/test/java/org/apache/flink/api/java/typeutils/runtime/kryo/KryoSerializerconfigureKryoLogging_LogTRACEFikaTest7.java

[DEBUG] Stream completed. final_state is set
[DEBUG] final_state keys: ['repo_root', 'mvn_cmd', 'max_iterations', 'run_only_generated_test', 'entryPoint', 'thirdPartyMethod', 'directCaller', 'path', 'methodSources', 'constructors', 'setters', 'fieldDeclarations', 'imports', 'testTemplate', 'conditionCount', 'callCount', 'covered', 'test_package', 'test_class_name', 'iteration', 'java_source', 'last_run_output', 'last_exit_code', 'success', 'approved', 'test_rel_path', 'trace', 'target_method_covered', 'coverage_total_lines', 'coverage_error', 'path_coverage_details', 'iteration_log', 'last_prompt']
[DEBUG] approved (after bool()) = False

=== FAILURE REASON ===
Tests failed to compile or run successfully


================================================================================
PROCESSING TEST CASE 204/223
================================================================================
Entry Point: org.apache.flink.api.java.typeutils.runtime.kryo.KryoSerializer.getKryo()
Third Party Method: com.esotericsoftware.minlog.Log.setLogger(com.esotericsoftware.minlog.Log.Logger)
================================================================================

⊙ Skipping test case 204: Already marked as covered in JSON file
  (Third Party Method: com.esotericsoftware.minlog.Log.setLogger(com.esotericsoftware.minlog.Log.Logger))
  (Direct Caller: org.apache.flink.api.java.typeutils.runtime.kryo.KryoSerializer.configureKryoLogging())

================================================================================
PROCESSING TEST CASE 205/223
================================================================================
Entry Point: org.apache.flink.api.java.typeutils.runtime.kryo.KryoSerializer.serialize(java.lang.Object, org.apache.flink.core.memory.DataOutputView)
Third Party Method: com.esotericsoftware.minlog.Log.Logger.<init>()
================================================================================

[DEBUG-STREAM] Processing node: generate, has iteration_log: True, approved=False
[Generate] produced 1799 chars
/part/01/Tmp/gamageyo/fika/experiments/flink/flink-core
[DEBUG-STREAM] Processing node: write, has iteration_log: True, approved=False
[Write] wrote to /part/01/Tmp/gamageyo/fika/experiments/flink/flink-core/src/test/java/org/apache/flink/api/java/typeutils/runtime/kryo/KryoSerializer_MinlogForwardermethod_LoggermethodFikaTest6.java
[DEBUG-STREAM] Processing node: validate_constraints, has iteration_log: True, approved=False
[Validate] PASSED - hard constraints satisfied
[DEBUG-STREAM] Processing node: run, has iteration_log: True, approved=False
[Run] feedback_chars=891
[DEBUG-STREAM] Processing node: check_coverage, has iteration_log: True, approved=False
[Coverage] target 'com.esotericsoftware.minlog.Log.Logger.<init>()' covered=False
[DEBUG-STREAM] Processing node: decide, has iteration_log: True, approved=False
[Decide] approved=False (tests failed, will retry if iteration<5)
[DEBUG-STREAM] Processing node: generate, has iteration_log: True, approved=False
[Generate] produced 2080 chars
/part/01/Tmp/gamageyo/fika/experiments/flink/flink-core
[DEBUG-STREAM] Processing node: write, has iteration_log: True, approved=False
[Write] wrote to /part/01/Tmp/gamageyo/fika/experiments/flink/flink-core/src/test/java/org/apache/flink/api/java/typeutils/runtime/kryo/KryoSerializer_MinlogForwardermethod_LoggermethodFikaTest6.java
[DEBUG-STREAM] Processing node: validate_constraints, has iteration_log: True, approved=False
[Validate] PASSED - hard constraints satisfied
[DEBUG-STREAM] Processing node: run, has iteration_log: True, approved=False
[Run] feedback_chars=2109
[DEBUG-STREAM] Processing node: check_coverage, has iteration_log: True, approved=False
[Coverage] target 'com.esotericsoftware.minlog.Log.Logger.<init>()' covered=False
[DEBUG-STREAM] Processing node: decide, has iteration_log: True, approved=False
[Decide] approved=False (tests failed, will retry if iteration<5)
[DEBUG-STREAM] Processing node: generate, has iteration_log: True, approved=False
[Generate] produced 2910 chars
/part/01/Tmp/gamageyo/fika/experiments/flink/flink-core
[DEBUG-STREAM] Processing node: write, has iteration_log: True, approved=False
[Write] wrote to /part/01/Tmp/gamageyo/fika/experiments/flink/flink-core/src/test/java/org/apache/flink/api/java/typeutils/runtime/kryo/KryoSerializer_MinlogForwardermethod_LoggermethodFikaTest6.java
[DEBUG-STREAM] Processing node: validate_constraints, has iteration_log: True, approved=False
[Validate] PASSED - hard constraints satisfied
[DEBUG-STREAM] Processing node: run, has iteration_log: True, approved=False
[Run] feedback_chars=1267
[DEBUG-STREAM] Processing node: check_coverage, has iteration_log: True, approved=False
[Coverage] target 'com.esotericsoftware.minlog.Log.Logger.<init>()' covered=False
[DEBUG-STREAM] Processing node: decide, has iteration_log: True, approved=False
[Decide] approved=False (tests failed, will retry if iteration<5)
[DEBUG-STREAM] Processing node: generate, has iteration_log: True, approved=False
[Generate] produced 1639 chars
/part/01/Tmp/gamageyo/fika/experiments/flink/flink-core
[DEBUG-STREAM] Processing node: write, has iteration_log: True, approved=False
[Write] wrote to /part/01/Tmp/gamageyo/fika/experiments/flink/flink-core/src/test/java/org/apache/flink/api/java/typeutils/runtime/kryo/KryoSerializer_MinlogForwardermethod_LoggermethodFikaTest6.java
[DEBUG-STREAM] Processing node: validate_constraints, has iteration_log: True, approved=False
[Validate] PASSED - hard constraints satisfied
[DEBUG-STREAM] Processing node: run, has iteration_log: True, approved=False
[Run] feedback_chars=2091
[DEBUG-STREAM] Processing node: check_coverage, has iteration_log: True, approved=False
[Coverage] target 'com.esotericsoftware.minlog.Log.Logger.<init>()' covered=False
[DEBUG-STREAM] Processing node: decide, has iteration_log: True, approved=False
[Decide] approved=False (tests failed, will retry if iteration<5)
[DEBUG-STREAM] Processing node: generate, has iteration_log: True, approved=False
[Generate] produced 2344 chars
/part/01/Tmp/gamageyo/fika/experiments/flink/flink-core
[DEBUG-STREAM] Processing node: write, has iteration_log: True, approved=False
[Write] wrote to /part/01/Tmp/gamageyo/fika/experiments/flink/flink-core/src/test/java/org/apache/flink/api/java/typeutils/runtime/kryo/KryoSerializer_MinlogForwardermethod_LoggermethodFikaTest6.java
[DEBUG-STREAM] Processing node: validate_constraints, has iteration_log: True, approved=False
[Validate] PASSED - hard constraints satisfied
[DEBUG-STREAM] Processing node: run, has iteration_log: True, approved=False
[Run] feedback_chars=729
[DEBUG-STREAM] Processing node: check_coverage, has iteration_log: True, approved=False
[Coverage] target 'com.esotericsoftware.minlog.Log.Logger.<init>()' covered=False
[DEBUG-STREAM] Processing node: decide, has iteration_log: True, approved=False
[Decide] approved=False (tests failed, will retry if iteration<5)
[DEBUG-STREAM] Processing node: finalize, has iteration_log: True, approved=False
[Finalize] Cleaned up unsuccessful test file: /part/01/Tmp/gamageyo/fika/experiments/flink/flink-core/src/test/java/org/apache/flink/api/java/typeutils/runtime/kryo/KryoSerializer_MinlogForwardermethod_LoggermethodFikaTest6.java

[DEBUG] Stream completed. final_state is set
[DEBUG] final_state keys: ['repo_root', 'mvn_cmd', 'max_iterations', 'run_only_generated_test', 'entryPoint', 'thirdPartyMethod', 'directCaller', 'path', 'methodSources', 'constructors', 'setters', 'fieldDeclarations', 'imports', 'testTemplate', 'conditionCount', 'callCount', 'covered', 'test_package', 'test_class_name', 'iteration', 'java_source', 'last_run_output', 'last_exit_code', 'success', 'approved', 'test_rel_path', 'trace', 'target_method_covered', 'coverage_total_lines', 'coverage_error', 'path_coverage_details', 'iteration_log', 'last_prompt']
[DEBUG] approved (after bool()) = False

=== FAILURE REASON ===
Tests failed to compile or run successfully


================================================================================
PROCESSING TEST CASE 206/223
================================================================================
Entry Point: org.apache.flink.api.java.typeutils.runtime.kryo.KryoSerializer.createInstance()
Third Party Method: com.esotericsoftware.minlog.Log.TRACE()
================================================================================

[DEBUG-STREAM] Processing node: generate, has iteration_log: True, approved=False
[Generate] produced 1452 chars
/part/01/Tmp/gamageyo/fika/experiments/flink/flink-core
[DEBUG-STREAM] Processing node: write, has iteration_log: True, approved=False
[Write] wrote to /part/01/Tmp/gamageyo/fika/experiments/flink/flink-core/src/test/java/org/apache/flink/api/java/typeutils/runtime/kryo/KryoSerializerconfigureKryoLogging_LogTRACEFikaTest8.java
[DEBUG-STREAM] Processing node: validate_constraints, has iteration_log: True, approved=False
[Validate] PASSED - hard constraints satisfied
[DEBUG-STREAM] Processing node: run, has iteration_log: True, approved=False
[Run] feedback_chars=1013
[DEBUG-STREAM] Processing node: check_coverage, has iteration_log: True, approved=False
[Coverage] target 'com.esotericsoftware.minlog.Log.TRACE()' covered=False
[DEBUG-STREAM] Processing node: decide, has iteration_log: True, approved=False
[Decide] approved=False (tests failed, will retry if iteration<5)
[DEBUG-STREAM] Processing node: generate, has iteration_log: True, approved=False
[Generate] produced 2706 chars
/part/01/Tmp/gamageyo/fika/experiments/flink/flink-core
[DEBUG-STREAM] Processing node: write, has iteration_log: True, approved=False
[Write] wrote to /part/01/Tmp/gamageyo/fika/experiments/flink/flink-core/src/test/java/org/apache/flink/api/java/typeutils/runtime/kryo/KryoSerializerconfigureKryoLogging_LogTRACEFikaTest8.java
[DEBUG-STREAM] Processing node: validate_constraints, has iteration_log: True, approved=False
[Validate] PASSED - hard constraints satisfied
[DEBUG-STREAM] Processing node: run, has iteration_log: True, approved=False
[Run] feedback_chars=879
[DEBUG-STREAM] Processing node: check_coverage, has iteration_log: True, approved=False
[Coverage] target 'com.esotericsoftware.minlog.Log.TRACE()' covered=False
[DEBUG-STREAM] Processing node: decide, has iteration_log: True, approved=False
[Decide] approved=False (tests failed, will retry if iteration<5)
[DEBUG-STREAM] Processing node: generate, has iteration_log: True, approved=False
[Generate] produced 3204 chars
/part/01/Tmp/gamageyo/fika/experiments/flink/flink-core
[DEBUG-STREAM] Processing node: write, has iteration_log: True, approved=False
[Write] wrote to /part/01/Tmp/gamageyo/fika/experiments/flink/flink-core/src/test/java/org/apache/flink/api/java/typeutils/runtime/kryo/KryoSerializerconfigureKryoLogging_LogTRACEFikaTest8.java
[DEBUG-STREAM] Processing node: validate_constraints, has iteration_log: True, approved=False
[Validate] PASSED - hard constraints satisfied
[DEBUG-STREAM] Processing node: run, has iteration_log: True, approved=False
[Run] feedback_chars=515
[DEBUG-STREAM] Processing node: check_coverage, has iteration_log: True, approved=False
[Coverage] target 'com.esotericsoftware.minlog.Log.TRACE()' covered=False
[DEBUG-STREAM] Processing node: decide, has iteration_log: True, approved=False
[Decide] approved=False (tests failed, will retry if iteration<5)
[DEBUG-STREAM] Processing node: generate, has iteration_log: True, approved=False
[Generate] produced 2326 chars
/part/01/Tmp/gamageyo/fika/experiments/flink/flink-core
[DEBUG-STREAM] Processing node: write, has iteration_log: True, approved=False
[Write] wrote to /part/01/Tmp/gamageyo/fika/experiments/flink/flink-core/src/test/java/org/apache/flink/api/java/typeutils/runtime/kryo/KryoSerializerconfigureKryoLogging_LogTRACEFikaTest8.java
[DEBUG-STREAM] Processing node: validate_constraints, has iteration_log: True, approved=False
[Validate] PASSED - hard constraints satisfied
[DEBUG-STREAM] Processing node: run, has iteration_log: True, approved=False
[Run] feedback_chars=1252
[DEBUG-STREAM] Processing node: check_coverage, has iteration_log: True, approved=False
[Coverage] target 'com.esotericsoftware.minlog.Log.TRACE()' covered=False
[DEBUG-STREAM] Processing node: decide, has iteration_log: True, approved=False
[Decide] approved=False (tests failed, will retry if iteration<5)
[DEBUG-STREAM] Processing node: generate, has iteration_log: True, approved=False
[Generate] produced 2604 chars
/part/01/Tmp/gamageyo/fika/experiments/flink/flink-core
[DEBUG-STREAM] Processing node: write, has iteration_log: True, approved=False
[Write] wrote to /part/01/Tmp/gamageyo/fika/experiments/flink/flink-core/src/test/java/org/apache/flink/api/java/typeutils/runtime/kryo/KryoSerializerconfigureKryoLogging_LogTRACEFikaTest8.java
[DEBUG-STREAM] Processing node: validate_constraints, has iteration_log: True, approved=False
[Validate] PASSED - hard constraints satisfied
[DEBUG-STREAM] Processing node: run, has iteration_log: True, approved=False
[Run] feedback_chars=879
[DEBUG-STREAM] Processing node: check_coverage, has iteration_log: True, approved=False
[Coverage] target 'com.esotericsoftware.minlog.Log.TRACE()' covered=False
[DEBUG-STREAM] Processing node: decide, has iteration_log: True, approved=False
[Decide] approved=False (tests failed, will retry if iteration<5)
[DEBUG-STREAM] Processing node: finalize, has iteration_log: True, approved=False
[Finalize] Cleaned up unsuccessful test file: /part/01/Tmp/gamageyo/fika/experiments/flink/flink-core/src/test/java/org/apache/flink/api/java/typeutils/runtime/kryo/KryoSerializerconfigureKryoLogging_LogTRACEFikaTest8.java

[DEBUG] Stream completed. final_state is set
[DEBUG] final_state keys: ['repo_root', 'mvn_cmd', 'max_iterations', 'run_only_generated_test', 'entryPoint', 'thirdPartyMethod', 'directCaller', 'path', 'methodSources', 'constructors', 'setters', 'fieldDeclarations', 'imports', 'testTemplate', 'conditionCount', 'callCount', 'covered', 'test_package', 'test_class_name', 'iteration', 'java_source', 'last_run_output', 'last_exit_code', 'success', 'approved', 'test_rel_path', 'trace', 'target_method_covered', 'coverage_total_lines', 'coverage_error', 'path_coverage_details', 'iteration_log', 'last_prompt']
[DEBUG] approved (after bool()) = False

=== FAILURE REASON ===
Tests failed to compile or run successfully


================================================================================
PROCESSING TEST CASE 207/223
================================================================================
Entry Point: org.apache.flink.api.java.typeutils.runtime.kryo.KryoSerializer.createInstance()
Third Party Method: com.esotericsoftware.minlog.Log.setLogger(com.esotericsoftware.minlog.Log.Logger)
================================================================================

⊙ Skipping test case 207: Already marked as covered in JSON file
  (Third Party Method: com.esotericsoftware.minlog.Log.setLogger(com.esotericsoftware.minlog.Log.Logger))
  (Direct Caller: org.apache.flink.api.java.typeutils.runtime.kryo.KryoSerializer.configureKryoLogging())

================================================================================
PROCESSING TEST CASE 208/223
================================================================================
Entry Point: org.apache.flink.api.java.typeutils.runtime.kryo.KryoSerializer.getKryo()
Third Party Method: com.esotericsoftware.minlog.Log.Logger.<init>()
================================================================================

[DEBUG-STREAM] Processing node: generate, has iteration_log: True, approved=False
[Generate] produced 1629 chars
/part/01/Tmp/gamageyo/fika/experiments/flink/flink-core
[DEBUG-STREAM] Processing node: write, has iteration_log: True, approved=False
[Write] wrote to /part/01/Tmp/gamageyo/fika/experiments/flink/flink-core/src/test/java/org/apache/flink/api/java/typeutils/runtime/kryo/KryoSerializer_MinlogForwardermethod_LoggermethodFikaTest7.java
[DEBUG-STREAM] Processing node: validate_constraints, has iteration_log: True, approved=False
[Validate] PASSED - hard constraints satisfied
[DEBUG-STREAM] Processing node: run, has iteration_log: True, approved=False
[Run] feedback_chars=12195
[DEBUG-STREAM] Processing node: check_coverage, has iteration_log: True, approved=False
[Coverage] target 'com.esotericsoftware.minlog.Log.Logger.<init>()' covered=False
[DEBUG-STREAM] Processing node: decide, has iteration_log: True, approved=False
[Decide] approved=False (tests passed but target method NOT covered, will retry if iteration<5)
[DEBUG-STREAM] Processing node: generate, has iteration_log: True, approved=False
[Generate] produced 2626 chars
/part/01/Tmp/gamageyo/fika/experiments/flink/flink-core
[DEBUG-STREAM] Processing node: write, has iteration_log: True, approved=False
[Write] wrote to /part/01/Tmp/gamageyo/fika/experiments/flink/flink-core/src/test/java/org/apache/flink/api/java/typeutils/runtime/kryo/KryoSerializer_MinlogForwardermethod_LoggermethodFikaTest7.java
[DEBUG-STREAM] Processing node: validate_constraints, has iteration_log: True, approved=False
[Validate] PASSED - hard constraints satisfied
[DEBUG-STREAM] Processing node: run, has iteration_log: True, approved=False
[Run] feedback_chars=12195
[DEBUG-STREAM] Processing node: check_coverage, has iteration_log: True, approved=False
[Coverage] target 'com.esotericsoftware.minlog.Log.Logger.<init>()' covered=False
[DEBUG-STREAM] Processing node: decide, has iteration_log: True, approved=False
[Decide] approved=False (tests passed but target method NOT covered, will retry if iteration<5)
[DEBUG-STREAM] Processing node: generate, has iteration_log: True, approved=False
[Generate] produced 2626 chars
/part/01/Tmp/gamageyo/fika/experiments/flink/flink-core
[DEBUG-STREAM] Processing node: write, has iteration_log: True, approved=False
[Write] wrote to /part/01/Tmp/gamageyo/fika/experiments/flink/flink-core/src/test/java/org/apache/flink/api/java/typeutils/runtime/kryo/KryoSerializer_MinlogForwardermethod_LoggermethodFikaTest7.java
[DEBUG-STREAM] Processing node: validate_constraints, has iteration_log: True, approved=False
[Validate] PASSED - hard constraints satisfied
[DEBUG-STREAM] Processing node: run, has iteration_log: True, approved=False
[Run] feedback_chars=12195
[DEBUG-STREAM] Processing node: check_coverage, has iteration_log: True, approved=False
[Coverage] target 'com.esotericsoftware.minlog.Log.Logger.<init>()' covered=False
[DEBUG-STREAM] Processing node: decide, has iteration_log: True, approved=False
[Decide] approved=False (tests passed but target method NOT covered, will retry if iteration<5)
[DEBUG-STREAM] Processing node: generate, has iteration_log: True, approved=False
[Generate] produced 5795 chars
/part/01/Tmp/gamageyo/fika/experiments/flink/flink-core
[DEBUG-STREAM] Processing node: write, has iteration_log: True, approved=False
[Write] wrote to /part/01/Tmp/gamageyo/fika/experiments/flink/flink-core/src/test/java/org/apache/flink/api/java/typeutils/runtime/kryo/KryoSerializer_MinlogForwardermethod_LoggermethodFikaTest7.java
[DEBUG-STREAM] Processing node: validate_constraints, has iteration_log: True, approved=False
[Validate] FAILED - hard constraints violated
[DEBUG-STREAM] Processing node: decide, has iteration_log: True, approved=False
[Decide] approved=False (hard constraint violation, will retry if iteration<5)
[DEBUG-STREAM] Processing node: generate, has iteration_log: True, approved=False
[Generate] produced 1440 chars
/part/01/Tmp/gamageyo/fika/experiments/flink/flink-core
[DEBUG-STREAM] Processing node: write, has iteration_log: True, approved=False
[Write] wrote to /part/01/Tmp/gamageyo/fika/experiments/flink/flink-core/src/test/java/org/apache/flink/api/java/typeutils/runtime/kryo/KryoSerializer_MinlogForwardermethod_LoggermethodFikaTest7.java
[DEBUG-STREAM] Processing node: validate_constraints, has iteration_log: True, approved=False
[Validate] PASSED - hard constraints satisfied
[DEBUG-STREAM] Processing node: run, has iteration_log: True, approved=False
[Run] feedback_chars=12195
[DEBUG-STREAM] Processing node: check_coverage, has iteration_log: True, approved=False
[Coverage] target 'com.esotericsoftware.minlog.Log.Logger.<init>()' covered=False
[DEBUG-STREAM] Processing node: decide, has iteration_log: True, approved=False
[Decide] approved=False (tests passed but target method NOT covered, will retry if iteration<5)
[DEBUG-STREAM] Processing node: finalize, has iteration_log: True, approved=False
[Finalize] Cleaned up unsuccessful test file: /part/01/Tmp/gamageyo/fika/experiments/flink/flink-core/src/test/java/org/apache/flink/api/java/typeutils/runtime/kryo/KryoSerializer_MinlogForwardermethod_LoggermethodFikaTest7.java

[DEBUG] Stream completed. final_state is set
[DEBUG] final_state keys: ['repo_root', 'mvn_cmd', 'max_iterations', 'run_only_generated_test', 'entryPoint', 'thirdPartyMethod', 'directCaller', 'path', 'methodSources', 'constructors', 'setters', 'fieldDeclarations', 'imports', 'testTemplate', 'conditionCount', 'callCount', 'covered', 'test_package', 'test_class_name', 'iteration', 'java_source', 'last_run_output', 'last_exit_code', 'success', 'approved', 'test_rel_path', 'trace', 'target_method_covered', 'coverage_total_lines', 'coverage_error', 'path_coverage_details', 'iteration_log', 'last_prompt']
[DEBUG] approved (after bool()) = False

=== FAILURE REASON ===
Tests passed but target third-party method was NOT covered
   Target: com.esotericsoftware.minlog.Log.Logger.<init>()


================================================================================
PROCESSING TEST CASE 209/223
================================================================================
Entry Point: org.apache.flink.api.java.typeutils.runtime.kryo.KryoSerializer.createInstance()
Third Party Method: com.esotericsoftware.minlog.Log.Logger.<init>()
================================================================================

[DEBUG-STREAM] Processing node: generate, has iteration_log: True, approved=False
[Generate] produced 4081 chars
/part/01/Tmp/gamageyo/fika/experiments/flink/flink-core
[DEBUG-STREAM] Processing node: write, has iteration_log: True, approved=False
[Write] wrote to /part/01/Tmp/gamageyo/fika/experiments/flink/flink-core/src/test/java/org/apache/flink/api/java/typeutils/runtime/kryo/KryoSerializer_MinlogForwardermethod_LoggermethodFikaTest8.java
[DEBUG-STREAM] Processing node: validate_constraints, has iteration_log: True, approved=False
[Validate] FAILED - hard constraints violated
[DEBUG-STREAM] Processing node: decide, has iteration_log: True, approved=False
[Decide] approved=False (hard constraint violation, will retry if iteration<5)
[DEBUG-STREAM] Processing node: generate, has iteration_log: True, approved=False
[Generate] produced 1337 chars
/part/01/Tmp/gamageyo/fika/experiments/flink/flink-core
[DEBUG-STREAM] Processing node: write, has iteration_log: True, approved=False
[Write] wrote to /part/01/Tmp/gamageyo/fika/experiments/flink/flink-core/src/test/java/org/apache/flink/api/java/typeutils/runtime/kryo/KryoSerializer_MinlogForwardermethod_LoggermethodFikaTest8.java
[DEBUG-STREAM] Processing node: validate_constraints, has iteration_log: True, approved=False
[Validate] PASSED - hard constraints satisfied
[DEBUG-STREAM] Processing node: run, has iteration_log: True, approved=False
[Run] feedback_chars=12195
[DEBUG-STREAM] Processing node: check_coverage, has iteration_log: True, approved=False
[Coverage] target 'com.esotericsoftware.minlog.Log.Logger.<init>()' covered=False
[DEBUG-STREAM] Processing node: decide, has iteration_log: True, approved=False
[Decide] approved=False (tests passed but target method NOT covered, will retry if iteration<5)
[DEBUG-STREAM] Processing node: generate, has iteration_log: True, approved=False
[Generate] produced 4042 chars
/part/01/Tmp/gamageyo/fika/experiments/flink/flink-core
[DEBUG-STREAM] Processing node: write, has iteration_log: True, approved=False
[Write] wrote to /part/01/Tmp/gamageyo/fika/experiments/flink/flink-core/src/test/java/org/apache/flink/api/java/typeutils/runtime/kryo/KryoSerializer_MinlogForwardermethod_LoggermethodFikaTest8.java
[DEBUG-STREAM] Processing node: validate_constraints, has iteration_log: True, approved=False
[Validate] FAILED - hard constraints violated
[DEBUG-STREAM] Processing node: decide, has iteration_log: True, approved=False
[Decide] approved=False (hard constraint violation, will retry if iteration<5)
[DEBUG-STREAM] Processing node: generate, has iteration_log: True, approved=False
[Generate] produced 2092 chars
/part/01/Tmp/gamageyo/fika/experiments/flink/flink-core
[DEBUG-STREAM] Processing node: write, has iteration_log: True, approved=False
[Write] wrote to /part/01/Tmp/gamageyo/fika/experiments/flink/flink-core/src/test/java/org/apache/flink/api/java/typeutils/runtime/kryo/KryoSerializer_MinlogForwardermethod_LoggermethodFikaTest8.java
[DEBUG-STREAM] Processing node: validate_constraints, has iteration_log: True, approved=False
[Validate] PASSED - hard constraints satisfied
[DEBUG-STREAM] Processing node: run, has iteration_log: True, approved=False
[Run] feedback_chars=12195
[DEBUG-STREAM] Processing node: check_coverage, has iteration_log: True, approved=False
[Coverage] target 'com.esotericsoftware.minlog.Log.Logger.<init>()' covered=False
[DEBUG-STREAM] Processing node: decide, has iteration_log: True, approved=False
[Decide] approved=False (tests passed but target method NOT covered, will retry if iteration<5)
[DEBUG-STREAM] Processing node: generate, has iteration_log: True, approved=False
[Generate] produced 4717 chars
/part/01/Tmp/gamageyo/fika/experiments/flink/flink-core
[DEBUG-STREAM] Processing node: write, has iteration_log: True, approved=False
[Write] wrote to /part/01/Tmp/gamageyo/fika/experiments/flink/flink-core/src/test/java/org/apache/flink/api/java/typeutils/runtime/kryo/KryoSerializer_MinlogForwardermethod_LoggermethodFikaTest8.java
[DEBUG-STREAM] Processing node: validate_constraints, has iteration_log: True, approved=False
[Validate] PASSED - hard constraints satisfied
[DEBUG-STREAM] Processing node: run, has iteration_log: True, approved=False
[Run] feedback_chars=729
[DEBUG-STREAM] Processing node: check_coverage, has iteration_log: True, approved=False
[Coverage] target 'com.esotericsoftware.minlog.Log.Logger.<init>()' covered=False
[DEBUG-STREAM] Processing node: decide, has iteration_log: True, approved=False
[Decide] approved=False (tests failed, will retry if iteration<5)
[DEBUG-STREAM] Processing node: finalize, has iteration_log: True, approved=False
[Finalize] Cleaned up unsuccessful test file: /part/01/Tmp/gamageyo/fika/experiments/flink/flink-core/src/test/java/org/apache/flink/api/java/typeutils/runtime/kryo/KryoSerializer_MinlogForwardermethod_LoggermethodFikaTest8.java

[DEBUG] Stream completed. final_state is set
[DEBUG] final_state keys: ['repo_root', 'mvn_cmd', 'max_iterations', 'run_only_generated_test', 'entryPoint', 'thirdPartyMethod', 'directCaller', 'path', 'methodSources', 'constructors', 'setters', 'fieldDeclarations', 'imports', 'testTemplate', 'conditionCount', 'callCount', 'covered', 'test_package', 'test_class_name', 'iteration', 'java_source', 'last_run_output', 'last_exit_code', 'success', 'approved', 'test_rel_path', 'trace', 'target_method_covered', 'coverage_total_lines', 'coverage_error', 'path_coverage_details', 'iteration_log', 'last_prompt']
[DEBUG] approved (after bool()) = False

=== FAILURE REASON ===
Tests failed to compile or run successfully


================================================================================
PROCESSING TEST CASE 210/223
================================================================================
Entry Point: org.apache.flink.api.java.typeutils.runtime.kryo.KryoSerializerSnapshot.resolveSchemaCompatibility(org.apache.flink.api.common.typeutils.TypeSerializerSnapshot)
Third Party Method: com.esotericsoftware.minlog.Log.TRACE()
================================================================================

[DEBUG-STREAM] Processing node: generate, has iteration_log: True, approved=False
[Generate] produced 1937 chars
/part/01/Tmp/gamageyo/fika/experiments/flink/flink-core
[DEBUG-STREAM] Processing node: write, has iteration_log: True, approved=False
[Write] wrote to /part/01/Tmp/gamageyo/fika/experiments/flink/flink-core/src/test/java/org/apache/flink/api/java/typeutils/runtime/kryo/KryoSerializerSnapshot_KryoSerializerconfigureKryoLogging_LogTRACEFikaTest2.java
[DEBUG-STREAM] Processing node: validate_constraints, has iteration_log: True, approved=False
[Validate] PASSED - hard constraints satisfied
[DEBUG-STREAM] Processing node: run, has iteration_log: True, approved=False
[Run] feedback_chars=12195
[DEBUG-STREAM] Processing node: check_coverage, has iteration_log: True, approved=False
[Coverage] target 'com.esotericsoftware.minlog.Log.TRACE()' covered=False
[DEBUG-STREAM] Processing node: decide, has iteration_log: True, approved=False
[Decide] approved=False (tests passed but target method NOT covered, will retry if iteration<5)
[DEBUG-STREAM] Processing node: generate, has iteration_log: True, approved=False
[Generate] produced 1978 chars
/part/01/Tmp/gamageyo/fika/experiments/flink/flink-core
[DEBUG-STREAM] Processing node: write, has iteration_log: True, approved=False
[Write] wrote to /part/01/Tmp/gamageyo/fika/experiments/flink/flink-core/src/test/java/org/apache/flink/api/java/typeutils/runtime/kryo/KryoSerializerSnapshot_KryoSerializerconfigureKryoLogging_LogTRACEFikaTest2.java
[DEBUG-STREAM] Processing node: validate_constraints, has iteration_log: True, approved=False
[Validate] PASSED - hard constraints satisfied
[DEBUG-STREAM] Processing node: run, has iteration_log: True, approved=False
[Run] feedback_chars=12195
[DEBUG-STREAM] Processing node: check_coverage, has iteration_log: True, approved=False
[Coverage] target 'com.esotericsoftware.minlog.Log.TRACE()' covered=False
[DEBUG-STREAM] Processing node: decide, has iteration_log: True, approved=False
[Decide] approved=False (tests passed but target method NOT covered, will retry if iteration<5)
[DEBUG-STREAM] Processing node: generate, has iteration_log: True, approved=False
[Generate] produced 2052 chars
/part/01/Tmp/gamageyo/fika/experiments/flink/flink-core
[DEBUG-STREAM] Processing node: write, has iteration_log: True, approved=False
[Write] wrote to /part/01/Tmp/gamageyo/fika/experiments/flink/flink-core/src/test/java/org/apache/flink/api/java/typeutils/runtime/kryo/KryoSerializerSnapshot_KryoSerializerconfigureKryoLogging_LogTRACEFikaTest2.java
[DEBUG-STREAM] Processing node: validate_constraints, has iteration_log: True, approved=False
[Validate] PASSED - hard constraints satisfied
[DEBUG-STREAM] Processing node: run, has iteration_log: True, approved=False
[Run] feedback_chars=12195
[DEBUG-STREAM] Processing node: check_coverage, has iteration_log: True, approved=False
[Coverage] target 'com.esotericsoftware.minlog.Log.TRACE()' covered=False
[DEBUG-STREAM] Processing node: decide, has iteration_log: True, approved=False
[Decide] approved=False (tests passed but target method NOT covered, will retry if iteration<5)
[DEBUG-STREAM] Processing node: generate, has iteration_log: True, approved=False
[Generate] produced 1978 chars
/part/01/Tmp/gamageyo/fika/experiments/flink/flink-core
[DEBUG-STREAM] Processing node: write, has iteration_log: True, approved=False
[Write] wrote to /part/01/Tmp/gamageyo/fika/experiments/flink/flink-core/src/test/java/org/apache/flink/api/java/typeutils/runtime/kryo/KryoSerializerSnapshot_KryoSerializerconfigureKryoLogging_LogTRACEFikaTest2.java
[DEBUG-STREAM] Processing node: validate_constraints, has iteration_log: True, approved=False
[Validate] PASSED - hard constraints satisfied
[DEBUG-STREAM] Processing node: run, has iteration_log: True, approved=False
[Run] feedback_chars=12195
[DEBUG-STREAM] Processing node: check_coverage, has iteration_log: True, approved=False
[Coverage] target 'com.esotericsoftware.minlog.Log.TRACE()' covered=False
[DEBUG-STREAM] Processing node: decide, has iteration_log: True, approved=False
[Decide] approved=False (tests passed but target method NOT covered, will retry if iteration<5)
[DEBUG-STREAM] Processing node: generate, has iteration_log: True, approved=False
[Generate] produced 1978 chars
/part/01/Tmp/gamageyo/fika/experiments/flink/flink-core
[DEBUG-STREAM] Processing node: write, has iteration_log: True, approved=False
[Write] wrote to /part/01/Tmp/gamageyo/fika/experiments/flink/flink-core/src/test/java/org/apache/flink/api/java/typeutils/runtime/kryo/KryoSerializerSnapshot_KryoSerializerconfigureKryoLogging_LogTRACEFikaTest2.java
[DEBUG-STREAM] Processing node: validate_constraints, has iteration_log: True, approved=False
[Validate] PASSED - hard constraints satisfied
[DEBUG-STREAM] Processing node: run, has iteration_log: True, approved=False
[Run] feedback_chars=12195
[DEBUG-STREAM] Processing node: check_coverage, has iteration_log: True, approved=False
[Coverage] target 'com.esotericsoftware.minlog.Log.TRACE()' covered=False
[DEBUG-STREAM] Processing node: decide, has iteration_log: True, approved=False
[Decide] approved=False (tests passed but target method NOT covered, will retry if iteration<5)
[DEBUG-STREAM] Processing node: finalize, has iteration_log: True, approved=False
[Finalize] Cleaned up unsuccessful test file: /part/01/Tmp/gamageyo/fika/experiments/flink/flink-core/src/test/java/org/apache/flink/api/java/typeutils/runtime/kryo/KryoSerializerSnapshot_KryoSerializerconfigureKryoLogging_LogTRACEFikaTest2.java

[DEBUG] Stream completed. final_state is set
[DEBUG] final_state keys: ['repo_root', 'mvn_cmd', 'max_iterations', 'run_only_generated_test', 'entryPoint', 'thirdPartyMethod', 'directCaller', 'path', 'methodSources', 'constructors', 'setters', 'fieldDeclarations', 'imports', 'testTemplate', 'conditionCount', 'callCount', 'covered', 'test_package', 'test_class_name', 'iteration', 'java_source', 'last_run_output', 'last_exit_code', 'success', 'approved', 'test_rel_path', 'trace', 'target_method_covered', 'coverage_total_lines', 'coverage_error', 'path_coverage_details', 'iteration_log', 'last_prompt']
[DEBUG] approved (after bool()) = False

=== FAILURE REASON ===
Tests passed but target third-party method was NOT covered
   Target: com.esotericsoftware.minlog.Log.TRACE()


================================================================================
PROCESSING TEST CASE 211/223
================================================================================
Entry Point: org.apache.flink.api.java.typeutils.runtime.kryo.KryoSerializerSnapshot.resolveSchemaCompatibility(org.apache.flink.api.common.typeutils.TypeSerializerSnapshot)
Third Party Method: com.esotericsoftware.minlog.Log.setLogger(com.esotericsoftware.minlog.Log.Logger)
================================================================================

⊙ Skipping test case 211: Already marked as covered in JSON file
  (Third Party Method: com.esotericsoftware.minlog.Log.setLogger(com.esotericsoftware.minlog.Log.Logger))
  (Direct Caller: org.apache.flink.api.java.typeutils.runtime.kryo.KryoSerializer.configureKryoLogging())

================================================================================
PROCESSING TEST CASE 212/223
================================================================================
Entry Point: org.apache.flink.api.common.operators.CollectionExecutor.execute(org.apache.flink.api.common.Plan)
Third Party Method: org.apache.commons.lang3.ArrayUtils.addAll(boolean[], boolean[])
================================================================================

[DEBUG-STREAM] Processing node: generate, has iteration_log: True, approved=False
[Generate] produced 4993 chars
/part/01/Tmp/gamageyo/fika/experiments/flink/flink-core
[DEBUG-STREAM] Processing node: write, has iteration_log: True, approved=False
[Write] wrote to /part/01/Tmp/gamageyo/fika/experiments/flink/flink-core/src/test/java/org/apache/flink/api/common/operators/CollectionExecutor_GroupCombineOperatorBaseexecuteOnCollections_ArrayUtilsaddAllFikaTest.java
[DEBUG-STREAM] Processing node: validate_constraints, has iteration_log: True, approved=False
[Validate] FAILED - hard constraints violated
[DEBUG-STREAM] Processing node: decide, has iteration_log: True, approved=False
[Decide] approved=False (hard constraint violation, will retry if iteration<5)
[DEBUG-STREAM] Processing node: generate, has iteration_log: True, approved=False
[Generate] produced 6941 chars
/part/01/Tmp/gamageyo/fika/experiments/flink/flink-core
[DEBUG-STREAM] Processing node: write, has iteration_log: True, approved=False
[Write] wrote to /part/01/Tmp/gamageyo/fika/experiments/flink/flink-core/src/test/java/org/apache/flink/api/common/operators/CollectionExecutor_GroupCombineOperatorBaseexecuteOnCollections_ArrayUtilsaddAllFikaTest.java
[DEBUG-STREAM] Processing node: validate_constraints, has iteration_log: True, approved=False
[Validate] FAILED - hard constraints violated
[DEBUG-STREAM] Processing node: decide, has iteration_log: True, approved=False
[Decide] approved=False (hard constraint violation, will retry if iteration<5)
[DEBUG-STREAM] Processing node: generate, has iteration_log: True, approved=False
[Generate] produced 7434 chars
/part/01/Tmp/gamageyo/fika/experiments/flink/flink-core
[DEBUG-STREAM] Processing node: write, has iteration_log: True, approved=False
[Write] wrote to /part/01/Tmp/gamageyo/fika/experiments/flink/flink-core/src/test/java/org/apache/flink/api/common/operators/CollectionExecutor_GroupCombineOperatorBaseexecuteOnCollections_ArrayUtilsaddAllFikaTest.java
[DEBUG-STREAM] Processing node: validate_constraints, has iteration_log: True, approved=False
[Validate] FAILED - hard constraints violated
[DEBUG-STREAM] Processing node: decide, has iteration_log: True, approved=False
[Decide] approved=False (hard constraint violation, will retry if iteration<5)
[DEBUG-STREAM] Processing node: generate, has iteration_log: True, approved=False
[Generate] produced 4998 chars
/part/01/Tmp/gamageyo/fika/experiments/flink/flink-core
[DEBUG-STREAM] Processing node: write, has iteration_log: True, approved=False
[Write] wrote to /part/01/Tmp/gamageyo/fika/experiments/flink/flink-core/src/test/java/org/apache/flink/api/common/operators/CollectionExecutor_GroupCombineOperatorBaseexecuteOnCollections_ArrayUtilsaddAllFikaTest.java
[DEBUG-STREAM] Processing node: validate_constraints, has iteration_log: True, approved=False
[Validate] FAILED - hard constraints violated
[DEBUG-STREAM] Processing node: decide, has iteration_log: True, approved=False
[Decide] approved=False (hard constraint violation, will retry if iteration<5)
[DEBUG-STREAM] Processing node: generate, has iteration_log: True, approved=False
[Generate] produced 4403 chars
/part/01/Tmp/gamageyo/fika/experiments/flink/flink-core
[DEBUG-STREAM] Processing node: write, has iteration_log: True, approved=False
[Write] wrote to /part/01/Tmp/gamageyo/fika/experiments/flink/flink-core/src/test/java/org/apache/flink/api/common/operators/CollectionExecutor_GroupCombineOperatorBaseexecuteOnCollections_ArrayUtilsaddAllFikaTest.java
[DEBUG-STREAM] Processing node: validate_constraints, has iteration_log: True, approved=False
[Validate] FAILED - hard constraints violated
[DEBUG-STREAM] Processing node: decide, has iteration_log: True, approved=False
[Decide] approved=False (hard constraint violation, will retry if iteration<5)
[DEBUG-STREAM] Processing node: finalize, has iteration_log: True, approved=False
[Finalize] Cleaned up unsuccessful test file: /part/01/Tmp/gamageyo/fika/experiments/flink/flink-core/src/test/java/org/apache/flink/api/common/operators/CollectionExecutor_GroupCombineOperatorBaseexecuteOnCollections_ArrayUtilsaddAllFikaTest.java

[DEBUG] Stream completed. final_state is set
[DEBUG] final_state keys: ['repo_root', 'mvn_cmd', 'max_iterations', 'run_only_generated_test', 'entryPoint', 'thirdPartyMethod', 'directCaller', 'path', 'methodSources', 'constructors', 'setters', 'fieldDeclarations', 'imports', 'testTemplate', 'conditionCount', 'callCount', 'covered', 'test_package', 'test_class_name', 'iteration', 'java_source', 'last_run_output', 'last_exit_code', 'success', 'approved', 'test_rel_path', 'trace', 'target_method_covered', 'coverage_total_lines', 'coverage_error', 'path_coverage_details', 'iteration_log', 'last_prompt']
[DEBUG] approved (after bool()) = False

=== FAILURE REASON ===
Tests failed to compile or run successfully


================================================================================
PROCESSING TEST CASE 213/223
================================================================================
Entry Point: org.apache.flink.api.common.operators.CollectionExecutor.execute(org.apache.flink.api.common.Plan)
Third Party Method: org.apache.commons.lang3.ArrayUtils.addAll(int[], int[])
================================================================================

[DEBUG-STREAM] Processing node: generate, has iteration_log: True, approved=False
[Generate] produced 3902 chars
/part/01/Tmp/gamageyo/fika/experiments/flink/flink-core
[DEBUG-STREAM] Processing node: write, has iteration_log: True, approved=False
[Write] wrote to /part/01/Tmp/gamageyo/fika/experiments/flink/flink-core/src/test/java/org/apache/flink/api/common/operators/CollectionExecutor_GroupCombineOperatorBaseexecuteOnCollections_ArrayUtilsaddAllFikaTest2.java
[DEBUG-STREAM] Processing node: validate_constraints, has iteration_log: True, approved=False
[Validate] FAILED - hard constraints violated
[DEBUG-STREAM] Processing node: decide, has iteration_log: True, approved=False
[Decide] approved=False (hard constraint violation, will retry if iteration<5)
[DEBUG-STREAM] Processing node: generate, has iteration_log: True, approved=False
[Generate] produced 3661 chars
/part/01/Tmp/gamageyo/fika/experiments/flink/flink-core
[DEBUG-STREAM] Processing node: write, has iteration_log: True, approved=False
[Write] wrote to /part/01/Tmp/gamageyo/fika/experiments/flink/flink-core/src/test/java/org/apache/flink/api/common/operators/CollectionExecutor_GroupCombineOperatorBaseexecuteOnCollections_ArrayUtilsaddAllFikaTest2.java
[DEBUG-STREAM] Processing node: validate_constraints, has iteration_log: True, approved=False
[Validate] PASSED - hard constraints satisfied
[DEBUG-STREAM] Processing node: run, has iteration_log: True, approved=False
[Run] feedback_chars=1700
[DEBUG-STREAM] Processing node: check_coverage, has iteration_log: True, approved=False
[Coverage] target 'org.apache.commons.lang3.ArrayUtils.addAll(int[], int[])' covered=False
[DEBUG-STREAM] Processing node: decide, has iteration_log: True, approved=False
[Decide] approved=False (tests failed, will retry if iteration<5)
[DEBUG-STREAM] Processing node: generate, has iteration_log: True, approved=False
[Generate] produced 5308 chars
/part/01/Tmp/gamageyo/fika/experiments/flink/flink-core
[DEBUG-STREAM] Processing node: write, has iteration_log: True, approved=False
[Write] wrote to /part/01/Tmp/gamageyo/fika/experiments/flink/flink-core/src/test/java/org/apache/flink/api/common/operators/CollectionExecutor_GroupCombineOperatorBaseexecuteOnCollections_ArrayUtilsaddAllFikaTest2.java
[DEBUG-STREAM] Processing node: validate_constraints, has iteration_log: True, approved=False
[Validate] FAILED - hard constraints violated
[DEBUG-STREAM] Processing node: decide, has iteration_log: True, approved=False
[Decide] approved=False (hard constraint violation, will retry if iteration<5)
[DEBUG-STREAM] Processing node: generate, has iteration_log: True, approved=False
[Generate] produced 4684 chars
/part/01/Tmp/gamageyo/fika/experiments/flink/flink-core
[DEBUG-STREAM] Processing node: write, has iteration_log: True, approved=False
[Write] wrote to /part/01/Tmp/gamageyo/fika/experiments/flink/flink-core/src/test/java/org/apache/flink/api/common/operators/CollectionExecutor_GroupCombineOperatorBaseexecuteOnCollections_ArrayUtilsaddAllFikaTest2.java
[DEBUG-STREAM] Processing node: validate_constraints, has iteration_log: True, approved=False
[Validate] FAILED - hard constraints violated
[DEBUG-STREAM] Processing node: decide, has iteration_log: True, approved=False
[Decide] approved=False (hard constraint violation, will retry if iteration<5)
[DEBUG-STREAM] Processing node: generate, has iteration_log: True, approved=False
[Generate] produced 4587 chars
/part/01/Tmp/gamageyo/fika/experiments/flink/flink-core
[DEBUG-STREAM] Processing node: write, has iteration_log: True, approved=False
[Write] wrote to /part/01/Tmp/gamageyo/fika/experiments/flink/flink-core/src/test/java/org/apache/flink/api/common/operators/CollectionExecutor_GroupCombineOperatorBaseexecuteOnCollections_ArrayUtilsaddAllFikaTest2.java
[DEBUG-STREAM] Processing node: validate_constraints, has iteration_log: True, approved=False
[Validate] FAILED - hard constraints violated
[DEBUG-STREAM] Processing node: decide, has iteration_log: True, approved=False
[Decide] approved=False (hard constraint violation, will retry if iteration<5)
[DEBUG-STREAM] Processing node: finalize, has iteration_log: True, approved=False
[Finalize] Cleaned up unsuccessful test file: /part/01/Tmp/gamageyo/fika/experiments/flink/flink-core/src/test/java/org/apache/flink/api/common/operators/CollectionExecutor_GroupCombineOperatorBaseexecuteOnCollections_ArrayUtilsaddAllFikaTest2.java

[DEBUG] Stream completed. final_state is set
[DEBUG] final_state keys: ['repo_root', 'mvn_cmd', 'max_iterations', 'run_only_generated_test', 'entryPoint', 'thirdPartyMethod', 'directCaller', 'path', 'methodSources', 'constructors', 'setters', 'fieldDeclarations', 'imports', 'testTemplate', 'conditionCount', 'callCount', 'covered', 'test_package', 'test_class_name', 'iteration', 'java_source', 'last_run_output', 'last_exit_code', 'success', 'approved', 'test_rel_path', 'trace', 'target_method_covered', 'coverage_total_lines', 'coverage_error', 'path_coverage_details', 'iteration_log', 'last_prompt']
[DEBUG] approved (after bool()) = False

=== FAILURE REASON ===
Tests failed to compile or run successfully


================================================================================
PROCESSING TEST CASE 214/223
================================================================================
Entry Point: org.apache.flink.api.common.operators.CollectionExecutor.execute(org.apache.flink.api.common.Plan)
Third Party Method: org.apache.commons.lang3.ArrayUtils.addAll(boolean[], boolean[])
================================================================================

[DEBUG-STREAM] Processing node: generate, has iteration_log: True, approved=False
[Generate] produced 4637 chars
/part/01/Tmp/gamageyo/fika/experiments/flink/flink-core
[DEBUG-STREAM] Processing node: write, has iteration_log: True, approved=False
[Write] wrote to /part/01/Tmp/gamageyo/fika/experiments/flink/flink-core/src/test/java/org/apache/flink/api/common/operators/CollectionExecutor_GroupReduceOperatorBaseexecuteOnCollections_ArrayUtilsaddAllFikaTest.java
[DEBUG-STREAM] Processing node: validate_constraints, has iteration_log: True, approved=False
[Validate] PASSED - hard constraints satisfied
[DEBUG-STREAM] Processing node: run, has iteration_log: True, approved=False
[Run] feedback_chars=3063
[DEBUG-STREAM] Processing node: check_coverage, has iteration_log: True, approved=False
[Coverage] target 'org.apache.commons.lang3.ArrayUtils.addAll(boolean[], boolean[])' covered=False
[DEBUG-STREAM] Processing node: decide, has iteration_log: True, approved=False
[Decide] approved=False (tests failed, will retry if iteration<5)
[DEBUG-STREAM] Processing node: generate, has iteration_log: True, approved=False
[Generate] produced 5079 chars
/part/01/Tmp/gamageyo/fika/experiments/flink/flink-core
[DEBUG-STREAM] Processing node: write, has iteration_log: True, approved=False
[Write] wrote to /part/01/Tmp/gamageyo/fika/experiments/flink/flink-core/src/test/java/org/apache/flink/api/common/operators/CollectionExecutor_GroupReduceOperatorBaseexecuteOnCollections_ArrayUtilsaddAllFikaTest.java
[DEBUG-STREAM] Processing node: validate_constraints, has iteration_log: True, approved=False
[Validate] PASSED - hard constraints satisfied
[DEBUG-STREAM] Processing node: run, has iteration_log: True, approved=False
[Run] feedback_chars=1856
[DEBUG-STREAM] Processing node: check_coverage, has iteration_log: True, approved=False
[Coverage] target 'org.apache.commons.lang3.ArrayUtils.addAll(boolean[], boolean[])' covered=False
[DEBUG-STREAM] Processing node: decide, has iteration_log: True, approved=False
[Decide] approved=False (tests failed, will retry if iteration<5)
[DEBUG-STREAM] Processing node: generate, has iteration_log: True, approved=False
[Generate] produced 3645 chars
/part/01/Tmp/gamageyo/fika/experiments/flink/flink-core
[DEBUG-STREAM] Processing node: write, has iteration_log: True, approved=False
[Write] wrote to /part/01/Tmp/gamageyo/fika/experiments/flink/flink-core/src/test/java/org/apache/flink/api/common/operators/CollectionExecutor_GroupReduceOperatorBaseexecuteOnCollections_ArrayUtilsaddAllFikaTest.java
[DEBUG-STREAM] Processing node: validate_constraints, has iteration_log: True, approved=False
[Validate] FAILED - hard constraints violated
[DEBUG-STREAM] Processing node: decide, has iteration_log: True, approved=False
[Decide] approved=False (hard constraint violation, will retry if iteration<5)
[DEBUG-STREAM] Processing node: generate, has iteration_log: True, approved=False
[Generate] produced 3482 chars
/part/01/Tmp/gamageyo/fika/experiments/flink/flink-core
[DEBUG-STREAM] Processing node: write, has iteration_log: True, approved=False
[Write] wrote to /part/01/Tmp/gamageyo/fika/experiments/flink/flink-core/src/test/java/org/apache/flink/api/common/operators/CollectionExecutor_GroupReduceOperatorBaseexecuteOnCollections_ArrayUtilsaddAllFikaTest.java
[DEBUG-STREAM] Processing node: validate_constraints, has iteration_log: True, approved=False
[Validate] FAILED - hard constraints violated
[DEBUG-STREAM] Processing node: decide, has iteration_log: True, approved=False
[Decide] approved=False (hard constraint violation, will retry if iteration<5)
[DEBUG-STREAM] Processing node: generate, has iteration_log: True, approved=False
[Generate] produced 4006 chars
/part/01/Tmp/gamageyo/fika/experiments/flink/flink-core
[DEBUG-STREAM] Processing node: write, has iteration_log: True, approved=False
[Write] wrote to /part/01/Tmp/gamageyo/fika/experiments/flink/flink-core/src/test/java/org/apache/flink/api/common/operators/CollectionExecutor_GroupReduceOperatorBaseexecuteOnCollections_ArrayUtilsaddAllFikaTest.java
[DEBUG-STREAM] Processing node: validate_constraints, has iteration_log: True, approved=False
[Validate] FAILED - hard constraints violated
[DEBUG-STREAM] Processing node: decide, has iteration_log: True, approved=False
[Decide] approved=False (hard constraint violation, will retry if iteration<5)
[DEBUG-STREAM] Processing node: finalize, has iteration_log: True, approved=False
[Finalize] Cleaned up unsuccessful test file: /part/01/Tmp/gamageyo/fika/experiments/flink/flink-core/src/test/java/org/apache/flink/api/common/operators/CollectionExecutor_GroupReduceOperatorBaseexecuteOnCollections_ArrayUtilsaddAllFikaTest.java

[DEBUG] Stream completed. final_state is set
[DEBUG] final_state keys: ['repo_root', 'mvn_cmd', 'max_iterations', 'run_only_generated_test', 'entryPoint', 'thirdPartyMethod', 'directCaller', 'path', 'methodSources', 'constructors', 'setters', 'fieldDeclarations', 'imports', 'testTemplate', 'conditionCount', 'callCount', 'covered', 'test_package', 'test_class_name', 'iteration', 'java_source', 'last_run_output', 'last_exit_code', 'success', 'approved', 'test_rel_path', 'trace', 'target_method_covered', 'coverage_total_lines', 'coverage_error', 'path_coverage_details', 'iteration_log', 'last_prompt']
[DEBUG] approved (after bool()) = False

=== FAILURE REASON ===
Tests failed to compile or run successfully


================================================================================
PROCESSING TEST CASE 215/223
================================================================================
Entry Point: org.apache.flink.api.common.operators.CollectionExecutor.execute(org.apache.flink.api.common.Plan)
Third Party Method: org.apache.commons.lang3.ArrayUtils.addAll(int[], int[])
================================================================================

[DEBUG-STREAM] Processing node: generate, has iteration_log: True, approved=False
[Generate] produced 4080 chars
/part/01/Tmp/gamageyo/fika/experiments/flink/flink-core
[DEBUG-STREAM] Processing node: write, has iteration_log: True, approved=False
[Write] wrote to /part/01/Tmp/gamageyo/fika/experiments/flink/flink-core/src/test/java/org/apache/flink/api/common/operators/CollectionExecutor_GroupReduceOperatorBaseexecuteOnCollections_ArrayUtilsaddAllFikaTest2.java
[DEBUG-STREAM] Processing node: validate_constraints, has iteration_log: True, approved=False
[Validate] FAILED - hard constraints violated
[DEBUG-STREAM] Processing node: decide, has iteration_log: True, approved=False
[Decide] approved=False (hard constraint violation, will retry if iteration<5)
[DEBUG-STREAM] Processing node: generate, has iteration_log: True, approved=False
[Generate] produced 4910 chars
/part/01/Tmp/gamageyo/fika/experiments/flink/flink-core
[DEBUG-STREAM] Processing node: write, has iteration_log: True, approved=False
[Write] wrote to /part/01/Tmp/gamageyo/fika/experiments/flink/flink-core/src/test/java/org/apache/flink/api/common/operators/CollectionExecutor_GroupReduceOperatorBaseexecuteOnCollections_ArrayUtilsaddAllFikaTest2.java
[DEBUG-STREAM] Processing node: validate_constraints, has iteration_log: True, approved=False
[Validate] FAILED - hard constraints violated
[DEBUG-STREAM] Processing node: decide, has iteration_log: True, approved=False
[Decide] approved=False (hard constraint violation, will retry if iteration<5)
[DEBUG-STREAM] Processing node: generate, has iteration_log: True, approved=False
[Generate] produced 4558 chars
/part/01/Tmp/gamageyo/fika/experiments/flink/flink-core
[DEBUG-STREAM] Processing node: write, has iteration_log: True, approved=False
[Write] wrote to /part/01/Tmp/gamageyo/fika/experiments/flink/flink-core/src/test/java/org/apache/flink/api/common/operators/CollectionExecutor_GroupReduceOperatorBaseexecuteOnCollections_ArrayUtilsaddAllFikaTest2.java
[DEBUG-STREAM] Processing node: validate_constraints, has iteration_log: True, approved=False
[Validate] FAILED - hard constraints violated
[DEBUG-STREAM] Processing node: decide, has iteration_log: True, approved=False
[Decide] approved=False (hard constraint violation, will retry if iteration<5)
[DEBUG-STREAM] Processing node: generate, has iteration_log: True, approved=False
[Generate] produced 4938 chars
/part/01/Tmp/gamageyo/fika/experiments/flink/flink-core
[DEBUG-STREAM] Processing node: write, has iteration_log: True, approved=False
[Write] wrote to /part/01/Tmp/gamageyo/fika/experiments/flink/flink-core/src/test/java/org/apache/flink/api/common/operators/CollectionExecutor_GroupReduceOperatorBaseexecuteOnCollections_ArrayUtilsaddAllFikaTest2.java
[DEBUG-STREAM] Processing node: validate_constraints, has iteration_log: True, approved=False
[Validate] FAILED - hard constraints violated
[DEBUG-STREAM] Processing node: decide, has iteration_log: True, approved=False
[Decide] approved=False (hard constraint violation, will retry if iteration<5)
[DEBUG-STREAM] Processing node: generate, has iteration_log: True, approved=False
[Generate] produced 5625 chars
/part/01/Tmp/gamageyo/fika/experiments/flink/flink-core
[DEBUG-STREAM] Processing node: write, has iteration_log: True, approved=False
[Write] wrote to /part/01/Tmp/gamageyo/fika/experiments/flink/flink-core/src/test/java/org/apache/flink/api/common/operators/CollectionExecutor_GroupReduceOperatorBaseexecuteOnCollections_ArrayUtilsaddAllFikaTest2.java
[DEBUG-STREAM] Processing node: validate_constraints, has iteration_log: True, approved=False
[Validate] FAILED - hard constraints violated
[DEBUG-STREAM] Processing node: decide, has iteration_log: True, approved=False
[Decide] approved=False (hard constraint violation, will retry if iteration<5)
[DEBUG-STREAM] Processing node: finalize, has iteration_log: True, approved=False
[Finalize] Cleaned up unsuccessful test file: /part/01/Tmp/gamageyo/fika/experiments/flink/flink-core/src/test/java/org/apache/flink/api/common/operators/CollectionExecutor_GroupReduceOperatorBaseexecuteOnCollections_ArrayUtilsaddAllFikaTest2.java

[DEBUG] Stream completed. final_state is set
[DEBUG] final_state keys: ['repo_root', 'mvn_cmd', 'max_iterations', 'run_only_generated_test', 'entryPoint', 'thirdPartyMethod', 'directCaller', 'path', 'methodSources', 'constructors', 'setters', 'fieldDeclarations', 'imports', 'testTemplate', 'conditionCount', 'callCount', 'covered', 'test_package', 'test_class_name', 'iteration', 'java_source', 'last_run_output', 'last_exit_code', 'success', 'approved', 'test_rel_path', 'trace', 'target_method_covered', 'coverage_total_lines', 'coverage_error', 'path_coverage_details', 'iteration_log', 'last_prompt']
[DEBUG] approved (after bool()) = False

=== FAILURE REASON ===
Tests failed to compile or run successfully


================================================================================
PROCESSING TEST CASE 216/223
================================================================================
Entry Point: org.apache.flink.api.java.typeutils.runtime.kryo.KryoSerializerSnapshot.resolveSchemaCompatibility(org.apache.flink.api.common.typeutils.TypeSerializerSnapshot)
Third Party Method: com.esotericsoftware.minlog.Log.Logger.<init>()
================================================================================

[DEBUG-STREAM] Processing node: generate, has iteration_log: True, approved=False
[Generate] produced 4537 chars
/part/01/Tmp/gamageyo/fika/experiments/flink/flink-core
[DEBUG-STREAM] Processing node: write, has iteration_log: True, approved=False
[Write] wrote to /part/01/Tmp/gamageyo/fika/experiments/flink/flink-core/src/test/java/org/apache/flink/api/java/typeutils/runtime/kryo/KryoSerializerSnapshot_MinlogForwardermethod_LoggermethodFikaTest2.java
[DEBUG-STREAM] Processing node: validate_constraints, has iteration_log: True, approved=False
[Validate] PASSED - hard constraints satisfied
[DEBUG-STREAM] Processing node: run, has iteration_log: True, approved=False
[Run] feedback_chars=1152
[DEBUG-STREAM] Processing node: check_coverage, has iteration_log: True, approved=False
[Coverage] target 'com.esotericsoftware.minlog.Log.Logger.<init>()' covered=False
[DEBUG-STREAM] Processing node: decide, has iteration_log: True, approved=False
[Decide] approved=False (tests failed, will retry if iteration<5)
[DEBUG-STREAM] Processing node: generate, has iteration_log: True, approved=False
[Generate] produced 6576 chars
/part/01/Tmp/gamageyo/fika/experiments/flink/flink-core
[DEBUG-STREAM] Processing node: write, has iteration_log: True, approved=False
[Write] wrote to /part/01/Tmp/gamageyo/fika/experiments/flink/flink-core/src/test/java/org/apache/flink/api/java/typeutils/runtime/kryo/KryoSerializerSnapshot_MinlogForwardermethod_LoggermethodFikaTest2.java
[DEBUG-STREAM] Processing node: validate_constraints, has iteration_log: True, approved=False
[Validate] FAILED - hard constraints violated
[DEBUG-STREAM] Processing node: decide, has iteration_log: True, approved=False
[Decide] approved=False (hard constraint violation, will retry if iteration<5)
[DEBUG-STREAM] Processing node: generate, has iteration_log: True, approved=False
[Generate] produced 3375 chars
/part/01/Tmp/gamageyo/fika/experiments/flink/flink-core
[DEBUG-STREAM] Processing node: write, has iteration_log: True, approved=False
[Write] wrote to /part/01/Tmp/gamageyo/fika/experiments/flink/flink-core/src/test/java/org/apache/flink/api/java/typeutils/runtime/kryo/KryoSerializerSnapshot_MinlogForwardermethod_LoggermethodFikaTest2.java
[DEBUG-STREAM] Processing node: validate_constraints, has iteration_log: True, approved=False
[Validate] PASSED - hard constraints satisfied
[DEBUG-STREAM] Processing node: run, has iteration_log: True, approved=False
[Run] feedback_chars=1228
[DEBUG-STREAM] Processing node: check_coverage, has iteration_log: True, approved=False
[Coverage] target 'com.esotericsoftware.minlog.Log.Logger.<init>()' covered=False
[DEBUG-STREAM] Processing node: decide, has iteration_log: True, approved=False
[Decide] approved=False (tests failed, will retry if iteration<5)
[DEBUG-STREAM] Processing node: generate, has iteration_log: True, approved=False
[Generate] produced 4851 chars
/part/01/Tmp/gamageyo/fika/experiments/flink/flink-core
[DEBUG-STREAM] Processing node: write, has iteration_log: True, approved=False
[Write] wrote to /part/01/Tmp/gamageyo/fika/experiments/flink/flink-core/src/test/java/org/apache/flink/api/java/typeutils/runtime/kryo/KryoSerializerSnapshot_MinlogForwardermethod_LoggermethodFikaTest2.java
[DEBUG-STREAM] Processing node: validate_constraints, has iteration_log: True, approved=False
[Validate] PASSED - hard constraints satisfied
[DEBUG-STREAM] Processing node: run, has iteration_log: True, approved=False
[Run] feedback_chars=2405
[DEBUG-STREAM] Processing node: check_coverage, has iteration_log: True, approved=False
[Coverage] target 'com.esotericsoftware.minlog.Log.Logger.<init>()' covered=False
[DEBUG-STREAM] Processing node: decide, has iteration_log: True, approved=False
[Decide] approved=False (tests failed, will retry if iteration<5)
[DEBUG-STREAM] Processing node: generate, has iteration_log: True, approved=False
[Generate] produced 3977 chars
/part/01/Tmp/gamageyo/fika/experiments/flink/flink-core
[DEBUG-STREAM] Processing node: write, has iteration_log: True, approved=False
[Write] wrote to /part/01/Tmp/gamageyo/fika/experiments/flink/flink-core/src/test/java/org/apache/flink/api/java/typeutils/runtime/kryo/KryoSerializerSnapshot_MinlogForwardermethod_LoggermethodFikaTest2.java
[DEBUG-STREAM] Processing node: validate_constraints, has iteration_log: True, approved=False
[Validate] PASSED - hard constraints satisfied
[DEBUG-STREAM] Processing node: run, has iteration_log: True, approved=False
[Run] feedback_chars=2141
[DEBUG-STREAM] Processing node: check_coverage, has iteration_log: True, approved=False
[Coverage] target 'com.esotericsoftware.minlog.Log.Logger.<init>()' covered=False
[DEBUG-STREAM] Processing node: decide, has iteration_log: True, approved=False
[Decide] approved=False (tests failed, will retry if iteration<5)
[DEBUG-STREAM] Processing node: finalize, has iteration_log: True, approved=False
[Finalize] Cleaned up unsuccessful test file: /part/01/Tmp/gamageyo/fika/experiments/flink/flink-core/src/test/java/org/apache/flink/api/java/typeutils/runtime/kryo/KryoSerializerSnapshot_MinlogForwardermethod_LoggermethodFikaTest2.java

[DEBUG] Stream completed. final_state is set
[DEBUG] final_state keys: ['repo_root', 'mvn_cmd', 'max_iterations', 'run_only_generated_test', 'entryPoint', 'thirdPartyMethod', 'directCaller', 'path', 'methodSources', 'constructors', 'setters', 'fieldDeclarations', 'imports', 'testTemplate', 'conditionCount', 'callCount', 'covered', 'test_package', 'test_class_name', 'iteration', 'java_source', 'last_run_output', 'last_exit_code', 'success', 'approved', 'test_rel_path', 'trace', 'target_method_covered', 'coverage_total_lines', 'coverage_error', 'path_coverage_details', 'iteration_log', 'last_prompt']
[DEBUG] approved (after bool()) = False

=== FAILURE REASON ===
Tests failed to compile or run successfully


================================================================================
PROCESSING TEST CASE 217/223
================================================================================
Entry Point: org.apache.flink.api.common.operators.CollectionExecutor.execute(org.apache.flink.api.common.Plan)
Third Party Method: org.apache.commons.collections.ResettableIterator.reset()
================================================================================

[DEBUG-STREAM] Processing node: generate, has iteration_log: True, approved=False
[Generate] produced 8805 chars
/part/01/Tmp/gamageyo/fika/experiments/flink/flink-core
[DEBUG-STREAM] Processing node: write, has iteration_log: True, approved=False
[Write] wrote to /part/01/Tmp/gamageyo/fika/experiments/flink/flink-core/src/test/java/org/apache/flink/api/common/operators/CollectionExecutor_OuterJoinListIteratornext_ResettableIteratorresetFikaTest.java
[DEBUG-STREAM] Processing node: validate_constraints, has iteration_log: True, approved=False
[Validate] FAILED - hard constraints violated
[DEBUG-STREAM] Processing node: decide, has iteration_log: True, approved=False
[Decide] approved=False (hard constraint violation, will retry if iteration<5)
[DEBUG-STREAM] Processing node: generate, has iteration_log: True, approved=False
[Generate] produced 7901 chars
/part/01/Tmp/gamageyo/fika/experiments/flink/flink-core
[DEBUG-STREAM] Processing node: write, has iteration_log: True, approved=False
[Write] wrote to /part/01/Tmp/gamageyo/fika/experiments/flink/flink-core/src/test/java/org/apache/flink/api/common/operators/CollectionExecutor_OuterJoinListIteratornext_ResettableIteratorresetFikaTest.java
[DEBUG-STREAM] Processing node: validate_constraints, has iteration_log: True, approved=False
[Validate] FAILED - hard constraints violated
[DEBUG-STREAM] Processing node: decide, has iteration_log: True, approved=False
[Decide] approved=False (hard constraint violation, will retry if iteration<5)
[DEBUG-STREAM] Processing node: generate, has iteration_log: True, approved=False
[Generate] produced 8312 chars
/part/01/Tmp/gamageyo/fika/experiments/flink/flink-core
[DEBUG-STREAM] Processing node: write, has iteration_log: True, approved=False
[Write] wrote to /part/01/Tmp/gamageyo/fika/experiments/flink/flink-core/src/test/java/org/apache/flink/api/common/operators/CollectionExecutor_OuterJoinListIteratornext_ResettableIteratorresetFikaTest.java
[DEBUG-STREAM] Processing node: validate_constraints, has iteration_log: True, approved=False
[Validate] FAILED - hard constraints violated
[DEBUG-STREAM] Processing node: decide, has iteration_log: True, approved=False
[Decide] approved=False (hard constraint violation, will retry if iteration<5)
[DEBUG-STREAM] Processing node: generate, has iteration_log: True, approved=False
[Generate] produced 12648 chars
/part/01/Tmp/gamageyo/fika/experiments/flink/flink-core
[DEBUG-STREAM] Processing node: write, has iteration_log: True, approved=False
[Write] wrote to /part/01/Tmp/gamageyo/fika/experiments/flink/flink-core/src/test/java/org/apache/flink/api/common/operators/CollectionExecutor_OuterJoinListIteratornext_ResettableIteratorresetFikaTest.java
[DEBUG-STREAM] Processing node: validate_constraints, has iteration_log: True, approved=False
[Validate] FAILED - hard constraints violated
[DEBUG-STREAM] Processing node: decide, has iteration_log: True, approved=False
[Decide] approved=False (hard constraint violation, will retry if iteration<5)
[DEBUG-STREAM] Processing node: generate, has iteration_log: True, approved=False
[Generate] produced 9325 chars
/part/01/Tmp/gamageyo/fika/experiments/flink/flink-core
[DEBUG-STREAM] Processing node: write, has iteration_log: True, approved=False
[Write] wrote to /part/01/Tmp/gamageyo/fika/experiments/flink/flink-core/src/test/java/org/apache/flink/api/common/operators/CollectionExecutor_OuterJoinListIteratornext_ResettableIteratorresetFikaTest.java
[DEBUG-STREAM] Processing node: validate_constraints, has iteration_log: True, approved=False
[Validate] FAILED - hard constraints violated
[DEBUG-STREAM] Processing node: decide, has iteration_log: True, approved=False
[Decide] approved=False (hard constraint violation, will retry if iteration<5)
[DEBUG-STREAM] Processing node: finalize, has iteration_log: True, approved=False
[Finalize] Cleaned up unsuccessful test file: /part/01/Tmp/gamageyo/fika/experiments/flink/flink-core/src/test/java/org/apache/flink/api/common/operators/CollectionExecutor_OuterJoinListIteratornext_ResettableIteratorresetFikaTest.java

[DEBUG] Stream completed. final_state is set
[DEBUG] final_state keys: ['repo_root', 'mvn_cmd', 'max_iterations', 'run_only_generated_test', 'entryPoint', 'thirdPartyMethod', 'directCaller', 'path', 'methodSources', 'constructors', 'setters', 'fieldDeclarations', 'imports', 'testTemplate', 'conditionCount', 'callCount', 'covered', 'test_package', 'test_class_name', 'iteration', 'java_source', 'last_run_output', 'last_exit_code', 'success', 'approved', 'test_rel_path', 'trace', 'target_method_covered', 'coverage_total_lines', 'coverage_error', 'path_coverage_details', 'iteration_log', 'last_prompt']
[DEBUG] approved (after bool()) = False

=== FAILURE REASON ===
Tests failed to compile or run successfully


================================================================================
PROCESSING TEST CASE 218/223
================================================================================
Entry Point: org.apache.flink.api.common.operators.CollectionExecutor.execute(org.apache.flink.api.common.Plan)
Third Party Method: org.apache.commons.collections.iterators.ListIteratorWrapper.<init>(java.util.Iterator)
================================================================================

[DEBUG-STREAM] Processing node: generate, has iteration_log: True, approved=False
[Generate] produced 5160 chars
/part/01/Tmp/gamageyo/fika/experiments/flink/flink-core
[DEBUG-STREAM] Processing node: write, has iteration_log: True, approved=False
[Write] wrote to /part/01/Tmp/gamageyo/fika/experiments/flink/flink-core/src/test/java/org/apache/flink/api/common/operators/CollectionExecutor_OuterJoinListIteratornext_ListIteratorWrappermethodFikaTest.java
[DEBUG-STREAM] Processing node: validate_constraints, has iteration_log: True, approved=False
[Validate] PASSED - hard constraints satisfied
[DEBUG-STREAM] Processing node: run, has iteration_log: True, approved=False
[Run] feedback_chars=1493
[DEBUG-STREAM] Processing node: check_coverage, has iteration_log: True, approved=False
[Coverage] target 'org.apache.commons.collections.iterators.ListIteratorWrapper.<init>(java.util.Iterator)' covered=False
[DEBUG-STREAM] Processing node: decide, has iteration_log: True, approved=False
[Decide] approved=False (tests failed, will retry if iteration<5)
[DEBUG-STREAM] Processing node: generate, has iteration_log: True, approved=False
[Generate] produced 6176 chars
/part/01/Tmp/gamageyo/fika/experiments/flink/flink-core
[DEBUG-STREAM] Processing node: write, has iteration_log: True, approved=False
[Write] wrote to /part/01/Tmp/gamageyo/fika/experiments/flink/flink-core/src/test/java/org/apache/flink/api/common/operators/CollectionExecutor_OuterJoinListIteratornext_ListIteratorWrappermethodFikaTest.java
[DEBUG-STREAM] Processing node: validate_constraints, has iteration_log: True, approved=False
[Validate] PASSED - hard constraints satisfied
[DEBUG-STREAM] Processing node: run, has iteration_log: True, approved=False
[Run] feedback_chars=3721
[DEBUG-STREAM] Processing node: check_coverage, has iteration_log: True, approved=False
[Coverage] target 'org.apache.commons.collections.iterators.ListIteratorWrapper.<init>(java.util.Iterator)' covered=False
[DEBUG-STREAM] Processing node: decide, has iteration_log: True, approved=False
[Decide] approved=False (tests failed, will retry if iteration<5)
[DEBUG-STREAM] Processing node: generate, has iteration_log: True, approved=False
[Generate] produced 6916 chars
/part/01/Tmp/gamageyo/fika/experiments/flink/flink-core
[DEBUG-STREAM] Processing node: write, has iteration_log: True, approved=False
[Write] wrote to /part/01/Tmp/gamageyo/fika/experiments/flink/flink-core/src/test/java/org/apache/flink/api/common/operators/CollectionExecutor_OuterJoinListIteratornext_ListIteratorWrappermethodFikaTest.java
[DEBUG-STREAM] Processing node: validate_constraints, has iteration_log: True, approved=False
[Validate] FAILED - hard constraints violated
[DEBUG-STREAM] Processing node: decide, has iteration_log: True, approved=False
[Decide] approved=False (hard constraint violation, will retry if iteration<5)
[DEBUG-STREAM] Processing node: generate, has iteration_log: True, approved=False
[Generate] produced 5896 chars
/part/01/Tmp/gamageyo/fika/experiments/flink/flink-core
[DEBUG-STREAM] Processing node: write, has iteration_log: True, approved=False
[Write] wrote to /part/01/Tmp/gamageyo/fika/experiments/flink/flink-core/src/test/java/org/apache/flink/api/common/operators/CollectionExecutor_OuterJoinListIteratornext_ListIteratorWrappermethodFikaTest.java
[DEBUG-STREAM] Processing node: validate_constraints, has iteration_log: True, approved=False
[Validate] FAILED - hard constraints violated
[DEBUG-STREAM] Processing node: decide, has iteration_log: True, approved=False
[Decide] approved=False (hard constraint violation, will retry if iteration<5)
[DEBUG-STREAM] Processing node: generate, has iteration_log: True, approved=False
[Generate] produced 4320 chars
/part/01/Tmp/gamageyo/fika/experiments/flink/flink-core
[DEBUG-STREAM] Processing node: write, has iteration_log: True, approved=False
[Write] wrote to /part/01/Tmp/gamageyo/fika/experiments/flink/flink-core/src/test/java/org/apache/flink/api/common/operators/CollectionExecutor_OuterJoinListIteratornext_ListIteratorWrappermethodFikaTest.java
[DEBUG-STREAM] Processing node: validate_constraints, has iteration_log: True, approved=False
[Validate] FAILED - hard constraints violated
[DEBUG-STREAM] Processing node: decide, has iteration_log: True, approved=False
[Decide] approved=False (hard constraint violation, will retry if iteration<5)
[DEBUG-STREAM] Processing node: finalize, has iteration_log: True, approved=False
[Finalize] Cleaned up unsuccessful test file: /part/01/Tmp/gamageyo/fika/experiments/flink/flink-core/src/test/java/org/apache/flink/api/common/operators/CollectionExecutor_OuterJoinListIteratornext_ListIteratorWrappermethodFikaTest.java

[DEBUG] Stream completed. final_state is set
[DEBUG] final_state keys: ['repo_root', 'mvn_cmd', 'max_iterations', 'run_only_generated_test', 'entryPoint', 'thirdPartyMethod', 'directCaller', 'path', 'methodSources', 'constructors', 'setters', 'fieldDeclarations', 'imports', 'testTemplate', 'conditionCount', 'callCount', 'covered', 'test_package', 'test_class_name', 'iteration', 'java_source', 'last_run_output', 'last_exit_code', 'success', 'approved', 'test_rel_path', 'trace', 'target_method_covered', 'coverage_total_lines', 'coverage_error', 'path_coverage_details', 'iteration_log', 'last_prompt']
[DEBUG] approved (after bool()) = False

=== FAILURE REASON ===
Tests failed to compile or run successfully


================================================================================
PROCESSING TEST CASE 219/223
================================================================================
Entry Point: org.apache.flink.api.common.operators.CollectionExecutor.execute(org.apache.flink.api.common.Plan)
Third Party Method: org.apache.commons.collections.ResettableIterator.hasNext()
================================================================================

[DEBUG-STREAM] Processing node: generate, has iteration_log: True, approved=False
[Generate] produced 7159 chars
/part/01/Tmp/gamageyo/fika/experiments/flink/flink-core
[DEBUG-STREAM] Processing node: write, has iteration_log: True, approved=False
[Write] wrote to /part/01/Tmp/gamageyo/fika/experiments/flink/flink-core/src/test/java/org/apache/flink/api/common/operators/CollectionExecutor_OuterJoinListIteratornext_ResettableIteratorhasNextFikaTest.java
[DEBUG-STREAM] Processing node: validate_constraints, has iteration_log: True, approved=False
[Validate] PASSED - hard constraints satisfied
[DEBUG-STREAM] Processing node: run, has iteration_log: True, approved=False
[Run] feedback_chars=4181
[DEBUG-STREAM] Processing node: check_coverage, has iteration_log: True, approved=False
[Coverage] target 'org.apache.commons.collections.ResettableIterator.hasNext()' covered=False
[DEBUG-STREAM] Processing node: decide, has iteration_log: True, approved=False
[Decide] approved=False (tests failed, will retry if iteration<5)
[DEBUG-STREAM] Processing node: generate, has iteration_log: True, approved=False
[Generate] produced 5913 chars
/part/01/Tmp/gamageyo/fika/experiments/flink/flink-core
[DEBUG-STREAM] Processing node: write, has iteration_log: True, approved=False
[Write] wrote to /part/01/Tmp/gamageyo/fika/experiments/flink/flink-core/src/test/java/org/apache/flink/api/common/operators/CollectionExecutor_OuterJoinListIteratornext_ResettableIteratorhasNextFikaTest.java
[DEBUG-STREAM] Processing node: validate_constraints, has iteration_log: True, approved=False
[Validate] FAILED - hard constraints violated
[DEBUG-STREAM] Processing node: decide, has iteration_log: True, approved=False
[Decide] approved=False (hard constraint violation, will retry if iteration<5)
[DEBUG-STREAM] Processing node: generate, has iteration_log: True, approved=False
[Generate] produced 5411 chars
/part/01/Tmp/gamageyo/fika/experiments/flink/flink-core
[DEBUG-STREAM] Processing node: write, has iteration_log: True, approved=False
[Write] wrote to /part/01/Tmp/gamageyo/fika/experiments/flink/flink-core/src/test/java/org/apache/flink/api/common/operators/CollectionExecutor_OuterJoinListIteratornext_ResettableIteratorhasNextFikaTest.java
[DEBUG-STREAM] Processing node: validate_constraints, has iteration_log: True, approved=False
[Validate] PASSED - hard constraints satisfied
[DEBUG-STREAM] Processing node: run, has iteration_log: True, approved=False
[Run] feedback_chars=2268
[DEBUG-STREAM] Processing node: check_coverage, has iteration_log: True, approved=False
[Coverage] target 'org.apache.commons.collections.ResettableIterator.hasNext()' covered=False
[DEBUG-STREAM] Processing node: decide, has iteration_log: True, approved=False
[Decide] approved=False (tests failed, will retry if iteration<5)
[DEBUG-STREAM] Processing node: generate, has iteration_log: True, approved=False
[Generate] produced 4914 chars
/part/01/Tmp/gamageyo/fika/experiments/flink/flink-core
[DEBUG-STREAM] Processing node: write, has iteration_log: True, approved=False
[Write] wrote to /part/01/Tmp/gamageyo/fika/experiments/flink/flink-core/src/test/java/org/apache/flink/api/common/operators/CollectionExecutor_OuterJoinListIteratornext_ResettableIteratorhasNextFikaTest.java
[DEBUG-STREAM] Processing node: validate_constraints, has iteration_log: True, approved=False
[Validate] FAILED - hard constraints violated
[DEBUG-STREAM] Processing node: decide, has iteration_log: True, approved=False
[Decide] approved=False (hard constraint violation, will retry if iteration<5)
[DEBUG-STREAM] Processing node: generate, has iteration_log: True, approved=False
[Generate] produced 12917 chars
/part/01/Tmp/gamageyo/fika/experiments/flink/flink-core
[DEBUG-STREAM] Processing node: write, has iteration_log: True, approved=False
[Write] wrote to /part/01/Tmp/gamageyo/fika/experiments/flink/flink-core/src/test/java/org/apache/flink/api/common/operators/CollectionExecutor_OuterJoinListIteratornext_ResettableIteratorhasNextFikaTest.java
[DEBUG-STREAM] Processing node: validate_constraints, has iteration_log: True, approved=False
[Validate] FAILED - hard constraints violated
[DEBUG-STREAM] Processing node: decide, has iteration_log: True, approved=False
[Decide] approved=False (hard constraint violation, will retry if iteration<5)
[DEBUG-STREAM] Processing node: finalize, has iteration_log: True, approved=False
[Finalize] Cleaned up unsuccessful test file: /part/01/Tmp/gamageyo/fika/experiments/flink/flink-core/src/test/java/org/apache/flink/api/common/operators/CollectionExecutor_OuterJoinListIteratornext_ResettableIteratorhasNextFikaTest.java

[DEBUG] Stream completed. final_state is set
[DEBUG] final_state keys: ['repo_root', 'mvn_cmd', 'max_iterations', 'run_only_generated_test', 'entryPoint', 'thirdPartyMethod', 'directCaller', 'path', 'methodSources', 'constructors', 'setters', 'fieldDeclarations', 'imports', 'testTemplate', 'conditionCount', 'callCount', 'covered', 'test_package', 'test_class_name', 'iteration', 'java_source', 'last_run_output', 'last_exit_code', 'success', 'approved', 'test_rel_path', 'trace', 'target_method_covered', 'coverage_total_lines', 'coverage_error', 'path_coverage_details', 'iteration_log', 'last_prompt']
[DEBUG] approved (after bool()) = False

=== FAILURE REASON ===
Tests failed to compile or run successfully


================================================================================
PROCESSING TEST CASE 220/223
================================================================================
Entry Point: org.apache.flink.api.common.operators.CollectionExecutor.execute(org.apache.flink.api.common.Plan)
Third Party Method: org.apache.commons.collections.ResettableIterator.next()
================================================================================

[DEBUG-STREAM] Processing node: generate, has iteration_log: True, approved=False
[Generate] produced 5347 chars
/part/01/Tmp/gamageyo/fika/experiments/flink/flink-core
[DEBUG-STREAM] Processing node: write, has iteration_log: True, approved=False
[Write] wrote to /part/01/Tmp/gamageyo/fika/experiments/flink/flink-core/src/test/java/org/apache/flink/api/common/operators/CollectionExecutor_OuterJoinListIteratornext_ResettableIteratornextFikaTest.java
[DEBUG-STREAM] Processing node: validate_constraints, has iteration_log: True, approved=False
[Validate] PASSED - hard constraints satisfied
[DEBUG-STREAM] Processing node: run, has iteration_log: True, approved=False
[Run] feedback_chars=2269
[DEBUG-STREAM] Processing node: check_coverage, has iteration_log: True, approved=False
[Coverage] target 'org.apache.commons.collections.ResettableIterator.next()' covered=False
[DEBUG-STREAM] Processing node: decide, has iteration_log: True, approved=False
[Decide] approved=False (tests failed, will retry if iteration<5)
[DEBUG-STREAM] Processing node: generate, has iteration_log: True, approved=False
[Generate] produced 4643 chars
/part/01/Tmp/gamageyo/fika/experiments/flink/flink-core
[DEBUG-STREAM] Processing node: write, has iteration_log: True, approved=False
[Write] wrote to /part/01/Tmp/gamageyo/fika/experiments/flink/flink-core/src/test/java/org/apache/flink/api/common/operators/CollectionExecutor_OuterJoinListIteratornext_ResettableIteratornextFikaTest.java
[DEBUG-STREAM] Processing node: validate_constraints, has iteration_log: True, approved=False
[Validate] FAILED - hard constraints violated
[DEBUG-STREAM] Processing node: decide, has iteration_log: True, approved=False
[Decide] approved=False (hard constraint violation, will retry if iteration<5)
[DEBUG-STREAM] Processing node: generate, has iteration_log: True, approved=False
[Generate] produced 12222 chars
/part/01/Tmp/gamageyo/fika/experiments/flink/flink-core
[DEBUG-STREAM] Processing node: write, has iteration_log: True, approved=False
[Write] wrote to /part/01/Tmp/gamageyo/fika/experiments/flink/flink-core/src/test/java/org/apache/flink/api/common/operators/CollectionExecutor_OuterJoinListIteratornext_ResettableIteratornextFikaTest.java
[DEBUG-STREAM] Processing node: validate_constraints, has iteration_log: True, approved=False
[Validate] FAILED - hard constraints violated
[DEBUG-STREAM] Processing node: decide, has iteration_log: True, approved=False
[Decide] approved=False (hard constraint violation, will retry if iteration<5)
[DEBUG-STREAM] Processing node: generate, has iteration_log: True, approved=False
[Generate] produced 9897 chars
/part/01/Tmp/gamageyo/fika/experiments/flink/flink-core
[DEBUG-STREAM] Processing node: write, has iteration_log: True, approved=False
[Write] wrote to /part/01/Tmp/gamageyo/fika/experiments/flink/flink-core/src/test/java/org/apache/flink/api/common/operators/CollectionExecutor_OuterJoinListIteratornext_ResettableIteratornextFikaTest.java
[DEBUG-STREAM] Processing node: validate_constraints, has iteration_log: True, approved=False
[Validate] FAILED - hard constraints violated
[DEBUG-STREAM] Processing node: decide, has iteration_log: True, approved=False
[Decide] approved=False (hard constraint violation, will retry if iteration<5)
[DEBUG-STREAM] Processing node: generate, has iteration_log: True, approved=False
[Generate] produced 11465 chars
/part/01/Tmp/gamageyo/fika/experiments/flink/flink-core
[DEBUG-STREAM] Processing node: write, has iteration_log: True, approved=False
[Write] wrote to /part/01/Tmp/gamageyo/fika/experiments/flink/flink-core/src/test/java/org/apache/flink/api/common/operators/CollectionExecutor_OuterJoinListIteratornext_ResettableIteratornextFikaTest.java
[DEBUG-STREAM] Processing node: validate_constraints, has iteration_log: True, approved=False
[Validate] FAILED - hard constraints violated
[DEBUG-STREAM] Processing node: decide, has iteration_log: True, approved=False
[Decide] approved=False (hard constraint violation, will retry if iteration<5)
[DEBUG-STREAM] Processing node: finalize, has iteration_log: True, approved=False
[Finalize] Cleaned up unsuccessful test file: /part/01/Tmp/gamageyo/fika/experiments/flink/flink-core/src/test/java/org/apache/flink/api/common/operators/CollectionExecutor_OuterJoinListIteratornext_ResettableIteratornextFikaTest.java

[DEBUG] Stream completed. final_state is set
[DEBUG] final_state keys: ['repo_root', 'mvn_cmd', 'max_iterations', 'run_only_generated_test', 'entryPoint', 'thirdPartyMethod', 'directCaller', 'path', 'methodSources', 'constructors', 'setters', 'fieldDeclarations', 'imports', 'testTemplate', 'conditionCount', 'callCount', 'covered', 'test_package', 'test_class_name', 'iteration', 'java_source', 'last_run_output', 'last_exit_code', 'success', 'approved', 'test_rel_path', 'trace', 'target_method_covered', 'coverage_total_lines', 'coverage_error', 'path_coverage_details', 'iteration_log', 'last_prompt']
[DEBUG] approved (after bool()) = False

=== FAILURE REASON ===
Tests failed to compile or run successfully


================================================================================
PROCESSING TEST CASE 221/223
================================================================================
Entry Point: org.apache.flink.api.common.operators.CollectionExecutor.execute(org.apache.flink.api.common.Plan)
Third Party Method: org.apache.commons.collections.iterators.ListIteratorWrapper.<init>(java.util.Iterator)
================================================================================

[DEBUG-STREAM] Processing node: generate, has iteration_log: True, approved=False
[Generate] produced 6662 chars
/part/01/Tmp/gamageyo/fika/experiments/flink/flink-core
[DEBUG-STREAM] Processing node: write, has iteration_log: True, approved=False
[Write] wrote to /part/01/Tmp/gamageyo/fika/experiments/flink/flink-core/src/test/java/org/apache/flink/api/common/operators/CollectionExecutor_OuterJoinListIteratornextGroups_ListIteratorWrappermethodFikaTest.java
[DEBUG-STREAM] Processing node: validate_constraints, has iteration_log: True, approved=False
[Validate] PASSED - hard constraints satisfied
[DEBUG-STREAM] Processing node: run, has iteration_log: True, approved=False
[Run] feedback_chars=661
[DEBUG-STREAM] Processing node: check_coverage, has iteration_log: True, approved=False
[Coverage] target 'org.apache.commons.collections.iterators.ListIteratorWrapper.<init>(java.util.Iterator)' covered=False
[DEBUG-STREAM] Processing node: decide, has iteration_log: True, approved=False
[Decide] approved=False (tests failed, will retry if iteration<5)
[DEBUG-STREAM] Processing node: generate, has iteration_log: True, approved=False
[Generate] produced 4278 chars
/part/01/Tmp/gamageyo/fika/experiments/flink/flink-core
[DEBUG-STREAM] Processing node: write, has iteration_log: True, approved=False
[Write] wrote to /part/01/Tmp/gamageyo/fika/experiments/flink/flink-core/src/test/java/org/apache/flink/api/common/operators/CollectionExecutor_OuterJoinListIteratornextGroups_ListIteratorWrappermethodFikaTest.java
[DEBUG-STREAM] Processing node: validate_constraints, has iteration_log: True, approved=False
[Validate] PASSED - hard constraints satisfied
[DEBUG-STREAM] Processing node: run, has iteration_log: True, approved=False
[Run] feedback_chars=2156
[DEBUG-STREAM] Processing node: check_coverage, has iteration_log: True, approved=False
[Coverage] target 'org.apache.commons.collections.iterators.ListIteratorWrapper.<init>(java.util.Iterator)' covered=False
[DEBUG-STREAM] Processing node: decide, has iteration_log: True, approved=False
[Decide] approved=False (tests failed, will retry if iteration<5)
[DEBUG-STREAM] Processing node: generate, has iteration_log: True, approved=False
[Generate] produced 4541 chars
/part/01/Tmp/gamageyo/fika/experiments/flink/flink-core
[DEBUG-STREAM] Processing node: write, has iteration_log: True, approved=False
[Write] wrote to /part/01/Tmp/gamageyo/fika/experiments/flink/flink-core/src/test/java/org/apache/flink/api/common/operators/CollectionExecutor_OuterJoinListIteratornextGroups_ListIteratorWrappermethodFikaTest.java
[DEBUG-STREAM] Processing node: validate_constraints, has iteration_log: True, approved=False
[Validate] FAILED - hard constraints violated
[DEBUG-STREAM] Processing node: decide, has iteration_log: True, approved=False
[Decide] approved=False (hard constraint violation, will retry if iteration<5)
[DEBUG-STREAM] Processing node: generate, has iteration_log: True, approved=False
[Generate] produced 5165 chars
/part/01/Tmp/gamageyo/fika/experiments/flink/flink-core
[DEBUG-STREAM] Processing node: write, has iteration_log: True, approved=False
[Write] wrote to /part/01/Tmp/gamageyo/fika/experiments/flink/flink-core/src/test/java/org/apache/flink/api/common/operators/CollectionExecutor_OuterJoinListIteratornextGroups_ListIteratorWrappermethodFikaTest.java
[DEBUG-STREAM] Processing node: validate_constraints, has iteration_log: True, approved=False
[Validate] FAILED - hard constraints violated
[DEBUG-STREAM] Processing node: decide, has iteration_log: True, approved=False
[Decide] approved=False (hard constraint violation, will retry if iteration<5)
[DEBUG-STREAM] Processing node: generate, has iteration_log: True, approved=False
[Generate] produced 4914 chars
/part/01/Tmp/gamageyo/fika/experiments/flink/flink-core
[DEBUG-STREAM] Processing node: write, has iteration_log: True, approved=False
[Write] wrote to /part/01/Tmp/gamageyo/fika/experiments/flink/flink-core/src/test/java/org/apache/flink/api/common/operators/CollectionExecutor_OuterJoinListIteratornextGroups_ListIteratorWrappermethodFikaTest.java
[DEBUG-STREAM] Processing node: validate_constraints, has iteration_log: True, approved=False
[Validate] FAILED - hard constraints violated
[DEBUG-STREAM] Processing node: decide, has iteration_log: True, approved=False
[Decide] approved=False (hard constraint violation, will retry if iteration<5)
[DEBUG-STREAM] Processing node: finalize, has iteration_log: True, approved=False
[Finalize] Cleaned up unsuccessful test file: /part/01/Tmp/gamageyo/fika/experiments/flink/flink-core/src/test/java/org/apache/flink/api/common/operators/CollectionExecutor_OuterJoinListIteratornextGroups_ListIteratorWrappermethodFikaTest.java

[DEBUG] Stream completed. final_state is set
[DEBUG] final_state keys: ['repo_root', 'mvn_cmd', 'max_iterations', 'run_only_generated_test', 'entryPoint', 'thirdPartyMethod', 'directCaller', 'path', 'methodSources', 'constructors', 'setters', 'fieldDeclarations', 'imports', 'testTemplate', 'conditionCount', 'callCount', 'covered', 'test_package', 'test_class_name', 'iteration', 'java_source', 'last_run_output', 'last_exit_code', 'success', 'approved', 'test_rel_path', 'trace', 'target_method_covered', 'coverage_total_lines', 'coverage_error', 'path_coverage_details', 'iteration_log', 'last_prompt']
[DEBUG] approved (after bool()) = False

=== FAILURE REASON ===
Tests failed to compile or run successfully


================================================================================
PROCESSING TEST CASE 222/223
================================================================================
Entry Point: org.apache.flink.api.common.operators.CollectionExecutor.execute(org.apache.flink.api.common.Plan)
Third Party Method: org.apache.commons.collections.ResettableIterator.reset()
================================================================================

[DEBUG-STREAM] Processing node: generate, has iteration_log: True, approved=False
[Generate] produced 4595 chars
/part/01/Tmp/gamageyo/fika/experiments/flink/flink-core
[DEBUG-STREAM] Processing node: write, has iteration_log: True, approved=False
[Write] wrote to /part/01/Tmp/gamageyo/fika/experiments/flink/flink-core/src/test/java/org/apache/flink/api/common/operators/CollectionExecutor_OuterJoinListIteratornextGroups_ResettableIteratorresetFikaTest.java
[DEBUG-STREAM] Processing node: validate_constraints, has iteration_log: True, approved=False
[Validate] PASSED - hard constraints satisfied
[DEBUG-STREAM] Processing node: run, has iteration_log: True, approved=False
[Run] feedback_chars=659
[DEBUG-STREAM] Processing node: check_coverage, has iteration_log: True, approved=False
[Coverage] target 'org.apache.commons.collections.ResettableIterator.reset()' covered=False
[DEBUG-STREAM] Processing node: decide, has iteration_log: True, approved=False
[Decide] approved=False (tests failed, will retry if iteration<5)
[DEBUG-STREAM] Processing node: generate, has iteration_log: True, approved=False
[Generate] produced 5726 chars
/part/01/Tmp/gamageyo/fika/experiments/flink/flink-core
[DEBUG-STREAM] Processing node: write, has iteration_log: True, approved=False
[Write] wrote to /part/01/Tmp/gamageyo/fika/experiments/flink/flink-core/src/test/java/org/apache/flink/api/common/operators/CollectionExecutor_OuterJoinListIteratornextGroups_ResettableIteratorresetFikaTest.java
[DEBUG-STREAM] Processing node: validate_constraints, has iteration_log: True, approved=False
[Validate] FAILED - hard constraints violated
[DEBUG-STREAM] Processing node: decide, has iteration_log: True, approved=False
[Decide] approved=False (hard constraint violation, will retry if iteration<5)
[DEBUG-STREAM] Processing node: generate, has iteration_log: True, approved=False
[Generate] produced 8053 chars
/part/01/Tmp/gamageyo/fika/experiments/flink/flink-core
[DEBUG-STREAM] Processing node: write, has iteration_log: True, approved=False
[Write] wrote to /part/01/Tmp/gamageyo/fika/experiments/flink/flink-core/src/test/java/org/apache/flink/api/common/operators/CollectionExecutor_OuterJoinListIteratornextGroups_ResettableIteratorresetFikaTest.java
[DEBUG-STREAM] Processing node: validate_constraints, has iteration_log: True, approved=False
[Validate] FAILED - hard constraints violated
[DEBUG-STREAM] Processing node: decide, has iteration_log: True, approved=False
[Decide] approved=False (hard constraint violation, will retry if iteration<5)
[DEBUG-STREAM] Processing node: generate, has iteration_log: True, approved=False
[Generate] produced 5518 chars
/part/01/Tmp/gamageyo/fika/experiments/flink/flink-core
[DEBUG-STREAM] Processing node: write, has iteration_log: True, approved=False
[Write] wrote to /part/01/Tmp/gamageyo/fika/experiments/flink/flink-core/src/test/java/org/apache/flink/api/common/operators/CollectionExecutor_OuterJoinListIteratornextGroups_ResettableIteratorresetFikaTest.java
[DEBUG-STREAM] Processing node: validate_constraints, has iteration_log: True, approved=False
[Validate] FAILED - hard constraints violated
[DEBUG-STREAM] Processing node: decide, has iteration_log: True, approved=False
[Decide] approved=False (hard constraint violation, will retry if iteration<5)
[DEBUG-STREAM] Processing node: generate, has iteration_log: True, approved=False
[Generate] produced 15065 chars
/part/01/Tmp/gamageyo/fika/experiments/flink/flink-core
[DEBUG-STREAM] Processing node: write, has iteration_log: True, approved=False
[Write] wrote to /part/01/Tmp/gamageyo/fika/experiments/flink/flink-core/src/test/java/org/apache/flink/api/common/operators/CollectionExecutor_OuterJoinListIteratornextGroups_ResettableIteratorresetFikaTest.java
[DEBUG-STREAM] Processing node: validate_constraints, has iteration_log: True, approved=False
[Validate] FAILED - hard constraints violated
[DEBUG-STREAM] Processing node: decide, has iteration_log: True, approved=False
[Decide] approved=False (hard constraint violation, will retry if iteration<5)
[DEBUG-STREAM] Processing node: finalize, has iteration_log: True, approved=False
[Finalize] Cleaned up unsuccessful test file: /part/01/Tmp/gamageyo/fika/experiments/flink/flink-core/src/test/java/org/apache/flink/api/common/operators/CollectionExecutor_OuterJoinListIteratornextGroups_ResettableIteratorresetFikaTest.java

[DEBUG] Stream completed. final_state is set
[DEBUG] final_state keys: ['repo_root', 'mvn_cmd', 'max_iterations', 'run_only_generated_test', 'entryPoint', 'thirdPartyMethod', 'directCaller', 'path', 'methodSources', 'constructors', 'setters', 'fieldDeclarations', 'imports', 'testTemplate', 'conditionCount', 'callCount', 'covered', 'test_package', 'test_class_name', 'iteration', 'java_source', 'last_run_output', 'last_exit_code', 'success', 'approved', 'test_rel_path', 'trace', 'target_method_covered', 'coverage_total_lines', 'coverage_error', 'path_coverage_details', 'iteration_log', 'last_prompt']
[DEBUG] approved (after bool()) = False

=== FAILURE REASON ===
Tests failed to compile or run successfully


================================================================================
PROCESSING TEST CASE 223/223
================================================================================
Entry Point: org.apache.flink.api.common.operators.CollectionExecutor.execute(org.apache.flink.api.common.Plan)
Third Party Method: org.apache.commons.collections.ResettableIterator.next()
================================================================================

[DEBUG-STREAM] Processing node: generate, has iteration_log: True, approved=False
[Generate] produced 5548 chars
/part/01/Tmp/gamageyo/fika/experiments/flink/flink-core
[DEBUG-STREAM] Processing node: write, has iteration_log: True, approved=False
[Write] wrote to /part/01/Tmp/gamageyo/fika/experiments/flink/flink-core/src/test/java/org/apache/flink/api/common/operators/CollectionExecutor_OuterJoinListIteratornextGroups_ResettableIteratornextFikaTest.java
[DEBUG-STREAM] Processing node: validate_constraints, has iteration_log: True, approved=False
[Validate] PASSED - hard constraints satisfied
[DEBUG-STREAM] Processing node: run, has iteration_log: True, approved=False
[Run] feedback_chars=658
[DEBUG-STREAM] Processing node: check_coverage, has iteration_log: True, approved=False
[Coverage] target 'org.apache.commons.collections.ResettableIterator.next()' covered=False
[DEBUG-STREAM] Processing node: decide, has iteration_log: True, approved=False
[Decide] approved=False (tests failed, will retry if iteration<5)
[DEBUG-STREAM] Processing node: generate, has iteration_log: True, approved=False
[Generate] produced 5593 chars
/part/01/Tmp/gamageyo/fika/experiments/flink/flink-core
[DEBUG-STREAM] Processing node: write, has iteration_log: True, approved=False
[Write] wrote to /part/01/Tmp/gamageyo/fika/experiments/flink/flink-core/src/test/java/org/apache/flink/api/common/operators/CollectionExecutor_OuterJoinListIteratornextGroups_ResettableIteratornextFikaTest.java
[DEBUG-STREAM] Processing node: validate_constraints, has iteration_log: True, approved=False
[Validate] FAILED - hard constraints violated
[DEBUG-STREAM] Processing node: decide, has iteration_log: True, approved=False
[Decide] approved=False (hard constraint violation, will retry if iteration<5)
[DEBUG-STREAM] Processing node: generate, has iteration_log: True, approved=False
[Generate] produced 4913 chars
/part/01/Tmp/gamageyo/fika/experiments/flink/flink-core
[DEBUG-STREAM] Processing node: write, has iteration_log: True, approved=False
[Write] wrote to /part/01/Tmp/gamageyo/fika/experiments/flink/flink-core/src/test/java/org/apache/flink/api/common/operators/CollectionExecutor_OuterJoinListIteratornextGroups_ResettableIteratornextFikaTest.java
[DEBUG-STREAM] Processing node: validate_constraints, has iteration_log: True, approved=False
[Validate] FAILED - hard constraints violated
[DEBUG-STREAM] Processing node: decide, has iteration_log: True, approved=False
[Decide] approved=False (hard constraint violation, will retry if iteration<5)
[DEBUG-STREAM] Processing node: generate, has iteration_log: True, approved=False
[Generate] produced 4881 chars
/part/01/Tmp/gamageyo/fika/experiments/flink/flink-core
[DEBUG-STREAM] Processing node: write, has iteration_log: True, approved=False
[Write] wrote to /part/01/Tmp/gamageyo/fika/experiments/flink/flink-core/src/test/java/org/apache/flink/api/common/operators/CollectionExecutor_OuterJoinListIteratornextGroups_ResettableIteratornextFikaTest.java
[DEBUG-STREAM] Processing node: validate_constraints, has iteration_log: True, approved=False
[Validate] FAILED - hard constraints violated
[DEBUG-STREAM] Processing node: decide, has iteration_log: True, approved=False
[Decide] approved=False (hard constraint violation, will retry if iteration<5)
[DEBUG-STREAM] Processing node: generate, has iteration_log: True, approved=False
[Generate] produced 6423 chars
/part/01/Tmp/gamageyo/fika/experiments/flink/flink-core
[DEBUG-STREAM] Processing node: write, has iteration_log: True, approved=False
[Write] wrote to /part/01/Tmp/gamageyo/fika/experiments/flink/flink-core/src/test/java/org/apache/flink/api/common/operators/CollectionExecutor_OuterJoinListIteratornextGroups_ResettableIteratornextFikaTest.java
[DEBUG-STREAM] Processing node: validate_constraints, has iteration_log: True, approved=False
[Validate] FAILED - hard constraints violated
[DEBUG-STREAM] Processing node: decide, has iteration_log: True, approved=False
[Decide] approved=False (hard constraint violation, will retry if iteration<5)
[DEBUG-STREAM] Processing node: finalize, has iteration_log: True, approved=False
[Finalize] Cleaned up unsuccessful test file: /part/01/Tmp/gamageyo/fika/experiments/flink/flink-core/src/test/java/org/apache/flink/api/common/operators/CollectionExecutor_OuterJoinListIteratornextGroups_ResettableIteratornextFikaTest.java

[DEBUG] Stream completed. final_state is set
[DEBUG] final_state keys: ['repo_root', 'mvn_cmd', 'max_iterations', 'run_only_generated_test', 'entryPoint', 'thirdPartyMethod', 'directCaller', 'path', 'methodSources', 'constructors', 'setters', 'fieldDeclarations', 'imports', 'testTemplate', 'conditionCount', 'callCount', 'covered', 'test_package', 'test_class_name', 'iteration', 'java_source', 'last_run_output', 'last_exit_code', 'success', 'approved', 'test_rel_path', 'trace', 'target_method_covered', 'coverage_total_lines', 'coverage_error', 'path_coverage_details', 'iteration_log', 'last_prompt']
[DEBUG] approved (after bool()) = False

=== FAILURE REASON ===
Tests failed to compile or run successfully


================================================================================
=== OVERALL SUMMARY ===
================================================================================
Total Test Cases: 223
Processed: 139
Approved: 47
Failed: 92
Success Rate: 33.8%
================================================================================

Approval Details:
  Test 1: Approved at iteration 1
  Test 5: Approved at iteration 1
  Test 7: Approved at iteration 1
  Test 9: Approved at iteration 1
  Test 10: Approved at iteration 2
  Test 12: Approved at iteration 2
  Test 13: Approved at iteration 2
  Test 14: Approved at iteration 5
  Test 15: Approved at iteration 3
  Test 16: Approved at iteration 1
  Test 19: Approved at iteration 1
  Test 20: Approved at iteration 1
  Test 22: Approved at iteration 2
  Test 23: Approved at iteration 1
  Test 24: Approved at iteration 1
  Test 25: Approved at iteration 1
  Test 26: Approved at iteration 3
  Test 28: Approved at iteration 1
  Test 32: Approved at iteration 1
  Test 38: Approved at iteration 1
  Test 42: Approved at iteration 1
  Test 44: Approved at iteration 2
  Test 45: Approved at iteration 1
  Test 46: Approved at iteration 3
  Test 47: Approved at iteration 1
  Test 48: Approved at iteration 1
  Test 49: Approved at iteration 2
  Test 50: Approved at iteration 1
  Test 51: Approved at iteration 1
  Test 53: Approved at iteration 1
  Test 54: Approved at iteration 1
  Test 58: Approved at iteration 5
  Test 63: Approved at iteration 2
  Test 71: Approved at iteration 2
  Test 83: Approved at iteration 1
  Test 99: Approved at iteration 1
  Test 101: Approved at iteration 2
  Test 102: Approved at iteration 5
  Test 105: Approved at iteration 2
  Test 118: Approved at iteration 1
  Test 121: Approved at iteration 4
  Test 127: Approved at iteration 1
  Test 148: Approved at iteration 1
  Test 163: Approved at iteration 1
  Test 170: Approved at iteration 3
  Test 171: Approved at iteration 1
  Test 172: Approved at iteration 2
================================================================================

